"ASV_ID"	"Feature"	"Region"	"Kingdom"	"Phyla"	"Class"	"Order"	"Family"	"Genus"	"Species"
"ASV_V1V2_00001"	"38a5e79587bc12146fa7ee3b35cf7912"	"V1V2"	"Bacteria"	"Firmicutes"	"Erysipelotrichia"	"Erysipelotrichales"	"Erysipelotrichaceae"	"Holdemanella"	"unknown_Spp Holdemanella gen."
"ASV_V1V2_00002"	"e715bcff90a741b22ca10bff7c7c7499"	"V1V2"	"Bacteria"	"Firmicutes"	"Clostridia"	"Clostridiales"	"Lachnospiraceae"	"Anaerostipes"	"unknown_Spp Anaerostipes gen."
"ASV_V1V2_00003"	"cb8b1703c5cf56e47d52f84266e5081c"	"V1V2"	"Bacteria"	"Firmicutes"	"Clostridia"	"Clostridiales"	"Lachnospiraceae"	"Agathobacter"	"unknown_Spp Agathobacter gen."
"ASV_V1V2_00004"	"e7cc43a093cb5ed2ca95fc1251fabf36"	"V1V2"	"Bacteria"	"Actinobacteria"	"Actinobacteria"	"Bifidobacteriales"	"Bifidobacteriaceae"	"Bifidobacterium"	"unknown_Spp Bifidobacterium gen."
"ASV_V1V2_00005"	"6cc3bf8acfbf2ddaf678ff908456aafc"	"V1V2"	"Bacteria"	"Firmicutes"	"Clostridia"	"Clostridiales"	"Lachnospiraceae"	"Coprococcus 2"	"Coprococcus eutactus"
"ASV_V1V2_00006"	"45b30385b5cb662431f3277719363e9a"	"V1V2"	"Bacteria"	"Bacteroidetes"	"Bacteroidia"	"Bacteroidales"	"Bacteroidaceae"	"Bacteroides"	"unknown_Spp Bacteroides gen."
"ASV_V1V2_00007"	"37465bd3ece54dd8fe56990d85c2f265"	"V1V2"	"Bacteria"	"Firmicutes"	"Clostridia"	"Clostridiales"	"Lachnospiraceae"	"Anaerostipes"	"unknown_Spp Anaerostipes gen."
"ASV_V1V2_00008"	"6a73a424cbcdf8f0bf1b9300fb6153b3"	"V1V2"	"Bacteria"	"Firmicutes"	"Clostridia"	"Clostridiales"	"Lachnospiraceae"	"Roseburia"	"unknown_Spp Roseburia gen."
"ASV_V1V2_00009"	"dd23fb23d9d9942af7c961da14ce4895"	"V1V2"	"Bacteria"	"Firmicutes"	"Clostridia"	"Clostridiales"	"Christensenellaceae"	"Christensenellaceae R-7 gr."	"unknown_Spp Christensenellaceae R-7 gr. gen."
"ASV_V1V2_00010"	"990f92b8aa295ed1967a8f6141d9079b"	"V1V2"	"Bacteria"	"Firmicutes"	"Clostridia"	"Clostridiales"	"Lachnospiraceae"	"Agathobacter"	"unknown_Spp Agathobacter gen."
"ASV_V1V2_00011"	"32b779de4c44dfa2bbe32aebf69a5d85"	"V1V2"	"Bacteria"	"Actinobacteria"	"Actinobacteria"	"Bifidobacteriales"	"Bifidobacteriaceae"	"Bifidobacterium"	"unknown_Spp Bifidobacterium gen."
"ASV_V1V2_00012"	"2611fce4ae02e98174b6afdcd3dea3a2"	"V1V2"	"Bacteria"	"Actinobacteria"	"Actinobacteria"	"Bifidobacteriales"	"Bifidobacteriaceae"	"Bifidobacterium"	"unknown_Spp Bifidobacterium gen."
"ASV_V1V2_00013"	"baf4a0e7ee94850b8e9f248ce1f5da9a"	"V1V2"	"Bacteria"	"Firmicutes"	"Clostridia"	"Clostridiales"	"Lachnospiraceae"	"Fusicatenibacter"	"unknown_Spp Fusicatenibacter gen."
"ASV_V1V2_00014"	"211e106ca9387537e12472444f54422d"	"V1V2"	"Bacteria"	"Firmicutes"	"Clostridia"	"Clostridiales"	"Lachnospiraceae"	"Fusicatenibacter"	"unknown_Spp Fusicatenibacter gen."
"ASV_V1V2_00015"	"3c84973588872f9c8eaeea7b4f598486"	"V1V2"	"Bacteria"	"Firmicutes"	"Clostridia"	"Clostridiales"	"Lachnospiraceae"	"Anaerostipes"	"unknown_Spp Anaerostipes gen."
"ASV_V1V2_00016"	"fdcc7e358d7ff9e513c82079b4a7fcf3"	"V1V2"	"Bacteria"	"Firmicutes"	"Negativicutes"	"Selenomonadales"	"Veillonellaceae"	"Dialister"	"unknown_Spp Dialister gen."
"ASV_V1V2_00017"	"2006f729b222b414e31c7e15658aefa0"	"V1V2"	"Bacteria"	"Firmicutes"	"Clostridia"	"Clostridiales"	"Lachnospiraceae"	"Roseburia"	"unknown_Spp Roseburia gen."
"ASV_V1V2_00018"	"3e732c3d52c14c5e03b7536a2d92e0b9"	"V1V2"	"Bacteria"	"Firmicutes"	"Clostridia"	"Clostridiales"	"Lachnospiraceae"	"Blautia"	"unknown_Spp Blautia gen."
"ASV_V1V2_00019"	"27870a6207d970d6c18cf7d32e3b96b3"	"V1V2"	"Bacteria"	"Firmicutes"	"Clostridia"	"Clostridiales"	"Lachnospiraceae"	"Fusicatenibacter"	"unknown_Spp Fusicatenibacter gen."
"ASV_V1V2_00020"	"43ccb2be86ab12a01bc59caa94cd655c"	"V1V2"	"Bacteria"	"Firmicutes"	"Clostridia"	"Clostridiales"	"Ruminococcaceae"	"Subdoligranulum"	"unknown_Spp Subdoligranulum gen."
"ASV_V1V2_00021"	"7f2e74a20417ba30931f04d8eb63b475"	"V1V2"	"Bacteria"	"Firmicutes"	"Clostridia"	"Clostridiales"	"Lachnospiraceae"	"Anaerostipes"	"unknown_Spp Anaerostipes gen."
"ASV_V1V2_00022"	"53b0e2de67be4bfca850b89551f480a7"	"V1V2"	"Bacteria"	"Firmicutes"	"Clostridia"	"Clostridiales"	"Lachnospiraceae"	"Ruminococcus torques gr."	"unknown_Spp Ruminococcus torques gr. gen."
"ASV_V1V2_00023"	"a0769d7c0c34dd7d281d859510c22a11"	"V1V2"	"Bacteria"	"Bacteroidetes"	"Bacteroidia"	"Bacteroidales"	"Prevotellaceae"	"Prevotella 9"	"unknown_Spp Prevotella 9 gen."
"ASV_V1V2_00024"	"23d3ff05d55aa1ef1321138b31920837"	"V1V2"	"Bacteria"	"Bacteroidetes"	"Bacteroidia"	"Bacteroidales"	"Rikenellaceae"	"Alistipes"	"unknown_Spp Alistipes gen."
"ASV_V1V2_00025"	"370b8dbdd5ec54d953f8d6ad4af9fe40"	"V1V2"	"Bacteria"	"Actinobacteria"	"Actinobacteria"	"Bifidobacteriales"	"Bifidobacteriaceae"	"Bifidobacterium"	"Bifidobacterium longum subsp. longum"
"ASV_V1V2_00026"	"0e95f2a3f960b588ce2a550142a4b956"	"V1V2"	"Bacteria"	"Bacteroidetes"	"Bacteroidia"	"Bacteroidales"	"Prevotellaceae"	"Prevotella 9"	"unknown_Spp Prevotella 9 gen."
"ASV_V1V2_00027"	"e78321786a5968fcf2f1c9e9fdc3c7ff"	"V1V2"	"Bacteria"	"Bacteroidetes"	"Bacteroidia"	"Bacteroidales"	"Prevotellaceae"	"Prevotella 9"	"unknown_Spp Prevotella 9 gen."
"ASV_V1V2_00028"	"363a742d8e3405545e9275e80acd0398"	"V1V2"	"Bacteria"	"Firmicutes"	"Negativicutes"	"Selenomonadales"	"Veillonellaceae"	"Megamonas"	"unknown_Spp Megamonas gen."
"ASV_V1V2_00029"	"0aa98f2d224a9e46086ecc526063caa1"	"V1V2"	"Bacteria"	"Firmicutes"	"Clostridia"	"Clostridiales"	"Ruminococcaceae"	"Ruminococcus 2"	"unknown_Spp Ruminococcus 2 gen."
"ASV_V1V2_00030"	"3e28136dcc821dd3528ba12cee36e5df"	"V1V2"	"Bacteria"	"Bacteroidetes"	"Bacteroidia"	"Bacteroidales"	"Rikenellaceae"	"Alistipes"	"unknown_Spp Alistipes gen."
"ASV_V1V2_00031"	"6f38aa82e16e82fcd650b2f111d4847c"	"V1V2"	"Bacteria"	"Firmicutes"	"Clostridia"	"Clostridiales"	"Ruminococcaceae"	"Ruminococcus 2"	"unknown_Spp Ruminococcus 2 gen."
"ASV_V1V2_00032"	"a4e846c508ae968c124f9bd53368da0d"	"V1V2"	"Bacteria"	"Bacteroidetes"	"Bacteroidia"	"Bacteroidales"	"Prevotellaceae"	"Prevotella 9"	"unknown_Spp Prevotella 9 gen."
"ASV_V1V2_00033"	"ab09b7fbc68e9c85d75a9f56ff2d8ae4"	"V1V2"	"Bacteria"	"Firmicutes"	"Clostridia"	"Clostridiales"	"Lachnospiraceae"	"Agathobacter"	"unknown_Spp Agathobacter gen."
"ASV_V1V2_00034"	"6b0036fcd8ac50aebac23212e883a1b9"	"V1V2"	"Bacteria"	"Bacteroidetes"	"Bacteroidia"	"Bacteroidales"	"Prevotellaceae"	"Prevotella 9"	"unknown_Spp Prevotella 9 gen."
"ASV_V1V2_00035"	"b5a973251cf06fbc29c4279d9fbfb23a"	"V1V2"	"Bacteria"	"Firmicutes"	"Clostridia"	"Clostridiales"	"Lachnospiraceae"	"Ruminococcus torques gr."	"Ruminococcus lactaris CC59 002D"
"ASV_V1V2_00036"	"3b93c57d0fabf705eabaecee6cd1665a"	"V1V2"	"Bacteria"	"Firmicutes"	"Clostridia"	"Clostridiales"	"Lachnospiraceae"	"Fusicatenibacter"	"unknown_Spp Fusicatenibacter gen."
"ASV_V1V2_00037"	"180eb8eb9aaf170f56a263c3b881cad7"	"V1V2"	"Bacteria"	"Firmicutes"	"Clostridia"	"Clostridiales"	"Lachnospiraceae"	"CAG-56"	"unknown_Spp CAG-56 gen."
"ASV_V1V2_00038"	"0ca67996e1f3d8f8925653d4895112ab"	"V1V2"	"Bacteria"	"Firmicutes"	"Erysipelotrichia"	"Erysipelotrichales"	"Erysipelotrichaceae"	"Erysipelotrichaceae UCG-003"	"unknown_Spp Erysipelotrichaceae UCG-003 gen."
"ASV_V1V2_00039"	"3117cb7a218b0b7c6917e598d3ccd0b9"	"V1V2"	"Bacteria"	"Firmicutes"	"Clostridia"	"Clostridiales"	"Peptostreptococcaceae"	"Intestinibacter"	"unknown_Spp Intestinibacter gen."
"ASV_V1V2_00040"	"a0427f2628a55585a612ba1c2654ef1a"	"V1V2"	"Bacteria"	"Firmicutes"	"Clostridia"	"Clostridiales"	"Lachnospiraceae"	"Anaerostipes"	"unknown_Spp Anaerostipes gen."
"ASV_V1V2_00041"	"ec6f6b2216e64d600f8b822d7e3c1e02"	"V1V2"	"Bacteria"	"Bacteroidetes"	"Bacteroidia"	"Bacteroidales"	"Prevotellaceae"	"Prevotella 9"	"unknown_Spp Prevotella 9 gen."
"ASV_V1V2_00042"	"0a1bef0be2a13e16bf90bf7f45a9bd2b"	"V1V2"	"Bacteria"	"Firmicutes"	"Clostridia"	"Clostridiales"	"Lachnospiraceae"	"Dorea"	"unknown_Spp Dorea gen."
"ASV_V1V2_00043"	"e1da1197752d0b3c1498815d8ea25a4a"	"V1V2"	"Bacteria"	"Firmicutes"	"Clostridia"	"Clostridiales"	"Ruminococcaceae"	"Ruminococcus 2"	"unknown_Spp Ruminococcus 2 gen."
"ASV_V1V2_00044"	"66ed2354140617a0969094f01725f1e5"	"V1V2"	"Bacteria"	"Firmicutes"	"Clostridia"	"Clostridiales"	"Lachnospiraceae"	"Lachnospiraceae NK4A136 gr."	"unknown_Spp Lachnospiraceae NK4A136 gr. gen."
"ASV_V1V2_00045"	"0858dbdd841f20e314ffae25537345eb"	"V1V2"	"Bacteria"	"Firmicutes"	"Clostridia"	"Clostridiales"	"Lachnospiraceae"	"Eubacterium hallii gr."	"unknown_Spp Eubacterium hallii gr. gen."
"ASV_V1V2_00046"	"d9f05436ca2153c0b8760d95f64f32d2"	"V1V2"	"Bacteria"	"Firmicutes"	"Clostridia"	"Clostridiales"	"Ruminococcaceae"	"Faecalibacterium"	"unknown_Spp Faecalibacterium gen."
"ASV_V1V2_00047"	"6131d2e27cc62b41fe15ad2a8c7b0ad1"	"V1V2"	"Bacteria"	"Firmicutes"	"Clostridia"	"Clostridiales"	"Clostridiaceae 1"	"Clostridium sensu stricto 1"	"unknown_Spp Clostridium sensu stricto 1 gen."
"ASV_V1V2_00048"	"8263b1f7335d079d7b66ba97bbdb311e"	"V1V2"	"Bacteria"	"Firmicutes"	"Clostridia"	"Clostridiales"	"Lachnospiraceae"	"Eubacterium hallii gr."	"unknown_Spp Eubacterium hallii gr. gen."
"ASV_V1V2_00049"	"3eb783e0e4e277bcc18e5d3c4970fde5"	"V1V2"	"Bacteria"	"Bacteroidetes"	"Bacteroidia"	"Bacteroidales"	"Bacteroidaceae"	"Bacteroides"	"unknown_Spp Bacteroides gen."
"ASV_V1V2_00050"	"5b5f1ab99ce237d385b2d25e4bca998c"	"V1V2"	"Bacteria"	"Firmicutes"	"Clostridia"	"Clostridiales"	"Ruminococcaceae"	"Ruminococcaceae NK4A214 gr."	"unknown_Spp Ruminococcaceae NK4A214 gr. gen."
"ASV_V1V2_00051"	"76f28b99186a69b5d925c6dc30fc7622"	"V1V2"	"Bacteria"	"Firmicutes"	"Clostridia"	"Clostridiales"	"Lachnospiraceae"	"Ruminococcus torques gr."	"Ruminococcus lactaris CC59 002D"
"ASV_V1V2_00052"	"58463f2b467a7ada4763da97d1a14a0d"	"V1V2"	"Bacteria"	"Bacteroidetes"	"Bacteroidia"	"Bacteroidales"	"Bacteroidaceae"	"Bacteroides"	"Bacteroides dorei"
"ASV_V1V2_00053"	"481e1a3626d9b37328e4a19c0fee2d94"	"V1V2"	"Bacteria"	"Firmicutes"	"Clostridia"	"Clostridiales"	"Lachnospiraceae"	"Eubacterium hallii gr."	"unknown_Spp Eubacterium hallii gr. gen."
"ASV_V1V2_00054"	"270835647808b35231f385e447c1781a"	"V1V2"	"Bacteria"	"Firmicutes"	"Clostridia"	"Clostridiales"	"Lachnospiraceae"	"Eubacterium hallii gr."	"unknown_Spp Eubacterium hallii gr. gen."
"ASV_V1V2_00055"	"31f9fa3599c172d57adbc9c1e1492f64"	"V1V2"	"Bacteria"	"Bacteroidetes"	"Bacteroidia"	"Bacteroidales"	"Bacteroidaceae"	"Bacteroides"	"unknown_Spp Bacteroides gen."
"ASV_V1V2_00056"	"c10e266713ac179ffe13abc77ec6938a"	"V1V2"	"Bacteria"	"Bacteroidetes"	"Bacteroidia"	"Bacteroidales"	"Bacteroidaceae"	"Bacteroides"	"Bacteroides massiliensis B84634 = Timone 84634 = DSM 17679 = JCM 13223"
"ASV_V1V2_00057"	"3eb7a389039763f2500b8367c2988327"	"V1V2"	"Bacteria"	"Firmicutes"	"Clostridia"	"Clostridiales"	"Lachnospiraceae"	"Blautia"	"unknown_Spp Blautia gen."
"ASV_V1V2_00058"	"eb1db0f7852986cd0c3c09379c76957c"	"V1V2"	"Bacteria"	"Firmicutes"	"Clostridia"	"Clostridiales"	"Lachnospiraceae"	"Blautia"	"unknown_Spp Blautia gen."
"ASV_V1V2_00059"	"31bf41fc52a69c8ea5f71dab28fc9459"	"V1V2"	"Bacteria"	"Firmicutes"	"Clostridia"	"Clostridiales"	"Lachnospiraceae"	"Lachnospiraceae ND3007 gr."	"unknown_Spp Lachnospiraceae ND3007 gr. gen."
"ASV_V1V2_00060"	"a9a3418d9380a0c2db46b4b266639943"	"V1V2"	"Bacteria"	"Firmicutes"	"Clostridia"	"Clostridiales"	"Lachnospiraceae"	"Roseburia"	"unknown_Spp Roseburia gen."
"ASV_V1V2_00061"	"9d31364ffa315989c69cefcda3bd13ef"	"V1V2"	"Bacteria"	"Bacteroidetes"	"Bacteroidia"	"Bacteroidales"	"Prevotellaceae"	"Prevotella 9"	"unknown_Spp Prevotella 9 gen."
"ASV_V1V2_00062"	"9a3c048ee5d51bd98743184d4b30b2a5"	"V1V2"	"Bacteria"	"Firmicutes"	"Clostridia"	"Clostridiales"	"Lachnospiraceae"	"Blautia"	"unknown_Spp Blautia gen."
"ASV_V1V2_00063"	"e217c119925b8949499a2252a38530fb"	"V1V2"	"Bacteria"	"Bacteroidetes"	"Bacteroidia"	"Bacteroidales"	"Bacteroidaceae"	"Bacteroides"	"unknown_Spp Bacteroides gen."
"ASV_V1V2_00064"	"a289a23478ee81f69b8250e754b87295"	"V1V2"	"Bacteria"	"Bacteroidetes"	"Bacteroidia"	"Bacteroidales"	"Prevotellaceae"	"Prevotella 7"	"Massiliprevotella massiliensis"
"ASV_V1V2_00065"	"ec77c484dbde60ee2abed9cd6430d5a7"	"V1V2"	"Bacteria"	"Actinobacteria"	"Coriobacteriia"	"Coriobacteriales"	"Coriobacteriaceae"	"Collinsella"	"unknown_Spp Collinsella gen."
"ASV_V1V2_00066"	"e586f67221724afd9fe5d40d2b573327"	"V1V2"	"Bacteria"	"Firmicutes"	"Clostridia"	"Clostridiales"	"Lachnospiraceae"	"Blautia"	"Blautia massiliensis"
"ASV_V1V2_00067"	"c67540509de754e99dd2cde64fb088cb"	"V1V2"	"Bacteria"	"Firmicutes"	"Clostridia"	"Clostridiales"	"Lachnospiraceae"	"Coprococcus 1"	"unknown_Spp Coprococcus 1 gen."
"ASV_V1V2_00068"	"fd86582cd75a0fb3a8c68c244ea08d0d"	"V1V2"	"Bacteria"	"Firmicutes"	"Bacilli"	"Lactobacillales"	"Streptococcaceae"	"Streptococcus"	"unknown_Spp Streptococcus gen."
"ASV_V1V2_00069"	"2cccde3ff85ecadffbf3fa9972c22dbb"	"V1V2"	"Bacteria"	"Firmicutes"	"Clostridia"	"Clostridiales"	"Lachnospiraceae"	"Eubacterium ruminantium gr."	"unknown_Spp Eubacterium ruminantium gr. gen."
"ASV_V1V2_00070"	"3402d171dae8f3d70abec28f2ed2d8ed"	"V1V2"	"Bacteria"	"Firmicutes"	"Clostridia"	"Clostridiales"	"Lachnospiraceae"	"Roseburia"	"unknown_Spp Roseburia gen."
"ASV_V1V2_00071"	"0680d7560d0b88587cdcb57bc2415ba7"	"V1V2"	"Bacteria"	"Firmicutes"	"Clostridia"	"Clostridiales"	"Ruminococcaceae"	"Faecalibacterium"	"unknown_Spp Faecalibacterium gen."
"ASV_V1V2_00072"	"0eb38e7b106dd745b7e6db00569ab169"	"V1V2"	"Bacteria"	"Bacteroidetes"	"Bacteroidia"	"Bacteroidales"	"Prevotellaceae"	"Prevotella 9"	"unknown_Spp Prevotella 9 gen."
"ASV_V1V2_00073"	"4479b34add3a7ef54ef7b29b8ffe093b"	"V1V2"	"Bacteria"	"Firmicutes"	"Clostridia"	"Clostridiales"	"Lachnospiraceae"	"Agathobacter"	"unknown_Spp Agathobacter gen."
"ASV_V1V2_00074"	"f2f8bc69d36b5f5baea791d46fab1552"	"V1V2"	"Bacteria"	"Firmicutes"	"Clostridia"	"Clostridiales"	"Lachnospiraceae"	"Roseburia"	"unknown_Spp Roseburia gen."
"ASV_V1V2_00075"	"e4758794c11d1ac6f073e365093a6f0f"	"V1V2"	"Bacteria"	"Bacteroidetes"	"Bacteroidia"	"Bacteroidales"	"Prevotellaceae"	"Prevotella 9"	"unknown_Spp Prevotella 9 gen."
"ASV_V1V2_00076"	"0e251fdf7303fd1ea69540776f37050e"	"V1V2"	"Bacteria"	"Firmicutes"	"Clostridia"	"Clostridiales"	"Peptostreptococcaceae"	"Terrisporobacter"	"unknown_Spp Terrisporobacter gen."
"ASV_V1V2_00077"	"dda0bef49d487718ff1be601bc76c333"	"V1V2"	"Bacteria"	"Firmicutes"	"Clostridia"	"Clostridiales"	"Lachnospiraceae"	"Blautia"	"unknown_Spp Blautia gen."
"ASV_V1V2_00078"	"698b14681d7fee9e04b963ea8cef5ea6"	"V1V2"	"Bacteria"	"Firmicutes"	"Bacilli"	"Lactobacillales"	"Lactobacillaceae"	"Lactobacillus"	"Lactobacillus ruminis"
"ASV_V1V2_00079"	"487204885bcde4e37272cd21dba7e4f9"	"V1V2"	"Bacteria"	"Firmicutes"	"Clostridia"	"Clostridiales"	"Ruminococcaceae"	"Ruminococcus 1"	"unknown_Spp Ruminococcus 1 gen."
"ASV_V1V2_00080"	"b88619dab8b3152f6b6f461073573e72"	"V1V2"	"Bacteria"	"Firmicutes"	"Clostridia"	"Clostridiales"	"Christensenellaceae"	"Christensenellaceae R-7 gr."	"unknown_Spp Christensenellaceae R-7 gr. gen."
"ASV_V1V2_00081"	"cedb63a3a2b154c9c9ff5aafdabd439f"	"V1V2"	"Bacteria"	"Firmicutes"	"Negativicutes"	"Selenomonadales"	"Acidaminococcaceae"	"Phascolarctobacterium"	"unknown_Spp Phascolarctobacterium gen."
"ASV_V1V2_00082"	"2234ed7eb76c695847d9b4f34ae51564"	"V1V2"	"Bacteria"	"Firmicutes"	"Clostridia"	"Clostridiales"	"Lachnospiraceae"	"Lachnospiraceae NK4A136 gr."	"unknown_Spp Lachnospiraceae NK4A136 gr. gen."
"ASV_V1V2_00083"	"85e2c3aceb2c3e58ba9198c30934ec79"	"V1V2"	"Bacteria"	"Firmicutes"	"Clostridia"	"Clostridiales"	"Ruminococcaceae"	"Faecalibacterium"	"unknown_Spp Faecalibacterium gen."
"ASV_V1V2_00084"	"ce20569b34c80f1469b23172f27e76da"	"V1V2"	"Bacteria"	"Actinobacteria"	"Coriobacteriia"	"Coriobacteriales"	"Coriobacteriaceae"	"Collinsella"	"unknown_Spp Collinsella gen."
"ASV_V1V2_00085"	"6fd0149eb413af17408a5e888f3b669c"	"V1V2"	"Bacteria"	"Firmicutes"	"Clostridia"	"Clostridiales"	"Lachnospiraceae"	"Roseburia"	"unknown_Spp Roseburia gen."
"ASV_V1V2_00086"	"08522517fd7337f4cec859bb0672ec1a"	"V1V2"	"Bacteria"	"Firmicutes"	"Clostridia"	"Clostridiales"	"Christensenellaceae"	"Christensenellaceae R-7 gr."	"unknown_Spp Christensenellaceae R-7 gr. gen."
"ASV_V1V2_00087"	"5aae25b529a2ed273529f490d31b3ee4"	"V1V2"	"Bacteria"	"Bacteroidetes"	"Bacteroidia"	"Bacteroidales"	"Prevotellaceae"	"Prevotella 9"	"unknown_Spp Prevotella 9 gen."
"ASV_V1V2_00088"	"0a79aed3f6728a26e864be9d9755619e"	"V1V2"	"Bacteria"	"Firmicutes"	"Clostridia"	"Clostridiales"	"Lachnospiraceae"	"Agathobacter"	"unknown_Spp Agathobacter gen."
"ASV_V1V2_00089"	"3ea82f498b47f5f28bf7f2b6fe4cf389"	"V1V2"	"Bacteria"	"Firmicutes"	"Clostridia"	"Clostridiales"	"Lachnospiraceae"	"Dorea"	"unknown_Spp Dorea gen."
"ASV_V1V2_00090"	"9756427876e68f39880295990649a5da"	"V1V2"	"Bacteria"	"Firmicutes"	"Clostridia"	"Clostridiales"	"Lachnospiraceae"	"Eubacterium xylanophilum gr."	"unknown_Spp Eubacterium xylanophilum gr. gen."
"ASV_V1V2_00091"	"78ec6b3aa8a0a7187309a0848d78c239"	"V1V2"	"Bacteria"	"Firmicutes"	"Clostridia"	"Clostridiales"	"Ruminococcaceae"	"Subdoligranulum"	"unknown_Spp Subdoligranulum gen."
"ASV_V1V2_00092"	"315b263c7783dbbf6a73871fc3b4ae7a"	"V1V2"	"Bacteria"	"Firmicutes"	"Erysipelotrichia"	"Erysipelotrichales"	"Erysipelotrichaceae"	"Erysipelotrichaceae UCG-003"	"unknown_Spp Erysipelotrichaceae UCG-003 gen."
"ASV_V1V2_00093"	"f9a21d57193223ab1f13f659052a0ba9"	"V1V2"	"Bacteria"	"Firmicutes"	"Clostridia"	"Clostridiales"	"Lachnospiraceae"	"Ruminococcus torques gr."	"Ruminococcus lactaris CC59 002D"
"ASV_V1V2_00094"	"9308942e54f482836704035ac6431663"	"V1V2"	"Bacteria"	"Bacteroidetes"	"Bacteroidia"	"Bacteroidales"	"Rikenellaceae"	"Alistipes"	"unknown_Spp Alistipes gen."
"ASV_V1V2_00095"	"6cb5ee6d4e7787a5b3ad852e033a57b7"	"V1V2"	"Bacteria"	"Firmicutes"	"Clostridia"	"Clostridiales"	"Lachnospiraceae"	"Roseburia"	"unknown_Spp Roseburia gen."
"ASV_V1V2_00096"	"b119f34b492d44e8dd6a93f1cf7431e9"	"V1V2"	"Bacteria"	"Firmicutes"	"Clostridia"	"Clostridiales"	"Lachnospiraceae"	"Roseburia"	"unknown_Spp Roseburia gen."
"ASV_V1V2_00097"	"63e158909b0181d383d636e9960590a3"	"V1V2"	"Bacteria"	"Bacteroidetes"	"Bacteroidia"	"Bacteroidales"	"Bacteroidaceae"	"Bacteroides"	"Bacteroides fragilis"
"ASV_V1V2_00098"	"778524f4d8b8522ce7f700ad2cf84ce9"	"V1V2"	"Bacteria"	"Firmicutes"	"Clostridia"	"Clostridiales"	"Lachnospiraceae"	"Eubacterium hallii gr."	"unknown_Spp Eubacterium hallii gr. gen."
"ASV_V1V2_00099"	"f1749675cd1e926573464d83efbe414f"	"V1V2"	"Bacteria"	"Firmicutes"	"Clostridia"	"Clostridiales"	"Ruminococcaceae"	"Faecalibacterium"	"unknown_Spp Faecalibacterium gen."
"ASV_V1V2_00100"	"0e3f691afaab584a977980550dde8046"	"V1V2"	"Bacteria"	"Firmicutes"	"Clostridia"	"Clostridiales"	"Lachnospiraceae"	"Blautia"	"unknown_Spp Blautia gen."
"ASV_V1V2_00101"	"edeefeb6405d84444222ee7b3fdb5716"	"V1V2"	"Bacteria"	"Firmicutes"	"Clostridia"	"Clostridiales"	"Ruminococcaceae"	"Ruminococcus 1"	"unknown_Spp Ruminococcus 1 gen."
"ASV_V1V2_00102"	"9a39cb9ca1e0bb299af3f0026f9c718d"	"V1V2"	"Bacteria"	"Firmicutes"	"Clostridia"	"Clostridiales"	"Ruminococcaceae"	"Faecalibacterium"	"unknown_Spp Faecalibacterium gen."
"ASV_V1V2_00103"	"3eb079abd515ab46f0bbd7ca6937687a"	"V1V2"	"Bacteria"	"Firmicutes"	"Clostridia"	"Clostridiales"	"Lachnospiraceae"	"Dorea"	"unknown_Spp Dorea gen."
"ASV_V1V2_00104"	"d980072362a78c918f4110f41ed30c46"	"V1V2"	"Bacteria"	"Firmicutes"	"Clostridia"	"Clostridiales"	"Lachnospiraceae"	"Anaerostipes"	"unknown_Spp Anaerostipes gen."
"ASV_V1V2_00105"	"911eb6cfdfc7fe16eb357d432fd02853"	"V1V2"	"Bacteria"	"Firmicutes"	"Clostridia"	"Clostridiales"	"Lachnospiraceae"	"Lachnospiraceae NK4A136 gr."	"unknown_Spp Lachnospiraceae NK4A136 gr. gen."
"ASV_V1V2_00106"	"e86f717113794dce8e9ce96687af1286"	"V1V2"	"Bacteria"	"Firmicutes"	"Clostridia"	"Clostridiales"	"Lachnospiraceae"	"Coprococcus 2"	"Coprococcus eutactus"
"ASV_V1V2_00107"	"e6a2bc153b057649341aa6671f8a01a3"	"V1V2"	"Bacteria"	"Firmicutes"	"Clostridia"	"Clostridiales"	"Ruminococcaceae"	"Subdoligranulum"	"unknown_Spp Subdoligranulum gen."
"ASV_V1V2_00108"	"247f09b6e3ce4b6c8afca0169614f322"	"V1V2"	"Bacteria"	"Firmicutes"	"Clostridia"	"Clostridiales"	"Lachnospiraceae"	"Fusicatenibacter"	"unknown_Spp Fusicatenibacter gen."
"ASV_V1V2_00109"	"9dddb9c553c1fc6c152cf46285b689f6"	"V1V2"	"Bacteria"	"Bacteroidetes"	"Bacteroidia"	"Bacteroidales"	"Prevotellaceae"	"Prevotella 9"	"unknown_Spp Prevotella 9 gen."
"ASV_V1V2_00110"	"fcb2a4b9487784e394937434332ae77d"	"V1V2"	"Bacteria"	"Actinobacteria"	"Coriobacteriia"	"Coriobacteriales"	"Eggerthellaceae"	"unknown_Gen Eggerthellaceae fam."	"unknown_Spp Eggerthellaceae fam."
"ASV_V1V2_00111"	"319cc08eb1f55c3c874027afebe3ae03"	"V1V2"	"Bacteria"	"Firmicutes"	"Clostridia"	"Clostridiales"	"Clostridiaceae 1"	"Clostridium sensu stricto 1"	"unknown_Spp Clostridium sensu stricto 1 gen."
"ASV_V1V2_00112"	"637c05bece3da005a18867a940199c87"	"V1V2"	"Bacteria"	"Firmicutes"	"Clostridia"	"Clostridiales"	"Peptostreptococcaceae"	"Terrisporobacter"	"unknown_Spp Terrisporobacter gen."
"ASV_V1V2_00113"	"374221c97a06bbdaf027b48d3bbdb0be"	"V1V2"	"Bacteria"	"Bacteroidetes"	"Bacteroidia"	"Bacteroidales"	"Bacteroidaceae"	"Bacteroides"	"Bacteroides plebeius"
"ASV_V1V2_00114"	"04667be02540c5cd2fd3e311fb94cf71"	"V1V2"	"Bacteria"	"Firmicutes"	"Clostridia"	"Clostridiales"	"Christensenellaceae"	"Christensenellaceae R-7 gr."	"unknown_Spp Christensenellaceae R-7 gr. gen."
"ASV_V1V2_00115"	"cff3ddee0d3a13b095481264d080adc6"	"V1V2"	"Bacteria"	"Firmicutes"	"Clostridia"	"Clostridiales"	"Lachnospiraceae"	"Eubacterium hallii gr."	"unknown_Spp Eubacterium hallii gr. gen."
"ASV_V1V2_00116"	"754dba99fd6513046cbbfdc1ab74017e"	"V1V2"	"Bacteria"	"Bacteroidetes"	"Bacteroidia"	"Bacteroidales"	"Prevotellaceae"	"Prevotella 9"	"unknown_Spp Prevotella 9 gen."
"ASV_V1V2_00117"	"4b4414c138cd47a74583a0e8f53753d8"	"V1V2"	"Bacteria"	"Firmicutes"	"Clostridia"	"Clostridiales"	"Ruminococcaceae"	"Faecalibacterium"	"unknown_Spp Faecalibacterium gen."
"ASV_V1V2_00118"	"b08236df75a1358a4ec3d6dde64a6e26"	"V1V2"	"Bacteria"	"Bacteroidetes"	"Bacteroidia"	"Bacteroidales"	"Prevotellaceae"	"Paraprevotella"	"unknown_Spp Paraprevotella gen."
"ASV_V1V2_00119"	"ffc256a6aed82cb553db73df3800b93f"	"V1V2"	"Bacteria"	"Firmicutes"	"Erysipelotrichia"	"Erysipelotrichales"	"Erysipelotrichaceae"	"Turicibacter"	"unknown_Spp Turicibacter gen."
"ASV_V1V2_00120"	"ca7a0ff4710f10daa21a737f9deddcbd"	"V1V2"	"Bacteria"	"Firmicutes"	"Bacilli"	"Lactobacillales"	"Streptococcaceae"	"Streptococcus"	"Streptococcus salivarius subsp. thermophilus"
"ASV_V1V2_00121"	"bab969054692dc193ec8328021e5e463"	"V1V2"	"Bacteria"	"Firmicutes"	"Clostridia"	"Clostridiales"	"Ruminococcaceae"	"Faecalibacterium"	"unknown_Spp Faecalibacterium gen."
"ASV_V1V2_00122"	"0b8760da91186dc48ac7d2319af33436"	"V1V2"	"Bacteria"	"Bacteroidetes"	"Bacteroidia"	"Bacteroidales"	"Bacteroidaceae"	"Bacteroides"	"Bacteroides dorei"
"ASV_V1V2_00123"	"2fe8e3b81f9a5efed5ea346fcb2b6f95"	"V1V2"	"Bacteria"	"Bacteroidetes"	"Bacteroidia"	"Bacteroidales"	"Tannerellaceae"	"Parabacteroides"	"unknown_Spp Parabacteroides gen."
"ASV_V1V2_00124"	"0c8cc3650f49f630582912774126104e"	"V1V2"	"Bacteria"	"Firmicutes"	"Clostridia"	"Clostridiales"	"Lachnospiraceae"	"Roseburia"	"unknown_Spp Roseburia gen."
"ASV_V1V2_00125"	"f7de0d30b9485b8a35adafecc8f63539"	"V1V2"	"Bacteria"	"Firmicutes"	"Clostridia"	"Clostridiales"	"Lachnospiraceae"	"Agathobacter"	"unknown_Spp Agathobacter gen."
"ASV_V1V2_00126"	"63c17758e3cc0e3fd8f9b9766444d051"	"V1V2"	"Bacteria"	"Firmicutes"	"Clostridia"	"Clostridiales"	"Lachnospiraceae"	"Eubacterium hallii gr."	"unknown_Spp Eubacterium hallii gr. gen."
"ASV_V1V2_00127"	"864ee2e58f47dcf6a93071e4db4980d0"	"V1V2"	"Bacteria"	"Firmicutes"	"Clostridia"	"Clostridiales"	"Ruminococcaceae"	"Eubacterium coprostanoligenes gr."	"unknown_Spp Eubacterium coprostanoligenes gr. gen."
"ASV_V1V2_00128"	"cfe7258cb67a3de6bb0e552b5e7d3259"	"V1V2"	"Bacteria"	"Firmicutes"	"Clostridia"	"Clostridiales"	"Lachnospiraceae"	"Eubacterium hallii gr."	"unknown_Spp Eubacterium hallii gr. gen."
"ASV_V1V2_00129"	"5e54c6665e1e2ddf6a1464e056ac35c4"	"V1V2"	"Bacteria"	"Firmicutes"	"Clostridia"	"Clostridiales"	"Peptostreptococcaceae"	"Intestinibacter"	"unknown_Spp Intestinibacter gen."
"ASV_V1V2_00130"	"ae4c58bce2a6be74ff71546c98b8f683"	"V1V2"	"Bacteria"	"Actinobacteria"	"Actinobacteria"	"Bifidobacteriales"	"Bifidobacteriaceae"	"Bifidobacterium"	"unknown_Spp Bifidobacterium gen."
"ASV_V1V2_00131"	"0fb3c059fee8e8977fcb92c1bc6b3063"	"V1V2"	"Bacteria"	"Firmicutes"	"Clostridia"	"Clostridiales"	"Lachnospiraceae"	"Anaerostipes"	"unknown_Spp Anaerostipes gen."
"ASV_V1V2_00132"	"9dea016886b71ee28850def30b18a430"	"V1V2"	"Bacteria"	"Firmicutes"	"Clostridia"	"Clostridiales"	"Ruminococcaceae"	"Eubacterium coprostanoligenes gr."	"unknown_Spp Eubacterium coprostanoligenes gr. gen."
"ASV_V1V2_00133"	"954d36b3e0908d784e5a556f9d915e89"	"V1V2"	"Bacteria"	"Firmicutes"	"Clostridia"	"Clostridiales"	"Peptostreptococcaceae"	"Romboutsia"	"unknown_Spp Romboutsia gen."
"ASV_V1V2_00134"	"441eedfa0412bc365af0f5539d240e5c"	"V1V2"	"Bacteria"	"Firmicutes"	"Clostridia"	"Clostridiales"	"Lachnospiraceae"	"Tyzzerella 3"	"unknown_Spp Tyzzerella 3 gen."
"ASV_V1V2_00135"	"c93227edd0984d5de89fd540e47509d1"	"V1V2"	"Bacteria"	"Firmicutes"	"Clostridia"	"Clostridiales"	"Lachnospiraceae"	"Coprococcus 2"	"unknown_Spp Coprococcus 2 gen."
"ASV_V1V2_00136"	"aaa26e26c3052d845a5523c758d7f649"	"V1V2"	"Bacteria"	"Firmicutes"	"Clostridia"	"Clostridiales"	"Lachnospiraceae"	"Blautia"	"unknown_Spp Blautia gen."
"ASV_V1V2_00137"	"7fbfd706cd6160818c21c623cd7f4f94"	"V1V2"	"Bacteria"	"Firmicutes"	"Clostridia"	"Clostridiales"	"Lachnospiraceae"	"Lachnospira"	"unknown_Spp Lachnospira gen."
"ASV_V1V2_00138"	"608939878ab2204d56f01abc0b6c6293"	"V1V2"	"Bacteria"	"Firmicutes"	"Clostridia"	"Clostridiales"	"Ruminococcaceae"	"Ruminococcus 2"	"unknown_Spp Ruminococcus 2 gen."
"ASV_V1V2_00139"	"8c9b6be1e165782144a0fd5d0a3c560f"	"V1V2"	"Bacteria"	"Bacteroidetes"	"Bacteroidia"	"Bacteroidales"	"Bacteroidaceae"	"Bacteroides"	"unknown_Spp Bacteroides gen."
"ASV_V1V2_00140"	"6c2cbff2fd1e6b1def51692146e6a8e4"	"V1V2"	"Bacteria"	"Firmicutes"	"Clostridia"	"Clostridiales"	"Lachnospiraceae"	"Coprococcus 2"	"unknown_Spp Coprococcus 2 gen."
"ASV_V1V2_00141"	"522897381f8df0f2494f8f2a64624d36"	"V1V2"	"Bacteria"	"Firmicutes"	"Clostridia"	"Clostridiales"	"Ruminococcaceae"	"Ruminococcaceae UCG-002"	"unknown_Spp Ruminococcaceae UCG-002 gen."
"ASV_V1V2_00142"	"8ebbc5991e72d50c8841ffa5979e4d56"	"V1V2"	"Bacteria"	"Firmicutes"	"Negativicutes"	"Selenomonadales"	"Veillonellaceae"	"Dialister"	"unknown_Spp Dialister gen."
"ASV_V1V2_00143"	"5ff708de1d029b2da750dd6fe4916161"	"V1V2"	"Bacteria"	"Firmicutes"	"Clostridia"	"Clostridiales"	"Ruminococcaceae"	"Ruminococcus 1"	"unknown_Spp Ruminococcus 1 gen."
"ASV_V1V2_00144"	"3fe08bfe6b3ea5e7a687c54854632b81"	"V1V2"	"Bacteria"	"Firmicutes"	"Clostridia"	"Clostridiales"	"Ruminococcaceae"	"Ruminococcaceae UCG-002"	"unknown_Spp Ruminococcaceae UCG-002 gen."
"ASV_V1V2_00145"	"0a7bb247ed2e6249d4e33969c3e36e04"	"V1V2"	"Bacteria"	"Firmicutes"	"Clostridia"	"Clostridiales"	"Lachnospiraceae"	"Ruminococcus torques gr."	"unknown_Spp Ruminococcus torques gr. gen."
"ASV_V1V2_00146"	"90fff2ec9270e0a5edf3a90e5ea77eab"	"V1V2"	"Bacteria"	"Firmicutes"	"Clostridia"	"Clostridiales"	"Clostridiaceae 1"	"Clostridium sensu stricto 1"	"unknown_Spp Clostridium sensu stricto 1 gen."
"ASV_V1V2_00147"	"e1e2162c46fc76da990ebbdd4243c632"	"V1V2"	"Bacteria"	"Bacteroidetes"	"Bacteroidia"	"Bacteroidales"	"Bacteroidaceae"	"Bacteroides"	"unknown_Spp Bacteroides gen."
"ASV_V1V2_00148"	"edcc88fc6034a6d75490b24793ee7085"	"V1V2"	"Bacteria"	"Firmicutes"	"Clostridia"	"Clostridiales"	"Ruminococcaceae"	"Ruminococcus 2"	"unknown_Spp Ruminococcus 2 gen."
"ASV_V1V2_00149"	"9381b4e95596eeee2c0529d4f6de3a0a"	"V1V2"	"Bacteria"	"Firmicutes"	"Clostridia"	"Clostridiales"	"Lachnospiraceae"	"Ruminococcus gauvreauii gr."	"unknown_Spp Ruminococcus gauvreauii gr. gen."
"ASV_V1V2_00150"	"2b3e870ceb78793bfa5ccf97dfa37bef"	"V1V2"	"Bacteria"	"Firmicutes"	"Clostridia"	"Clostridiales"	"Lachnospiraceae"	"Blautia"	"unknown_Spp Blautia gen."
"ASV_V1V2_00151"	"6649e3617de2bf4a833c26f379eb936e"	"V1V2"	"Bacteria"	"Firmicutes"	"Clostridia"	"Clostridiales"	"Lachnospiraceae"	"Ruminococcus torques gr."	"unknown_Spp Ruminococcus torques gr. gen."
"ASV_V1V2_00152"	"80271045edd63189f0bffe8cdf2e1ca9"	"V1V2"	"Bacteria"	"Bacteroidetes"	"Bacteroidia"	"Bacteroidales"	"Barnesiellaceae"	"Barnesiella"	"unknown_Spp Barnesiella gen."
"ASV_V1V2_00153"	"12ed5fc900a6c5dc337bc12dd7af3da1"	"V1V2"	"Bacteria"	"Firmicutes"	"Clostridia"	"Clostridiales"	"Lachnospiraceae"	"Anaerostipes"	"unknown_Spp Anaerostipes gen."
"ASV_V1V2_00154"	"de7f33fc46501238ace0e41df6540766"	"V1V2"	"Bacteria"	"Bacteroidetes"	"Bacteroidia"	"Bacteroidales"	"Bacteroidaceae"	"Bacteroides"	"Bacteroides cellulosilyticus CL02T12C19"
"ASV_V1V2_00155"	"7e0509d24a28a4c8e67e97c85310b989"	"V1V2"	"Bacteria"	"Firmicutes"	"Clostridia"	"Clostridiales"	"Lachnospiraceae"	"Blautia"	"unknown_Spp Blautia gen."
"ASV_V1V2_00156"	"c0d8340c2bbf456adcd31030d17c6adc"	"V1V2"	"Bacteria"	"Firmicutes"	"Clostridia"	"Clostridiales"	"Lachnospiraceae"	"Eubacterium hallii gr."	"unknown_Spp Eubacterium hallii gr. gen."
"ASV_V1V2_00157"	"d09e0bbeb4cfce6ceeb3cde4c8e6674b"	"V1V2"	"Bacteria"	"Firmicutes"	"Clostridia"	"Clostridiales"	"Ruminococcaceae"	"Faecalibacterium"	"unknown_Spp Faecalibacterium gen."
"ASV_V1V2_00158"	"5f5a1be7ec31f9fd1334c3a1c0be6c56"	"V1V2"	"Bacteria"	"Firmicutes"	"Clostridia"	"Clostridiales"	"Ruminococcaceae"	"Faecalibacterium"	"unknown_Spp Faecalibacterium gen."
"ASV_V1V2_00159"	"18627e744c4cbcbc3ab0332412a157a6"	"V1V2"	"Bacteria"	"Firmicutes"	"Clostridia"	"Clostridiales"	"Lachnospiraceae"	"Roseburia"	"unknown_Spp Roseburia gen."
"ASV_V1V2_00160"	"a5aa575d3b0f70d8b5c5ecd0769bd3ec"	"V1V2"	"Bacteria"	"Actinobacteria"	"Actinobacteria"	"Bifidobacteriales"	"Bifidobacteriaceae"	"Bifidobacterium"	"unknown_Spp Bifidobacterium gen."
"ASV_V1V2_00161"	"13529a54c9dc449b9ea5197778f6bd24"	"V1V2"	"Bacteria"	"Firmicutes"	"Clostridia"	"Clostridiales"	"Ruminococcaceae"	"Eubacterium coprostanoligenes gr."	"unknown_Spp Eubacterium coprostanoligenes gr. gen."
"ASV_V1V2_00162"	"faa83a70f690b21d38e8bdea2e97f30b"	"V1V2"	"Bacteria"	"Firmicutes"	"Clostridia"	"Clostridiales"	"Lachnospiraceae"	"Eubacterium hallii gr."	"unknown_Spp Eubacterium hallii gr. gen."
"ASV_V1V2_00163"	"3bab582016f6b2a72fc7b03e573c39a4"	"V1V2"	"Bacteria"	"Firmicutes"	"Clostridia"	"Clostridiales"	"Ruminococcaceae"	"Ruminiclostridium 5"	"Carnobacterium sp. N15.MGS-251"
"ASV_V1V2_00164"	"cf4c09a165ee7f816445cde046cd56b3"	"V1V2"	"Bacteria"	"Firmicutes"	"Clostridia"	"Clostridiales"	"Lachnospiraceae"	"Lachnoclostridium"	"unknown_Spp Lachnoclostridium gen."
"ASV_V1V2_00165"	"0defe34efbde04784c4606e56bb3751e"	"V1V2"	"Bacteria"	"Firmicutes"	"Clostridia"	"Clostridiales"	"Ruminococcaceae"	"Ruminococcaceae UCG-002"	"unknown_Spp Ruminococcaceae UCG-002 gen."
"ASV_V1V2_00166"	"0e99ef95e65ab8d1802bfea13ac96e21"	"V1V2"	"Bacteria"	"Firmicutes"	"Clostridia"	"Clostridiales"	"Lachnospiraceae"	"Butyrivibrio"	"unknown_Spp Butyrivibrio gen."
"ASV_V1V2_00167"	"13e621449fa597e4923ebd34e6515d71"	"V1V2"	"Bacteria"	"Firmicutes"	"Clostridia"	"Clostridiales"	"Lachnospiraceae"	"Roseburia"	"unknown_Spp Roseburia gen."
"ASV_V1V2_00168"	"0e095db7a8bb66294a7447bf7f0f0613"	"V1V2"	"Bacteria"	"Firmicutes"	"Clostridia"	"Clostridiales"	"Ruminococcaceae"	"Ruminococcus 1"	"unknown_Spp Ruminococcus 1 gen."
"ASV_V1V2_00169"	"ee609da9409aad12c63c582cc7145e7a"	"V1V2"	"Bacteria"	"Firmicutes"	"Clostridia"	"Clostridiales"	"Ruminococcaceae"	"Faecalibacterium"	"unknown_Spp Faecalibacterium gen."
"ASV_V1V2_00170"	"62a990d4ac884cdd614d2200eee6585a"	"V1V2"	"Bacteria"	"Bacteroidetes"	"Bacteroidia"	"Bacteroidales"	"Bacteroidaceae"	"Bacteroides"	"Bacteroides cellulosilyticus CL02T12C19"
"ASV_V1V2_00171"	"d9eb8aadbfd37780adbd1a5c74baedfb"	"V1V2"	"Bacteria"	"Firmicutes"	"Clostridia"	"Clostridiales"	"Lachnospiraceae"	"Anaerostipes"	"unknown_Spp Anaerostipes gen."
"ASV_V1V2_00172"	"3a090ae6a05e4438546ada012e792a45"	"V1V2"	"Bacteria"	"Firmicutes"	"Clostridia"	"Clostridiales"	"unknown_Fam Clostridiales ord."	"unknown_Gen Clostridiales ord."	"unkown_Spp_Gen_Fam_0001"
"ASV_V1V2_00173"	"80bd4be22d3ce2e59b380d2fb9d62500"	"V1V2"	"Bacteria"	"Firmicutes"	"Clostridia"	"Clostridiales"	"Ruminococcaceae"	"Ruminococcus 1"	"Ruminococcus sp. UNK.MGS-30"
"ASV_V1V2_00174"	"96e21d2e058fbfdfd5e633f10e9dc56d"	"V1V2"	"Bacteria"	"Firmicutes"	"Clostridia"	"Clostridiales"	"Ruminococcaceae"	"Ruminococcaceae NK4A214 gr."	"unknown_Spp Ruminococcaceae NK4A214 gr. gen."
"ASV_V1V2_00175"	"3b9d2515805f1825cb730fabaff2fbfc"	"V1V2"	"Bacteria"	"Firmicutes"	"Clostridia"	"Clostridiales"	"Ruminococcaceae"	"Ruminococcaceae NK4A214 gr."	"unknown_Spp Ruminococcaceae NK4A214 gr. gen."
"ASV_V1V2_00176"	"70968f6b9f64d640c8a61d26833c79ee"	"V1V2"	"Bacteria"	"Firmicutes"	"Clostridia"	"Clostridiales"	"Lachnospiraceae"	"Eubacterium eligens gr."	"unknown_Spp Eubacterium eligens gr. gen."
"ASV_V1V2_00177"	"9ff606527abccbfab7ed69033de4d80e"	"V1V2"	"Bacteria"	"Firmicutes"	"Clostridia"	"Clostridiales"	"Lachnospiraceae"	"Eubacterium hallii gr."	"unknown_Spp Eubacterium hallii gr. gen."
"ASV_V1V2_00178"	"6277fe203f46d93ecc3384197912195a"	"V1V2"	"Bacteria"	"Firmicutes"	"Clostridia"	"Clostridiales"	"Ruminococcaceae"	"Ruminococcaceae UCG-002"	"unknown_Spp Ruminococcaceae UCG-002 gen."
"ASV_V1V2_00179"	"e064ac4bfdb32dbedb7fb05ad607c4a6"	"V1V2"	"Bacteria"	"Proteobacteria"	"Gammaproteobacteria"	"Betaproteobacteriales"	"Burkholderiaceae"	"Sutterella"	"unknown_Spp Sutterella gen."
"ASV_V1V2_00180"	"7321dc700bdad62b14ae40f8a45f383c"	"V1V2"	"Bacteria"	"Firmicutes"	"Clostridia"	"Clostridiales"	"Lachnospiraceae"	"Eubacterium eligens gr."	"unknown_Spp Eubacterium eligens gr. gen."
"ASV_V1V2_00181"	"643bd07f3f1fa5b8d7ae407c982b0419"	"V1V2"	"Bacteria"	"Firmicutes"	"Clostridia"	"Clostridiales"	"Lachnospiraceae"	"Lachnospiraceae UCG-001"	"unknown_Spp Lachnospiraceae UCG-001 gen."
"ASV_V1V2_00182"	"9ac4cb28b178922a5ea25153f693cc48"	"V1V2"	"Bacteria"	"Firmicutes"	"Clostridia"	"Clostridiales"	"Lachnospiraceae"	"unknown_Gen Lachnospiraceae fam."	"unknown_Spp Lachnospiraceae fam."
"ASV_V1V2_00183"	"e9720dd53878788b42a9bd6a8098d4e5"	"V1V2"	"Bacteria"	"Firmicutes"	"Clostridia"	"Clostridiales"	"Lachnospiraceae"	"Lachnospiraceae NK4A136 gr."	"unknown_Spp Lachnospiraceae NK4A136 gr. gen."
"ASV_V1V2_00184"	"dbde688534ab729e69a0de4cfc30b309"	"V1V2"	"Bacteria"	"Firmicutes"	"Clostridia"	"Clostridiales"	"Ruminococcaceae"	"Ruminococcus 1"	"unknown_Spp Ruminococcus 1 gen."
"ASV_V1V2_00185"	"534c826feec078ddc357c3d4a1940942"	"V1V2"	"Bacteria"	"Firmicutes"	"Clostridia"	"Clostridiales"	"Peptostreptococcaceae"	"Romboutsia"	"unknown_Spp Romboutsia gen."
"ASV_V1V2_00186"	"eb3f38533fe890cb7e620db0d82a8a2c"	"V1V2"	"Bacteria"	"Firmicutes"	"Erysipelotrichia"	"Erysipelotrichales"	"Erysipelotrichaceae"	"Turicibacter"	"unknown_Spp Turicibacter gen."
"ASV_V1V2_00187"	"0806e90bd0e0eff4b31fa3558bce4315"	"V1V2"	"Bacteria"	"Firmicutes"	"Clostridia"	"Clostridiales"	"Lachnospiraceae"	"Blautia"	"unknown_Spp Blautia gen."
"ASV_V1V2_00188"	"7e6283c933c5ef28b13ad937961e5a4b"	"V1V2"	"Bacteria"	"Firmicutes"	"Clostridia"	"Clostridiales"	"Christensenellaceae"	"Christensenellaceae R-7 gr."	"unknown_Spp Christensenellaceae R-7 gr. gen."
"ASV_V1V2_00189"	"4a613e4180b40294db954ce43cd84bf8"	"V1V2"	"Bacteria"	"Firmicutes"	"Clostridia"	"Clostridiales"	"Lachnospiraceae"	"Roseburia"	"unknown_Spp Roseburia gen."
"ASV_V1V2_00190"	"e0a3600e10cb6e62a5664b1aa53ccb5d"	"V1V2"	"Bacteria"	"Verrucomicrobia"	"Verrucomicrobiae"	"Verrucomicrobiales"	"Akkermansiaceae"	"Akkermansia"	"unknown_Spp Akkermansia gen."
"ASV_V1V2_00191"	"3f41a2adb33e88d0d186c7e2e071b3ac"	"V1V2"	"Bacteria"	"Firmicutes"	"Clostridia"	"Clostridiales"	"Lachnospiraceae"	"Lachnospiraceae ND3007 gr."	"unknown_Spp Lachnospiraceae ND3007 gr. gen."
"ASV_V1V2_00192"	"39a0daed30850b66cf1779c58557a6ce"	"V1V2"	"Bacteria"	"Firmicutes"	"Clostridia"	"Clostridiales"	"Lachnospiraceae"	"Dorea"	"unknown_Spp Dorea gen."
"ASV_V1V2_00193"	"1e43d99290dcddef8f37bae985290d9f"	"V1V2"	"Bacteria"	"Actinobacteria"	"Coriobacteriia"	"Coriobacteriales"	"Coriobacteriaceae"	"Collinsella"	"unknown_Spp Collinsella gen."
"ASV_V1V2_00194"	"f9015214807ff1c7f292d28123a5f29b"	"V1V2"	"Bacteria"	"Bacteroidetes"	"Bacteroidia"	"Bacteroidales"	"Bacteroidaceae"	"Bacteroides"	"Bacteroides stercoris ATCC 43183"
"ASV_V1V2_00195"	"0eb61dd9ef68a7bbd08cf0701ab986c3"	"V1V2"	"Bacteria"	"Firmicutes"	"Clostridia"	"Clostridiales"	"Lachnospiraceae"	"Lachnoclostridium"	"unknown_Spp Lachnoclostridium gen."
"ASV_V1V2_00196"	"c09f594a9e5b39ef970724c2fa3d6407"	"V1V2"	"Bacteria"	"Firmicutes"	"Clostridia"	"Clostridiales"	"Lachnospiraceae"	"Roseburia"	"unknown_Spp Roseburia gen."
"ASV_V1V2_00197"	"19465543c2a2c0629983e862d5b7411f"	"V1V2"	"Bacteria"	"Firmicutes"	"Clostridia"	"Clostridiales"	"Clostridiaceae 1"	"Clostridium sensu stricto 1"	"unknown_Spp Clostridium sensu stricto 1 gen."
"ASV_V1V2_00198"	"500c0d07ab92e1ee1233553698484c89"	"V1V2"	"Bacteria"	"Firmicutes"	"Clostridia"	"Clostridiales"	"Lachnospiraceae"	"Lachnospiraceae NK4A136 gr."	"unknown_Spp Lachnospiraceae NK4A136 gr. gen."
"ASV_V1V2_00199"	"72269808c7cbf3afbcf3e0d7d637e438"	"V1V2"	"Bacteria"	"Firmicutes"	"Clostridia"	"Clostridiales"	"Lachnospiraceae"	"Lachnospiraceae ND3007 gr."	"unknown_Spp Lachnospiraceae ND3007 gr. gen."
"ASV_V1V2_00200"	"1497fd2a3afa7f924e3ab4874ae790d7"	"V1V2"	"Bacteria"	"Firmicutes"	"Clostridia"	"Clostridiales"	"Ruminococcaceae"	"Faecalibacterium"	"unknown_Spp Faecalibacterium gen."
"ASV_V1V2_00201"	"8b5fb5878300ac2eaa755fb47399adcf"	"V1V2"	"Bacteria"	"Firmicutes"	"Clostridia"	"Clostridiales"	"Lachnospiraceae"	"Roseburia"	"unknown_Spp Roseburia gen."
"ASV_V1V2_00202"	"e11f22e661509d7e823320b5d0ac0c27"	"V1V2"	"Bacteria"	"Bacteroidetes"	"Bacteroidia"	"Bacteroidales"	"Prevotellaceae"	"Prevotella 9"	"unknown_Spp Prevotella 9 gen."
"ASV_V1V2_00203"	"9f22d8c3ff362d06f16f7e80f90ee697"	"V1V2"	"Bacteria"	"Firmicutes"	"Clostridia"	"Clostridiales"	"Ruminococcaceae"	"Butyricicoccus"	"unknown_Spp Butyricicoccus gen."
"ASV_V1V2_00204"	"1662158454ccbc883e17649532f69ecf"	"V1V2"	"Bacteria"	"Firmicutes"	"Clostridia"	"Clostridiales"	"Lachnospiraceae"	"Blautia"	"unknown_Spp Blautia gen."
"ASV_V1V2_00205"	"d5560908f5b1d05e602ffbcbd81a0c12"	"V1V2"	"Bacteria"	"Firmicutes"	"Clostridia"	"Clostridiales"	"Lachnospiraceae"	"Eubacterium hallii gr."	"unknown_Spp Eubacterium hallii gr. gen."
"ASV_V1V2_00206"	"30be8b858b0aed020e25f85491f3d6fe"	"V1V2"	"Bacteria"	"Firmicutes"	"Clostridia"	"Clostridiales"	"Ruminococcaceae"	"Faecalibacterium"	"unknown_Spp Faecalibacterium gen."
"ASV_V1V2_00207"	"a6e0a5cfccc30d105aa688feba8983f6"	"V1V2"	"Bacteria"	"Firmicutes"	"Clostridia"	"Clostridiales"	"Lachnospiraceae"	"Blautia"	"Blautia sp. Marseille-P3087"
"ASV_V1V2_00208"	"46f8cbb1c608a78d7278995bfe01972f"	"V1V2"	"Bacteria"	"Firmicutes"	"Clostridia"	"Clostridiales"	"Ruminococcaceae"	"Ruminococcaceae UCG-014"	"unknown_Spp Ruminococcaceae UCG-014 gen."
"ASV_V1V2_00209"	"682ce243a18e87b2eea96a0f6010fc71"	"V1V2"	"Bacteria"	"Bacteroidetes"	"Bacteroidia"	"Bacteroidales"	"Bacteroidaceae"	"Bacteroides"	"unknown_Spp Bacteroides gen."
"ASV_V1V2_00210"	"7ba49ea97c39936f9af662ceee306f12"	"V1V2"	"Bacteria"	"Firmicutes"	"Clostridia"	"Clostridiales"	"Lachnospiraceae"	"Eubacterium hallii gr."	"unknown_Spp Eubacterium hallii gr. gen."
"ASV_V1V2_00211"	"c232e67c805db2925537045ec3191b9b"	"V1V2"	"Bacteria"	"Firmicutes"	"Erysipelotrichia"	"Erysipelotrichales"	"Erysipelotrichaceae"	"Erysipelotrichaceae UCG-003"	"unknown_Spp Erysipelotrichaceae UCG-003 gen."
"ASV_V1V2_00212"	"001dcd8171b4e71768223a5b7690ce2a"	"V1V2"	"Bacteria"	"Actinobacteria"	"Coriobacteriia"	"Coriobacteriales"	"Coriobacteriaceae"	"Collinsella"	"unknown_Spp Collinsella gen."
"ASV_V1V2_00213"	"b598f896ecd032ec4d67c0722b8b1516"	"V1V2"	"Bacteria"	"Firmicutes"	"Clostridia"	"Clostridiales"	"Lachnospiraceae"	"Agathobacter"	"Eubacterium ramulus"
"ASV_V1V2_00214"	"6f8a29759079c3434551f153bfb38a23"	"V1V2"	"Bacteria"	"Bacteroidetes"	"Bacteroidia"	"Bacteroidales"	"Bacteroidaceae"	"Bacteroides"	"unknown_Spp Bacteroides gen."
"ASV_V1V2_00215"	"f8ca4178a9822f188287eaa240a928e7"	"V1V2"	"Bacteria"	"Firmicutes"	"Clostridia"	"Clostridiales"	"Ruminococcaceae"	"Ruminococcus 1"	"unknown_Spp Ruminococcus 1 gen."
"ASV_V1V2_00216"	"579092ba41abe50cccee348d903684e0"	"V1V2"	"Bacteria"	"Firmicutes"	"Clostridia"	"Clostridiales"	"Ruminococcaceae"	"Ruminococcaceae UCG-002"	"unknown_Spp Ruminococcaceae UCG-002 gen."
"ASV_V1V2_00217"	"e73ba96fb70b548ed4af7cbf2dd89fd6"	"V1V2"	"Bacteria"	"Firmicutes"	"Clostridia"	"Clostridiales"	"Lachnospiraceae"	"Coprococcus 3"	"unknown_Spp Coprococcus 3 gen."
"ASV_V1V2_00218"	"2cde8133efde9ca13ee991e7af606225"	"V1V2"	"Bacteria"	"Firmicutes"	"Clostridia"	"Clostridiales"	"Lachnospiraceae"	"unknown_Gen Lachnospiraceae fam."	"unknown_Spp Lachnospiraceae fam."
"ASV_V1V2_00219"	"fd2bbc232a5d0d05bb000f99c32e7728"	"V1V2"	"Bacteria"	"Firmicutes"	"Clostridia"	"MBA03"	"unknown_Fam MBA03 ord."	"unknown_Gen MBA03 ord."	"unkown_Spp_Gen_Fam_0002"
"ASV_V1V2_00220"	"4fdeb0573fba6bc0dc829cf168714eaa"	"V1V2"	"Bacteria"	"Firmicutes"	"Clostridia"	"Clostridiales"	"Ruminococcaceae"	"Faecalibacterium"	"unknown_Spp Faecalibacterium gen."
"ASV_V1V2_00221"	"0fbdda168afda09e53f440710a84216b"	"V1V2"	"Bacteria"	"Firmicutes"	"Clostridia"	"Clostridiales"	"Lachnospiraceae"	"Blautia"	"unknown_Spp Blautia gen."
"ASV_V1V2_00222"	"07c45deabf6e4b999b2c7a26dbf1eb8f"	"V1V2"	"Bacteria"	"Firmicutes"	"Clostridia"	"Clostridiales"	"Ruminococcaceae"	"Subdoligranulum"	"unknown_Spp Subdoligranulum gen."
"ASV_V1V2_00223"	"3053324cf626b790782e14871dd80f13"	"V1V2"	"Bacteria"	"Firmicutes"	"Clostridia"	"Clostridiales"	"Lachnospiraceae"	"unknown_Gen Lachnospiraceae fam."	"unknown_Spp Lachnospiraceae fam."
"ASV_V1V2_00224"	"a4082b7a0baaf561bf67b49a07b296f4"	"V1V2"	"Bacteria"	"Firmicutes"	"Clostridia"	"Clostridiales"	"Lachnospiraceae"	"Anaerostipes"	"unknown_Spp Anaerostipes gen."
"ASV_V1V2_00225"	"dae4235caa5032c3e4448552434d519e"	"V1V2"	"Bacteria"	"Firmicutes"	"Clostridia"	"Clostridiales"	"Ruminococcaceae"	"Ruminococcaceae UCG-002"	"unknown_Spp Ruminococcaceae UCG-002 gen."
"ASV_V1V2_00226"	"66a03f033d6aae4d7e9a751c8c7b230c"	"V1V2"	"Bacteria"	"Actinobacteria"	"Actinobacteria"	"Bifidobacteriales"	"Bifidobacteriaceae"	"Bifidobacterium"	"Bifidobacterium longum subsp. longum"
"ASV_V1V2_00227"	"91e8575c20c28fd1e71df4325b517d4f"	"V1V2"	"Bacteria"	"Firmicutes"	"Clostridia"	"Clostridiales"	"Lachnospiraceae"	"Lachnospiraceae NK4A136 gr."	"unknown_Spp Lachnospiraceae NK4A136 gr. gen."
"ASV_V1V2_00228"	"e8779cc6b3dd4e091a1fd9026637cf7c"	"V1V2"	"Bacteria"	"Firmicutes"	"Clostridia"	"Clostridiales"	"Lachnospiraceae"	"Eubacterium hallii gr."	"unknown_Spp Eubacterium hallii gr. gen."
"ASV_V1V2_00229"	"78e18443e9dbeacf3a219c1a4cb57b97"	"V1V2"	"Bacteria"	"Bacteroidetes"	"Bacteroidia"	"Bacteroidales"	"Rikenellaceae"	"Alistipes"	"unknown_Spp Alistipes gen."
"ASV_V1V2_00230"	"9fafd79140527aa248db672522bed65e"	"V1V2"	"Bacteria"	"Firmicutes"	"Clostridia"	"Clostridiales"	"Ruminococcaceae"	"Ruminococcaceae UCG-013"	"unknown_Spp Ruminococcaceae UCG-013 gen."
"ASV_V1V2_00231"	"9a0f88923c2a2924572741b6250d23fd"	"V1V2"	"Bacteria"	"Bacteroidetes"	"Bacteroidia"	"Bacteroidales"	"Bacteroidaceae"	"Bacteroides"	"Bacteroides uniformis CL03T12C37"
"ASV_V1V2_00232"	"a46f231789ac75f872bb33d328f0912a"	"V1V2"	"Bacteria"	"Firmicutes"	"Clostridia"	"Clostridiales"	"Lachnospiraceae"	"Eubacterium hallii gr."	"unknown_Spp Eubacterium hallii gr. gen."
"ASV_V1V2_00233"	"3d934a58bb07efa3e656ae0d0945f05c"	"V1V2"	"Bacteria"	"Firmicutes"	"Clostridia"	"Clostridiales"	"Lachnospiraceae"	"Lachnospiraceae FCS020 gr."	"unknown_Spp Lachnospiraceae FCS020 gr. gen."
"ASV_V1V2_00234"	"cd1e21fc59a013e007cf8fe3b6867cb0"	"V1V2"	"Bacteria"	"Firmicutes"	"Clostridia"	"Clostridiales"	"Lachnospiraceae"	"Blautia"	"unknown_Spp Blautia gen."
"ASV_V1V2_00235"	"e2348fb973d96f93c3b751b8f6e6fa50"	"V1V2"	"Bacteria"	"Firmicutes"	"Clostridia"	"Clostridiales"	"Lachnospiraceae"	"Blautia"	"unknown_Spp Blautia gen."
"ASV_V1V2_00236"	"b0799e0e7765cb596692a6bdb3936f5f"	"V1V2"	"Bacteria"	"Firmicutes"	"Clostridia"	"Clostridiales"	"Lachnospiraceae"	"Eubacterium hallii gr."	"unknown_Spp Eubacterium hallii gr. gen."
"ASV_V1V2_00237"	"00b8e181bdb33b8cf77cbc6a8f921f65"	"V1V2"	"Bacteria"	"Firmicutes"	"Clostridia"	"Clostridiales"	"Lachnospiraceae"	"Eubacterium hallii gr."	"unknown_Spp Eubacterium hallii gr. gen."
"ASV_V1V2_00238"	"af5c5db9fb7570a92a013811d4e068eb"	"V1V2"	"Bacteria"	"Firmicutes"	"Clostridia"	"Clostridiales"	"Lachnospiraceae"	"Blautia"	"unknown_Spp Blautia gen."
"ASV_V1V2_00239"	"5649ff93d44a47099c8a84eb0c2d6aff"	"V1V2"	"Bacteria"	"Firmicutes"	"Clostridia"	"Clostridiales"	"Lachnospiraceae"	"Eubacterium ruminantium gr."	"unknown_Spp Eubacterium ruminantium gr. gen."
"ASV_V1V2_00240"	"5d930502adf1f4fdce6455ee52df05fc"	"V1V2"	"Bacteria"	"Bacteroidetes"	"Bacteroidia"	"Bacteroidales"	"Muribaculaceae"	"unknown_Gen Muribaculaceae fam."	"unknown_Spp Muribaculaceae fam."
"ASV_V1V2_00241"	"126ad7084bc71e468a43b296d9700a23"	"V1V2"	"Bacteria"	"Firmicutes"	"Clostridia"	"Clostridiales"	"Lachnospiraceae"	"Roseburia"	"unknown_Spp Roseburia gen."
"ASV_V1V2_00242"	"ef9185fe1f9137a7a44c8474db4484eb"	"V1V2"	"Bacteria"	"Firmicutes"	"Clostridia"	"Clostridiales"	"Lachnospiraceae"	"Blautia"	"unknown_Spp Blautia gen."
"ASV_V1V2_00243"	"5261ffb79f623638849c4b0a0305062b"	"V1V2"	"Bacteria"	"Firmicutes"	"Clostridia"	"Clostridiales"	"Ruminococcaceae"	"Ruminiclostridium 5"	"Carnobacterium sp. N15.MGS-251"
"ASV_V1V2_00244"	"24c1ec5c7bbd5ff2a738de04f20895da"	"V1V2"	"Bacteria"	"Firmicutes"	"Clostridia"	"Clostridiales"	"Lachnospiraceae"	"Eubacterium ventriosum gr."	"unknown_Spp Eubacterium ventriosum gr. gen."
"ASV_V1V2_00245"	"92844c84cfab4497dc56d3cdfe57dce8"	"V1V2"	"Bacteria"	"Firmicutes"	"Clostridia"	"Clostridiales"	"Ruminococcaceae"	"Faecalibacterium"	"unknown_Spp Faecalibacterium gen."
"ASV_V1V2_00246"	"06ceb9148bec736311bf7af73d295634"	"V1V2"	"Bacteria"	"Actinobacteria"	"Coriobacteriia"	"Coriobacteriales"	"Coriobacteriaceae"	"Collinsella"	"unknown_Spp Collinsella gen."
"ASV_V1V2_00247"	"9b4fd35bba2cb3fbcb058540e79a0536"	"V1V2"	"Bacteria"	"Firmicutes"	"Clostridia"	"Clostridiales"	"Lachnospiraceae"	"Blautia"	"Ruminococcus sp. Marseille-P328"
"ASV_V1V2_00248"	"245372ae83876e7d0b0298859f9a8d58"	"V1V2"	"Bacteria"	"Firmicutes"	"Clostridia"	"Clostridiales"	"Lachnospiraceae"	"Roseburia"	"unknown_Spp Roseburia gen."
"ASV_V1V2_00249"	"78f7a2e0a48d97019f2d31ccb9fea651"	"V1V2"	"Bacteria"	"Fusobacteria"	"Fusobacteriia"	"Fusobacteriales"	"Fusobacteriaceae"	"Fusobacterium"	"unknown_Spp Fusobacterium gen."
"ASV_V1V2_00250"	"85fd15e1385fb1d6c10966c7b545dedb"	"V1V2"	"Bacteria"	"Firmicutes"	"Clostridia"	"Clostridiales"	"Lachnospiraceae"	"Lachnospiraceae FCS020 gr."	"unknown_Spp Lachnospiraceae FCS020 gr. gen."
"ASV_V1V2_00251"	"dc6a64a9f8ae4fa0b8bbf347d10d1fe6"	"V1V2"	"Bacteria"	"Firmicutes"	"Clostridia"	"Clostridiales"	"Ruminococcaceae"	"Faecalibacterium"	"unknown_Spp Faecalibacterium gen."
"ASV_V1V2_00252"	"6594ec2b24c61e21802408d1d51b574a"	"V1V2"	"Bacteria"	"Firmicutes"	"Clostridia"	"Clostridiales"	"Lachnospiraceae"	"Lachnospiraceae UCG-001"	"unknown_Spp Lachnospiraceae UCG-001 gen."
"ASV_V1V2_00253"	"0113fa4f39db164a83a6ba4ff5faf0d3"	"V1V2"	"Bacteria"	"Bacteroidetes"	"Bacteroidia"	"Bacteroidales"	"Bacteroidaceae"	"Bacteroides"	"Bacteroides cellulosilyticus CL02T12C19"
"ASV_V1V2_00254"	"0fbbd7ea6975a55a21d52b29f9a45039"	"V1V2"	"Bacteria"	"Actinobacteria"	"Coriobacteriia"	"Coriobacteriales"	"Eggerthellaceae"	"Senegalimassilia"	"unknown_Spp Senegalimassilia gen."
"ASV_V1V2_00255"	"b14cfde0c4897d53f160952f1b451535"	"V1V2"	"Bacteria"	"Firmicutes"	"Clostridia"	"Clostridiales"	"Lachnospiraceae"	"Roseburia"	"unknown_Spp Roseburia gen."
"ASV_V1V2_00256"	"f1d9ed671625901a99ff04ba0ba3aef6"	"V1V2"	"Bacteria"	"Firmicutes"	"Clostridia"	"Clostridiales"	"Lachnospiraceae"	"Fusicatenibacter"	"unknown_Spp Fusicatenibacter gen."
"ASV_V1V2_00257"	"16813a56ac91d5d193b9b6069c87030c"	"V1V2"	"Bacteria"	"Firmicutes"	"Clostridia"	"Clostridiales"	"Christensenellaceae"	"Christensenellaceae R-7 gr."	"unknown_Spp Christensenellaceae R-7 gr. gen."
"ASV_V1V2_00258"	"d8045138f0700b7a865a2775c4b52568"	"V1V2"	"Bacteria"	"Firmicutes"	"Clostridia"	"Clostridiales"	"unknown_Fam Clostridiales ord."	"unknown_Gen Clostridiales ord."	"unkown_Spp_Gen_Fam_0003"
"ASV_V1V2_00259"	"006e06d16e1daec75cfcf99b5019d799"	"V1V2"	"Bacteria"	"Firmicutes"	"Clostridia"	"Clostridiales"	"Lachnospiraceae"	"Eubacterium hallii gr."	"unknown_Spp Eubacterium hallii gr. gen."
"ASV_V1V2_00260"	"238ae952030115fa86559de6480db1ab"	"V1V2"	"Bacteria"	"Firmicutes"	"Clostridia"	"Clostridiales"	"Lachnospiraceae"	"Anaerostipes"	"unknown_Spp Anaerostipes gen."
"ASV_V1V2_00261"	"4e57f7e7141ec32c9d68557478474aaf"	"V1V2"	"Bacteria"	"Firmicutes"	"Clostridia"	"Clostridiales"	"Ruminococcaceae"	"Faecalibacterium"	"unknown_Spp Faecalibacterium gen."
"ASV_V1V2_00262"	"1887ad073b53dc5b988665f8179d7b96"	"V1V2"	"Bacteria"	"Firmicutes"	"Clostridia"	"Clostridiales"	"Ruminococcaceae"	"Faecalibacterium"	"unknown_Spp Faecalibacterium gen."
"ASV_V1V2_00263"	"cc485052d72f25a2dc674973bb15ac1e"	"V1V2"	"Bacteria"	"Firmicutes"	"Clostridia"	"Clostridiales"	"Peptostreptococcaceae"	"Romboutsia"	"unknown_Spp Romboutsia gen."
"ASV_V1V2_00264"	"176a60ba638a5c21b1cd75dfffa523f4"	"V1V2"	"Bacteria"	"Firmicutes"	"Clostridia"	"Clostridiales"	"Lachnospiraceae"	"Eubacterium ventriosum gr."	"unknown_Spp Eubacterium ventriosum gr. gen."
"ASV_V1V2_00265"	"2903dcb3ef63377d306527437bb38275"	"V1V2"	"Bacteria"	"Firmicutes"	"Clostridia"	"Clostridiales"	"Ruminococcaceae"	"Eubacterium coprostanoligenes gr."	"unknown_Spp Eubacterium coprostanoligenes gr. gen."
"ASV_V1V2_00266"	"30bba32413e074bca2fdae7ec81e621d"	"V1V2"	"Bacteria"	"Firmicutes"	"Clostridia"	"Clostridiales"	"Ruminococcaceae"	"Ruminococcus 1"	"unknown_Spp Ruminococcus 1 gen."
"ASV_V1V2_00267"	"f0e606eb4fc12450aef7d81362987a45"	"V1V2"	"Bacteria"	"Firmicutes"	"Negativicutes"	"Selenomonadales"	"Veillonellaceae"	"Dialister"	"unknown_Spp Dialister gen."
"ASV_V1V2_00268"	"f42ffa5572bdf76f24e7f42a3be7aa9e"	"V1V2"	"Bacteria"	"Firmicutes"	"Clostridia"	"Clostridiales"	"Lachnospiraceae"	"CAG-56"	"unknown_Spp CAG-56 gen."
"ASV_V1V2_00269"	"cd11e383fb994b865b148e3d1ef42c42"	"V1V2"	"Bacteria"	"Firmicutes"	"Clostridia"	"Clostridiales"	"Ruminococcaceae"	"Ruminococcus 1"	"Ruminococcus sp. UNK.MGS-30"
"ASV_V1V2_00270"	"e54de196ebfc42af492d439fd9677d91"	"V1V2"	"Bacteria"	"Firmicutes"	"Clostridia"	"Clostridiales"	"Lachnospiraceae"	"Eubacterium hallii gr."	"unknown_Spp Eubacterium hallii gr. gen."
"ASV_V1V2_00271"	"8a5271d71ce8a7f0fd0c3133d2d99814"	"V1V2"	"Bacteria"	"Firmicutes"	"Clostridia"	"Clostridiales"	"Lachnospiraceae"	"unknown_Gen Lachnospiraceae fam."	"unknown_Spp Lachnospiraceae fam."
"ASV_V1V2_00272"	"e8f0ad0fe8ae2256d446f18dcb185d82"	"V1V2"	"Bacteria"	"Firmicutes"	"Clostridia"	"Clostridiales"	"Peptostreptococcaceae"	"Romboutsia"	"unknown_Spp Romboutsia gen."
"ASV_V1V2_00273"	"20cb942ae9840db0b2e02b05b34b0ab4"	"V1V2"	"Bacteria"	"Firmicutes"	"Clostridia"	"Clostridiales"	"Lachnospiraceae"	"Agathobacter"	"unknown_Spp Agathobacter gen."
"ASV_V1V2_00274"	"3bc45f0c1c246442ddf2511ee5588f7f"	"V1V2"	"Bacteria"	"Firmicutes"	"Clostridia"	"Clostridiales"	"Lachnospiraceae"	"Eubacterium hallii gr."	"unknown_Spp Eubacterium hallii gr. gen."
"ASV_V1V2_00275"	"702492a9d767aaf7ad849d6c00ed4705"	"V1V2"	"Bacteria"	"Firmicutes"	"Clostridia"	"Clostridiales"	"Lachnospiraceae"	"Eubacterium hallii gr."	"unknown_Spp Eubacterium hallii gr. gen."
"ASV_V1V2_00276"	"8a2426fff2b6cb85eadca95943a59b73"	"V1V2"	"Bacteria"	"Firmicutes"	"Clostridia"	"Clostridiales"	"Lachnospiraceae"	"Blautia"	"unknown_Spp Blautia gen."
"ASV_V1V2_00277"	"82eceefe5d2bf415a061a192e2d43700"	"V1V2"	"Bacteria"	"Firmicutes"	"Clostridia"	"Clostridiales"	"Ruminococcaceae"	"Ruminococcaceae UCG-002"	"unknown_Spp Ruminococcaceae UCG-002 gen."
"ASV_V1V2_00278"	"568e57d28a18b1daedd4aebdaa9a2cca"	"V1V2"	"Bacteria"	"Firmicutes"	"Clostridia"	"Clostridiales"	"Lachnospiraceae"	"Fusicatenibacter"	"unknown_Spp Fusicatenibacter gen."
"ASV_V1V2_00279"	"b72a99249430a8e415525f8202916ba0"	"V1V2"	"Bacteria"	"Firmicutes"	"Clostridia"	"Clostridiales"	"Ruminococcaceae"	"Faecalibacterium"	"unknown_Spp Faecalibacterium gen."
"ASV_V1V2_00280"	"732850460ec485133074233eabcc7c02"	"V1V2"	"Bacteria"	"Bacteroidetes"	"Bacteroidia"	"Bacteroidales"	"Prevotellaceae"	"Prevotella 9"	"unknown_Spp Prevotella 9 gen."
"ASV_V1V2_00281"	"81d67174a6a52f14f6c12dfc2f57166d"	"V1V2"	"Bacteria"	"Firmicutes"	"Clostridia"	"Clostridiales"	"Family XIII"	"Family XIII UCG-001"	"unknown_Spp Family XIII UCG-001 gen."
"ASV_V1V2_00282"	"9417a86be2124ac24fcea2b5a8c800c1"	"V1V2"	"Bacteria"	"Firmicutes"	"Clostridia"	"Clostridiales"	"Ruminococcaceae"	"Ruminococcaceae UCG-002"	"unknown_Spp Ruminococcaceae UCG-002 gen."
"ASV_V1V2_00283"	"a2aaea759033f5a211318b517afb109d"	"V1V2"	"Bacteria"	"Firmicutes"	"Clostridia"	"Clostridiales"	"Lachnospiraceae"	"Coprococcus 2"	"Coprococcus eutactus"
"ASV_V1V2_00284"	"89d8a81a7f052dba3a31ffbe2d275b6f"	"V1V2"	"Bacteria"	"Bacteroidetes"	"Bacteroidia"	"Bacteroidales"	"Tannerellaceae"	"Parabacteroides"	"unknown_Spp Parabacteroides gen."
"ASV_V1V2_00285"	"1e6c5fb959ff8c2338025183caa1881c"	"V1V2"	"Bacteria"	"Firmicutes"	"Clostridia"	"Clostridiales"	"Lachnospiraceae"	"Eubacterium hallii gr."	"unknown_Spp Eubacterium hallii gr. gen."
"ASV_V1V2_00286"	"15a08f45db3e232ceec9a4bb061a7667"	"V1V2"	"Bacteria"	"Firmicutes"	"Clostridia"	"Clostridiales"	"Peptostreptococcaceae"	"Terrisporobacter"	"unknown_Spp Terrisporobacter gen."
"ASV_V1V2_00287"	"31abd1511936b6d77aad9e7e2672d1b6"	"V1V2"	"Bacteria"	"Firmicutes"	"Clostridia"	"Clostridiales"	"Ruminococcaceae"	"Faecalibacterium"	"unknown_Spp Faecalibacterium gen."
"ASV_V1V2_00288"	"566a9aceb9560ad9ae63b1591d9cba61"	"V1V2"	"Bacteria"	"Firmicutes"	"Clostridia"	"Clostridiales"	"Lachnospiraceae"	"Anaerostipes"	"unknown_Spp Anaerostipes gen."
"ASV_V1V2_00289"	"e5e4a51e9ae6eb3fd8f5dd8cec147c03"	"V1V2"	"Bacteria"	"Firmicutes"	"Clostridia"	"Clostridiales"	"Lachnospiraceae"	"Eubacterium xylanophilum gr."	"unknown_Spp Eubacterium xylanophilum gr. gen."
"ASV_V1V2_00290"	"9b20f90d72b7b0cb0e15f5210c8b44be"	"V1V2"	"Bacteria"	"Firmicutes"	"Clostridia"	"Clostridiales"	"Ruminococcaceae"	"Subdoligranulum"	"unknown_Spp Subdoligranulum gen."
"ASV_V1V2_00291"	"3cf9a8f17c2946eaa2bd2b4255b48e74"	"V1V2"	"Bacteria"	"Firmicutes"	"Clostridia"	"Clostridiales"	"Lachnospiraceae"	"Eubacterium eligens gr."	"unknown_Spp Eubacterium eligens gr. gen."
"ASV_V1V2_00292"	"3effe494522fd3f56228d6f71c0acb55"	"V1V2"	"Bacteria"	"Firmicutes"	"Clostridia"	"Clostridiales"	"Lachnospiraceae"	"Eubacterium ruminantium gr."	"unknown_Spp Eubacterium ruminantium gr. gen."
"ASV_V1V2_00293"	"9a2daba4bda3f67cc1cc52e455f00a85"	"V1V2"	"Bacteria"	"Bacteroidetes"	"Bacteroidia"	"Bacteroidales"	"Prevotellaceae"	"unknown_Gen Prevotellaceae fam."	"Prevotellaceae bacterium DJF VR15"
"ASV_V1V2_00294"	"3472a263335599f055cf46d57390d18d"	"V1V2"	"Bacteria"	"Firmicutes"	"Clostridia"	"Clostridiales"	"Lachnospiraceae"	"Blautia"	"unknown_Spp Blautia gen."
"ASV_V1V2_00295"	"f961b2eec1a709c837ae6579530b8fdb"	"V1V2"	"Bacteria"	"Firmicutes"	"Clostridia"	"Clostridiales"	"Lachnospiraceae"	"Coprococcus 2"	"unknown_Spp Coprococcus 2 gen."
"ASV_V1V2_00296"	"20d4e7ba02f74d7e69e2c807491d8c57"	"V1V2"	"Bacteria"	"Firmicutes"	"Clostridia"	"Clostridiales"	"Lachnospiraceae"	"Coprococcus 1"	"unknown_Spp Coprococcus 1 gen."
"ASV_V1V2_00297"	"c969b497b985d0a5f82a58d7ae7f2095"	"V1V2"	"Bacteria"	"Firmicutes"	"Clostridia"	"Clostridiales"	"Lachnospiraceae"	"Roseburia"	"unknown_Spp Roseburia gen."
"ASV_V1V2_00298"	"b41abb21819adaa200f3f56dbc82673d"	"V1V2"	"Bacteria"	"Firmicutes"	"Clostridia"	"Clostridiales"	"Lachnospiraceae"	"Blautia"	"unknown_Spp Blautia gen."
"ASV_V1V2_00299"	"2715bd903cf8ca0cfc036b9a94793fbd"	"V1V2"	"Bacteria"	"Firmicutes"	"Clostridia"	"Clostridiales"	"Ruminococcaceae"	"Ruminiclostridium 6"	"unknown_Spp Ruminiclostridium 6 gen."
"ASV_V1V2_00300"	"67029aa54c34e3e46657a016175e4fad"	"V1V2"	"Bacteria"	"Bacteroidetes"	"Bacteroidia"	"Bacteroidales"	"Barnesiellaceae"	"Barnesiella"	"unknown_Spp Barnesiella gen."
"ASV_V1V2_00301"	"8cea5592dc977803df7f5b7070d395ab"	"V1V2"	"Bacteria"	"Firmicutes"	"Clostridia"	"Clostridiales"	"Lachnospiraceae"	"Blautia"	"unknown_Spp Blautia gen."
"ASV_V1V2_00302"	"73ecd27e2aaa85c5bdddfc6362b21938"	"V1V2"	"Bacteria"	"Bacteroidetes"	"Bacteroidia"	"Bacteroidales"	"Rikenellaceae"	"Alistipes"	"Alistipes sp. AL-1"
"ASV_V1V2_00303"	"92208fd45aafc293cff09618a21bddc8"	"V1V2"	"Bacteria"	"Bacteroidetes"	"Bacteroidia"	"Bacteroidales"	"Rikenellaceae"	"Alistipes"	"Alistipes sp. AL-1"
"ASV_V1V2_00304"	"3e8a5b87bb486825e73a932aeafec22a"	"V1V2"	"Bacteria"	"Firmicutes"	"Clostridia"	"Clostridiales"	"Ruminococcaceae"	"Faecalibacterium"	"unknown_Spp Faecalibacterium gen."
"ASV_V1V2_00305"	"4d939d4cbc2b0cdb605207bce50c5166"	"V1V2"	"Bacteria"	"Firmicutes"	"Clostridia"	"Clostridiales"	"Ruminococcaceae"	"Ruminococcaceae UCG-002"	"unknown_Spp Ruminococcaceae UCG-002 gen."
"ASV_V1V2_00306"	"08e88a3bdcc7af67390b8981e5a3580d"	"V1V2"	"Bacteria"	"Firmicutes"	"Clostridia"	"Clostridiales"	"Lachnospiraceae"	"Eubacterium ruminantium gr."	"unknown_Spp Eubacterium ruminantium gr. gen."
"ASV_V1V2_00307"	"550b24e55d8ada970db74b9b05aca654"	"V1V2"	"Bacteria"	"Firmicutes"	"Clostridia"	"Clostridiales"	"Ruminococcaceae"	"Ruminococcaceae NK4A214 gr."	"unknown_Spp Ruminococcaceae NK4A214 gr. gen."
"ASV_V1V2_00308"	"484f7bf99a5ee8fed1b0077fd59997fc"	"V1V2"	"Bacteria"	"Firmicutes"	"Clostridia"	"Clostridiales"	"Lachnospiraceae"	"Lachnospiraceae NK4A136 gr."	"unknown_Spp Lachnospiraceae NK4A136 gr. gen."
"ASV_V1V2_00309"	"dd0117f12bec004b99ede5d5f60dce9c"	"V1V2"	"Bacteria"	"Firmicutes"	"Clostridia"	"Clostridiales"	"Ruminococcaceae"	"Faecalibacterium"	"unknown_Spp Faecalibacterium gen."
"ASV_V1V2_00310"	"080ca6d0c2a55b8618616bb53e24419f"	"V1V2"	"Bacteria"	"Firmicutes"	"Clostridia"	"Clostridiales"	"Ruminococcaceae"	"Subdoligranulum"	"unknown_Spp Subdoligranulum gen."
"ASV_V1V2_00311"	"ce991f29b3b294fdf67d6ed4c3048937"	"V1V2"	"Bacteria"	"Firmicutes"	"Erysipelotrichia"	"Erysipelotrichales"	"Erysipelotrichaceae"	"Erysipelotrichaceae UCG-003"	"unknown_Spp Erysipelotrichaceae UCG-003 gen."
"ASV_V1V2_00312"	"509036e711aa2d5b5a6ec2372c17feff"	"V1V2"	"Bacteria"	"Firmicutes"	"Clostridia"	"Clostridiales"	"Ruminococcaceae"	"Ruminiclostridium 9"	"unknown_Spp Ruminiclostridium 9 gen."
"ASV_V1V2_00313"	"da503ae7740c1dcf5a4ebad4e846ea34"	"V1V2"	"Bacteria"	"Firmicutes"	"Clostridia"	"Clostridiales"	"Family XIII"	"Family XIII AD3011 gr."	"unknown_Spp Family XIII AD3011 gr. gen."
"ASV_V1V2_00314"	"c9b5cdf7937e6f0a7afdc2218e6e2bae"	"V1V2"	"Bacteria"	"Firmicutes"	"Clostridia"	"Clostridiales"	"Lachnospiraceae"	"Ruminococcus gauvreauii gr."	"unknown_Spp Ruminococcus gauvreauii gr. gen."
"ASV_V1V2_00315"	"61b7017bb199ffc02e9a7e8b3fe19c29"	"V1V2"	"Bacteria"	"Firmicutes"	"Clostridia"	"Clostridiales"	"Lachnospiraceae"	"Eubacterium xylanophilum gr."	"unknown_Spp Eubacterium xylanophilum gr. gen."
"ASV_V1V2_00316"	"11db776800c3a948dc4d16c095e4772a"	"V1V2"	"Bacteria"	"Firmicutes"	"Clostridia"	"Clostridiales"	"Lachnospiraceae"	"Eubacterium eligens gr."	"unknown_Spp Eubacterium eligens gr. gen."
"ASV_V1V2_00317"	"70cf129fa958158f680d9b5d84365703"	"V1V2"	"Bacteria"	"Firmicutes"	"Clostridia"	"Clostridiales"	"Lachnospiraceae"	"Lachnospiraceae FCS020 gr."	"unknown_Spp Lachnospiraceae FCS020 gr. gen."
"ASV_V1V2_00318"	"905894a0d3e6cd15f4fc5c7aea4fef1f"	"V1V2"	"Bacteria"	"Proteobacteria"	"Gammaproteobacteria"	"Betaproteobacteriales"	"Burkholderiaceae"	"Parasutterella"	"unknown_Spp Parasutterella gen."
"ASV_V1V2_00319"	"eaa0a664b0c95f76c4290dc5f8439a7b"	"V1V2"	"Bacteria"	"Firmicutes"	"Clostridia"	"Clostridiales"	"Lachnospiraceae"	"Blautia"	"unknown_Spp Blautia gen."
"ASV_V1V2_00320"	"b916fbff660a8fe219525dbe9d75e2e5"	"V1V2"	"Bacteria"	"Firmicutes"	"Clostridia"	"Clostridiales"	"Ruminococcaceae"	"Ruminococcaceae UCG-008"	"unknown_Spp Ruminococcaceae UCG-008 gen."
"ASV_V1V2_00321"	"87c41c08955a2139c1b28f32a65f67e1"	"V1V2"	"Bacteria"	"Firmicutes"	"Clostridia"	"Clostridiales"	"Ruminococcaceae"	"Ruminococcaceae UCG-004"	"unknown_Spp Ruminococcaceae UCG-004 gen."
"ASV_V1V2_00322"	"a5e75bf51b979f094c8bbb862d6b3c5d"	"V1V2"	"Bacteria"	"Firmicutes"	"Clostridia"	"Clostridiales"	"Lachnospiraceae"	"Blautia"	"unknown_Spp Blautia gen."
"ASV_V1V2_00323"	"08860b49573845dd193d18581ecd83d1"	"V1V2"	"Bacteria"	"Firmicutes"	"Clostridia"	"Clostridiales"	"Ruminococcaceae"	"Ruminococcaceae UCG-014"	"unknown_Spp Ruminococcaceae UCG-014 gen."
"ASV_V1V2_00324"	"e95c54f7cf5a3ecd77c277f113ab035a"	"V1V2"	"Bacteria"	"Firmicutes"	"Clostridia"	"Clostridiales"	"unknown_Fam Clostridiales ord."	"unknown_Gen Clostridiales ord."	"unkown_Spp_Gen_Fam_0004"
"ASV_V1V2_00325"	"d39aafb24eef527f0021615b4bec153e"	"V1V2"	"Bacteria"	"Firmicutes"	"Clostridia"	"Clostridiales"	"Ruminococcaceae"	"Ruminococcaceae UCG-014"	"unknown_Spp Ruminococcaceae UCG-014 gen."
"ASV_V1V2_00326"	"1cade3bca5d1452c6187eac1828066d0"	"V1V2"	"Bacteria"	"Cyanobacteria"	"Melainabacteria"	"Gastranaerophilales"	"unknown_Fam Gastranaerophilales ord."	"unknown_Gen Gastranaerophilales ord."	"unkown_Spp_Gen_Fam_0005"
"ASV_V1V2_00327"	"08370de8366f7eb06835bd07977aea79"	"V1V2"	"Bacteria"	"Firmicutes"	"Clostridia"	"Clostridiales"	"Lachnospiraceae"	"Coprococcus 3"	"unknown_Spp Coprococcus 3 gen."
"ASV_V1V2_00328"	"91e4bd311dd0bea1483b5c1ae191c376"	"V1V2"	"Bacteria"	"Firmicutes"	"Clostridia"	"Clostridiales"	"Ruminococcaceae"	"Faecalibacterium"	"unknown_Spp Faecalibacterium gen."
"ASV_V1V2_00329"	"d56586d3db8abcd397eb3ded8bda0221"	"V1V2"	"Bacteria"	"Firmicutes"	"Clostridia"	"Clostridiales"	"Ruminococcaceae"	"Ruminococcaceae UCG-014"	"unknown_Spp Ruminococcaceae UCG-014 gen."
"ASV_V1V2_00330"	"0c9ed3812d31cd710f2e01dae7067303"	"V1V2"	"Bacteria"	"Firmicutes"	"Clostridia"	"Clostridiales"	"Christensenellaceae"	"Christensenellaceae R-7 gr."	"unknown_Spp Christensenellaceae R-7 gr. gen."
"ASV_V1V2_00331"	"ecb33868f3fa811a01d91cc6624ea567"	"V1V2"	"Bacteria"	"Firmicutes"	"Clostridia"	"Clostridiales"	"Ruminococcaceae"	"Ruminococcaceae UCG-002"	"unknown_Spp Ruminococcaceae UCG-002 gen."
"ASV_V1V2_00332"	"820fc0a7b3ee278693f10a602d4d449a"	"V1V2"	"Bacteria"	"Firmicutes"	"Clostridia"	"Clostridiales"	"Lachnospiraceae"	"Butyrivibrio"	"unknown_Spp Butyrivibrio gen."
"ASV_V1V2_00333"	"788d0efb2485e8d84fcff969b7608a8c"	"V1V2"	"Bacteria"	"Firmicutes"	"Clostridia"	"Clostridiales"	"Lachnospiraceae"	"Anaerostipes"	"unknown_Spp Anaerostipes gen."
"ASV_V1V2_00334"	"848cdb62bd5c69603f1d25ba7757108b"	"V1V2"	"Bacteria"	"Firmicutes"	"Clostridia"	"Clostridiales"	"Christensenellaceae"	"Christensenellaceae R-7 gr."	"unknown_Spp Christensenellaceae R-7 gr. gen."
"ASV_V1V2_00335"	"7aa61eaa64c90e5b01406b1909da3edf"	"V1V2"	"Bacteria"	"Firmicutes"	"Clostridia"	"Clostridiales"	"Lachnospiraceae"	"Agathobacter"	"unknown_Spp Agathobacter gen."
"ASV_V1V2_00336"	"58b0c9d8af72b64097a3f1383860d8f4"	"V1V2"	"Bacteria"	"Firmicutes"	"Clostridia"	"Clostridiales"	"Lachnospiraceae"	"Blautia"	"unknown_Spp Blautia gen."
"ASV_V1V2_00337"	"4a796e597d59f55a4dba377748731eeb"	"V1V2"	"Bacteria"	"Firmicutes"	"Clostridia"	"Clostridiales"	"Ruminococcaceae"	"Butyricicoccus"	"Butyricicoccus sp. K4410.MGS-46"
"ASV_V1V2_00338"	"8f4cdc9ffdf0f562f5548c049b826e8f"	"V1V2"	"Bacteria"	"Bacteroidetes"	"Bacteroidia"	"Bacteroidales"	"Bacteroidaceae"	"Bacteroides"	"unknown_Spp Bacteroides gen."
"ASV_V1V2_00339"	"6c729ce27efbf1f32f3ed7ecfbe646ef"	"V1V2"	"Bacteria"	"Firmicutes"	"Clostridia"	"Clostridiales"	"Lachnospiraceae"	"Lachnospira"	"unknown_Spp Lachnospira gen."
"ASV_V1V2_00340"	"92e6adc7c7e58d665a919fdeb406cb6b"	"V1V2"	"Bacteria"	"Firmicutes"	"Bacilli"	"Lactobacillales"	"Streptococcaceae"	"Streptococcus"	"Streptococcus gallolyticus subsp. pasteurianus"
"ASV_V1V2_00341"	"24d2ddc518fb98f44bec4ad6ef4ecf5e"	"V1V2"	"Bacteria"	"Firmicutes"	"Clostridia"	"Clostridiales"	"Lachnospiraceae"	"Lachnospiraceae UCG-001"	"unknown_Spp Lachnospiraceae UCG-001 gen."
"ASV_V1V2_00342"	"2872067b23cc3f98dd7040c6f68ebb28"	"V1V2"	"Bacteria"	"Firmicutes"	"Clostridia"	"Clostridiales"	"Lachnospiraceae"	"Fusicatenibacter"	"unknown_Spp Fusicatenibacter gen."
"ASV_V1V2_00343"	"33456aa7d04134a7ff1ec1a347a85b9c"	"V1V2"	"Bacteria"	"Firmicutes"	"Clostridia"	"Clostridiales"	"Lachnospiraceae"	"Eubacterium xylanophilum gr."	"unknown_Spp Eubacterium xylanophilum gr. gen."
"ASV_V1V2_00344"	"82eb08e1105c9bdfd09756e099e62ba2"	"V1V2"	"Bacteria"	"Bacteroidetes"	"Bacteroidia"	"Bacteroidales"	"Bacteroidaceae"	"Bacteroides"	"unknown_Spp Bacteroides gen."
"ASV_V1V2_00345"	"e9a4354b629d2b1015b9054280decd60"	"V1V2"	"Bacteria"	"Firmicutes"	"Clostridia"	"Clostridiales"	"Ruminococcaceae"	"Faecalibacterium"	"unknown_Spp Faecalibacterium gen."
"ASV_V1V2_00346"	"8946817510f9722a1c996afd06b354b3"	"V1V2"	"Bacteria"	"Actinobacteria"	"Coriobacteriia"	"Coriobacteriales"	"Eggerthellaceae"	"unknown_Gen Eggerthellaceae fam."	"unknown_Spp Eggerthellaceae fam."
"ASV_V1V2_00347"	"e90917a1f80b43e5c203d699b265c971"	"V1V2"	"Bacteria"	"Firmicutes"	"Clostridia"	"Clostridiales"	"Peptostreptococcaceae"	"Terrisporobacter"	"unknown_Spp Terrisporobacter gen."
"ASV_V1V2_00348"	"76c8fdf73a9b813012cb810635f665fd"	"V1V2"	"Bacteria"	"Firmicutes"	"Clostridia"	"Clostridiales"	"Ruminococcaceae"	"Ruminococcaceae UCG-005"	"unknown_Spp Ruminococcaceae UCG-005 gen."
"ASV_V1V2_00349"	"69cb5b4a2c1163614ce4430a19645026"	"V1V2"	"Bacteria"	"Bacteroidetes"	"Bacteroidia"	"Bacteroidales"	"Barnesiellaceae"	"Barnesiella"	"unknown_Spp Barnesiella gen."
"ASV_V1V2_00350"	"453ccabf06c224ef9726eb8011e083ad"	"V1V2"	"Bacteria"	"Firmicutes"	"Clostridia"	"Clostridiales"	"Lachnospiraceae"	"Roseburia"	"unknown_Spp Roseburia gen."
"ASV_V1V2_00351"	"b2fe6b84835eff2565a286ae07c6e85a"	"V1V2"	"Bacteria"	"Firmicutes"	"Clostridia"	"Clostridiales"	"Lachnospiraceae"	"Marvinbryantia"	"unknown_Spp Marvinbryantia gen."
"ASV_V1V2_00352"	"fccd8529d439a9b11eed11db1453b003"	"V1V2"	"Bacteria"	"Actinobacteria"	"Coriobacteriia"	"Coriobacteriales"	"Eggerthellaceae"	"Adlercreutzia"	"unknown_Spp Adlercreutzia gen."
"ASV_V1V2_00353"	"3a4f3439850a7e3eaf46f58ad6f545fa"	"V1V2"	"Bacteria"	"Firmicutes"	"Clostridia"	"Clostridiales"	"Lachnospiraceae"	"Lachnospiraceae NK4A136 gr."	"unknown_Spp Lachnospiraceae NK4A136 gr. gen."
"ASV_V1V2_00354"	"598276154a056f25926a6d813b3d7bfa"	"V1V2"	"Bacteria"	"Verrucomicrobia"	"Verrucomicrobiae"	"Verrucomicrobiales"	"Akkermansiaceae"	"Akkermansia"	"unknown_Spp Akkermansia gen."
"ASV_V1V2_00355"	"cab3637d0583184f2c8045a7a74832dd"	"V1V2"	"Bacteria"	"Firmicutes"	"Clostridia"	"Clostridiales"	"Ruminococcaceae"	"Ruminococcaceae UCG-013"	"unknown_Spp Ruminococcaceae UCG-013 gen."
"ASV_V1V2_00356"	"1cc4ce5224958b836e383fb4e3a79624"	"V1V2"	"Bacteria"	"Firmicutes"	"Clostridia"	"Clostridiales"	"Lachnospiraceae"	"Blautia"	"unknown_Spp Blautia gen."
"ASV_V1V2_00357"	"d0ba104455b2c462606e7c2ae1874309"	"V1V2"	"Bacteria"	"Firmicutes"	"Clostridia"	"Clostridiales"	"Ruminococcaceae"	"Subdoligranulum"	"unknown_Spp Subdoligranulum gen."
"ASV_V1V2_00358"	"89400f986a45b533f1050b367253c350"	"V1V2"	"Bacteria"	"Firmicutes"	"Clostridia"	"Clostridiales"	"Lachnospiraceae"	"Ruminococcus torques gr."	"unknown_Spp Ruminococcus torques gr. gen."
"ASV_V1V2_00359"	"42bded3fb2f37bdf61d19b0fe94d8238"	"V1V2"	"Bacteria"	"Firmicutes"	"Clostridia"	"Clostridiales"	"Ruminococcaceae"	"Faecalibacterium"	"unknown_Spp Faecalibacterium gen."
"ASV_V1V2_00360"	"99eac243de7afa5dc9222c39b89cd219"	"V1V2"	"Bacteria"	"Firmicutes"	"Clostridia"	"Clostridiales"	"Lachnospiraceae"	"Lachnospiraceae FCS020 gr."	"unknown_Spp Lachnospiraceae FCS020 gr. gen."
"ASV_V1V2_00361"	"017c65ea7aa7f06a7f1706033dcf2a10"	"V1V2"	"Bacteria"	"Firmicutes"	"Clostridia"	"Clostridiales"	"Peptostreptococcaceae"	"unknown_Gen Peptostreptococcaceae fam."	"unknown_Spp Peptostreptococcaceae fam."
"ASV_V1V2_00362"	"845d230887cf58f595922e9b49fba41f"	"V1V2"	"Bacteria"	"Tenericutes"	"Mollicutes"	"Izimaplasmatales"	"unknown_Fam Izimaplasmatales ord."	"unknown_Gen Izimaplasmatales ord."	"unkown_Spp_Gen_Fam_0006"
"ASV_V1V2_00363"	"3524401f7b6153b6fe3afa331058ee65"	"V1V2"	"Bacteria"	"Firmicutes"	"Clostridia"	"Clostridiales"	"Lachnospiraceae"	"unknown_Gen Lachnospiraceae fam."	"unknown_Spp Lachnospiraceae fam."
"ASV_V1V2_00364"	"bc35afe117a52b14d482296e7b7b8f15"	"V1V2"	"Bacteria"	"Bacteroidetes"	"Bacteroidia"	"Bacteroidales"	"Prevotellaceae"	"unknown_Gen Prevotellaceae fam."	"unknown_Spp Prevotellaceae fam."
"ASV_V1V2_00365"	"37d7a158d5931c6b61b1e1b613394f84"	"V1V2"	"Bacteria"	"Firmicutes"	"Clostridia"	"Clostridiales"	"Ruminococcaceae"	"Ruminococcaceae UCG-014"	"unknown_Spp Ruminococcaceae UCG-014 gen."
"ASV_V1V2_00366"	"f99792e2125064abb9ce9c3b1b828f28"	"V1V2"	"Bacteria"	"Firmicutes"	"Clostridia"	"Clostridiales"	"Lachnospiraceae"	"Marvinbryantia"	"unknown_Spp Marvinbryantia gen."
"ASV_V1V2_00367"	"7a1dd788f816f7f9675ace9a4962e7c6"	"V1V2"	"Bacteria"	"Firmicutes"	"Clostridia"	"Clostridiales"	"Lachnospiraceae"	"Coprococcus 3"	"unknown_Spp Coprococcus 3 gen."
"ASV_V1V2_00368"	"126968986fe3df3202f4956dcbb7698f"	"V1V2"	"Bacteria"	"Bacteroidetes"	"Bacteroidia"	"Bacteroidales"	"Prevotellaceae"	"Prevotella 9"	"unknown_Spp Prevotella 9 gen."
"ASV_V1V2_00369"	"43ab409589a150203270f1447ae65802"	"V1V2"	"Bacteria"	"Firmicutes"	"Clostridia"	"Clostridiales"	"Lachnospiraceae"	"Agathobacter"	"unknown_Spp Agathobacter gen."
"ASV_V1V2_00370"	"e4da66fa77146d4e40dad00da6e5afd6"	"V1V2"	"Bacteria"	"Firmicutes"	"Erysipelotrichia"	"Erysipelotrichales"	"Erysipelotrichaceae"	"unknown_Gen Erysipelotrichaceae fam."	"unknown_Spp Erysipelotrichaceae fam."
"ASV_V1V2_00371"	"d93bb1ffc1985555462fb1a74cb45ec8"	"V1V2"	"Bacteria"	"Firmicutes"	"Clostridia"	"Clostridiales"	"Ruminococcaceae"	"Ruminococcaceae UCG-005"	"unknown_Spp Ruminococcaceae UCG-005 gen."
"ASV_V1V2_00372"	"130e06dfcb956abad37da827508ea40c"	"V1V2"	"Bacteria"	"Bacteroidetes"	"Bacteroidia"	"Bacteroidales"	"Bacteroidaceae"	"Bacteroides"	"unknown_Spp Bacteroides gen."
"ASV_V1V2_00373"	"e9e5783086b643a4d37a8e1d034769cd"	"V1V2"	"Bacteria"	"Firmicutes"	"Clostridia"	"Clostridiales"	"Ruminococcaceae"	"Faecalibacterium"	"unknown_Spp Faecalibacterium gen."
"ASV_V1V2_00374"	"5987b2ac99e0502f99411a1313e51bf2"	"V1V2"	"Bacteria"	"Firmicutes"	"Clostridia"	"Clostridiales"	"Ruminococcaceae"	"Ruminococcus 1"	"Ruminococcus callidus ATCC 27760"
"ASV_V1V2_00375"	"6cd48ed920387c64a33eb04042134d01"	"V1V2"	"Bacteria"	"Bacteroidetes"	"Bacteroidia"	"Bacteroidales"	"Bacteroidaceae"	"Bacteroides"	"unknown_Spp Bacteroides gen."
"ASV_V1V2_00376"	"1cbb226dd610cd64093d156e8762f060"	"V1V2"	"Bacteria"	"Firmicutes"	"Clostridia"	"Clostridiales"	"Ruminococcaceae"	"Faecalibacterium"	"unknown_Spp Faecalibacterium gen."
"ASV_V1V2_00377"	"44271b7702734b041310c75c5143cdcd"	"V1V2"	"Bacteria"	"Firmicutes"	"Clostridia"	"Clostridiales"	"Ruminococcaceae"	"Ruminococcus 1"	"unknown_Spp Ruminococcus 1 gen."
"ASV_V1V2_00378"	"557a5974b94f24346450f4343e99d948"	"V1V2"	"Bacteria"	"Firmicutes"	"Clostridia"	"Clostridiales"	"Lachnospiraceae"	"Eubacterium hallii gr."	"unknown_Spp Eubacterium hallii gr. gen."
"ASV_V1V2_00379"	"7f67ad4c6dc32e6c496a08ef0b5f911c"	"V1V2"	"Bacteria"	"Firmicutes"	"Clostridia"	"Clostridiales"	"Lachnospiraceae"	"Roseburia"	"unknown_Spp Roseburia gen."
"ASV_V1V2_00380"	"371e8df7fbab171121a9ee77bc9fa120"	"V1V2"	"Bacteria"	"Firmicutes"	"Clostridia"	"Clostridiales"	"Lachnospiraceae"	"Blautia"	"unknown_Spp Blautia gen."
"ASV_V1V2_00381"	"552dc2de691b61df367992676e31006e"	"V1V2"	"Bacteria"	"Firmicutes"	"Clostridia"	"Clostridiales"	"Ruminococcaceae"	"Ruminococcaceae UCG-005"	"unknown_Spp Ruminococcaceae UCG-005 gen."
"ASV_V1V2_00382"	"17fd6650f3fb5207f6080adb2f0ba20a"	"V1V2"	"Bacteria"	"Firmicutes"	"Clostridia"	"Clostridiales"	"Lachnospiraceae"	"unknown_Gen Lachnospiraceae fam."	"unknown_Spp Lachnospiraceae fam."
"ASV_V1V2_00383"	"5034f390faa6768ddb0c858a4ee5f31b"	"V1V2"	"Bacteria"	"Firmicutes"	"Clostridia"	"Clostridiales"	"Lachnospiraceae"	"Oribacterium"	"unknown_Spp Oribacterium gen."
"ASV_V1V2_00384"	"1674b040b11cbbfb6c44f3097552af0d"	"V1V2"	"Bacteria"	"Firmicutes"	"Clostridia"	"Clostridiales"	"Lachnospiraceae"	"Lachnospiraceae UCG-004"	"unknown_Spp Lachnospiraceae UCG-004 gen."
"ASV_V1V2_00385"	"23ea8b83fa5d9dbd265647bbb38772cd"	"V1V2"	"Bacteria"	"Firmicutes"	"Clostridia"	"Clostridiales"	"Clostridiaceae 1"	"Clostridium sensu stricto 1"	"unknown_Spp Clostridium sensu stricto 1 gen."
"ASV_V1V2_00386"	"af396c725bcfd730d5a5ddbdc447a84e"	"V1V2"	"Bacteria"	"Firmicutes"	"Clostridia"	"Clostridiales"	"Christensenellaceae"	"Christensenellaceae R-7 gr."	"unknown_Spp Christensenellaceae R-7 gr. gen."
"ASV_V1V2_00387"	"1d4e709fa2b03ff04281bbd6400fce3c"	"V1V2"	"Bacteria"	"Firmicutes"	"Clostridia"	"Clostridiales"	"Ruminococcaceae"	"Subdoligranulum"	"unknown_Spp Subdoligranulum gen."
"ASV_V1V2_00388"	"1acd38ca2f4cd5f9000e608ce6edaf09"	"V1V2"	"Bacteria"	"Firmicutes"	"Clostridia"	"Clostridiales"	"Ruminococcaceae"	"Faecalibacterium"	"unknown_Spp Faecalibacterium gen."
"ASV_V1V2_00389"	"c598ba8e9f048fc480b3ec097fbe457c"	"V1V2"	"Bacteria"	"Actinobacteria"	"Coriobacteriia"	"Coriobacteriales"	"Eggerthellaceae"	"Adlercreutzia"	"unknown_Spp Adlercreutzia gen."
"ASV_V1V2_00390"	"2883e774a92e7992b2dd3c09132886ad"	"V1V2"	"Bacteria"	"Bacteroidetes"	"Bacteroidia"	"Bacteroidales"	"Muribaculaceae"	"unknown_Gen Muribaculaceae fam."	"unknown_Spp Muribaculaceae fam."
"ASV_V1V2_00391"	"3ed7eb24b31c0c5bca2ecdb6b09c71a4"	"V1V2"	"Bacteria"	"Firmicutes"	"Clostridia"	"Clostridiales"	"Ruminococcaceae"	"Faecalibacterium"	"unknown_Spp Faecalibacterium gen."
"ASV_V1V2_00392"	"eaca40b1c3c0e134892e97a10938bd67"	"V1V2"	"Bacteria"	"Firmicutes"	"Clostridia"	"Clostridiales"	"Lachnospiraceae"	"Eubacterium hallii gr."	"unknown_Spp Eubacterium hallii gr. gen."
"ASV_V1V2_00393"	"5acdad962e6211550f54b93752feccde"	"V1V2"	"Bacteria"	"Firmicutes"	"Clostridia"	"Clostridiales"	"Ruminococcaceae"	"Ruminococcaceae UCG-005"	"unknown_Spp Ruminococcaceae UCG-005 gen."
"ASV_V1V2_00394"	"fdc21c94b15cfe597cd14873c4bbb1b1"	"V1V2"	"Bacteria"	"Firmicutes"	"Clostridia"	"Clostridiales"	"Ruminococcaceae"	"Faecalibacterium"	"unknown_Spp Faecalibacterium gen."
"ASV_V1V2_00395"	"40d498bc6b0cabc55d194dcb675bdee7"	"V1V2"	"Bacteria"	"Firmicutes"	"Clostridia"	"Clostridiales"	"Lachnospiraceae"	"Blautia"	"unknown_Spp Blautia gen."
"ASV_V1V2_00396"	"dba89ba7a79b7fe24618db2785788ce3"	"V1V2"	"Bacteria"	"Firmicutes"	"Clostridia"	"Clostridiales"	"Lachnospiraceae"	"Lachnoclostridium"	"unknown_Spp Lachnoclostridium gen."
"ASV_V1V2_00397"	"f8c525d4421f98ce9ecbbd96b686ea0e"	"V1V2"	"Bacteria"	"Bacteroidetes"	"Bacteroidia"	"Bacteroidales"	"Marinifilaceae"	"Odoribacter"	"unknown_Spp Odoribacter gen."
"ASV_V1V2_00398"	"cb6733d476df942bc60539ef7d005733"	"V1V2"	"Bacteria"	"Actinobacteria"	"Coriobacteriia"	"Coriobacteriales"	"Coriobacteriaceae"	"Collinsella"	"unknown_Spp Collinsella gen."
"ASV_V1V2_00399"	"33e8b837b41cf183f2398821288b0554"	"V1V2"	"Bacteria"	"Firmicutes"	"Clostridia"	"Clostridiales"	"Ruminococcaceae"	"Eubacterium coprostanoligenes gr."	"unknown_Spp Eubacterium coprostanoligenes gr. gen."
"ASV_V1V2_00400"	"d1169ba53a223548f7dab8d9f18bd3c0"	"V1V2"	"Bacteria"	"Firmicutes"	"Clostridia"	"Clostridiales"	"Lachnospiraceae"	"Lachnospiraceae UCG-001"	"unknown_Spp Lachnospiraceae UCG-001 gen."
"ASV_V1V2_00401"	"53b39a8dff1e9b0f1c4c6848cf402971"	"V1V2"	"Bacteria"	"Firmicutes"	"Clostridia"	"Clostridiales"	"Ruminococcaceae"	"Ruminococcaceae UCG-002"	"unknown_Spp Ruminococcaceae UCG-002 gen."
"ASV_V1V2_00402"	"0be0b5ad28e0419d65fa965bb9152fd9"	"V1V2"	"Bacteria"	"Firmicutes"	"Clostridia"	"Clostridiales"	"Lachnospiraceae"	"Eubacterium hallii gr."	"unknown_Spp Eubacterium hallii gr. gen."
"ASV_V1V2_00403"	"06dfb212eea955b6446b98936b1ef4f3"	"V1V2"	"Bacteria"	"Firmicutes"	"Clostridia"	"Clostridiales"	"Lachnospiraceae"	"Fusicatenibacter"	"unknown_Spp Fusicatenibacter gen."
"ASV_V1V2_00404"	"0f4011ac6fa9c8a750bf9fd2c089e122"	"V1V2"	"Bacteria"	"Actinobacteria"	"Coriobacteriia"	"Coriobacteriales"	"Coriobacteriales Incertae Sedis"	"unknown_Gen Coriobacteriales Incertae Sedis fam."	"unknown_Spp Coriobacteriales Incertae Sedis fam."
"ASV_V1V2_00405"	"4e7b51533ce35a75afad396214f21082"	"V1V2"	"Bacteria"	"Bacteroidetes"	"Bacteroidia"	"Bacteroidales"	"Tannerellaceae"	"Parabacteroides"	"Parabacteroides distasonis"
"ASV_V1V2_00406"	"0f7f5e33744d95bb204886ead346ae3a"	"V1V2"	"Bacteria"	"Firmicutes"	"Clostridia"	"Clostridiales"	"Ruminococcaceae"	"Ruminococcaceae UCG-005"	"unknown_Spp Ruminococcaceae UCG-005 gen."
"ASV_V1V2_00407"	"c06a27f7fdf7ef324189d88f06344ca0"	"V1V2"	"Bacteria"	"Firmicutes"	"Clostridia"	"Clostridiales"	"Ruminococcaceae"	"Ruminococcaceae UCG-002"	"unknown_Spp Ruminococcaceae UCG-002 gen."
"ASV_V1V2_00408"	"70732fe1257ff4329e979d63217e714f"	"V1V2"	"Bacteria"	"Firmicutes"	"Negativicutes"	"Selenomonadales"	"Acidaminococcaceae"	"Phascolarctobacterium"	"unknown_Spp Phascolarctobacterium gen."
"ASV_V1V2_00409"	"6cc9e6a0e8051518b6e64a15e8a7f59f"	"V1V2"	"Bacteria"	"Bacteroidetes"	"Bacteroidia"	"Bacteroidales"	"Rikenellaceae"	"Alistipes"	"unknown_Spp Alistipes gen."
"ASV_V1V2_00410"	"21f445ed5de7c25a01acba015549a470"	"V1V2"	"Bacteria"	"Firmicutes"	"Clostridia"	"Clostridiales"	"Lachnospiraceae"	"Marvinbryantia"	"unknown_Spp Marvinbryantia gen."
"ASV_V1V2_00411"	"586820cdd3de9607faff1ebf9727a1af"	"V1V2"	"Bacteria"	"Firmicutes"	"Clostridia"	"Clostridiales"	"Lachnospiraceae"	"Butyrivibrio"	"unknown_Spp Butyrivibrio gen."
"ASV_V1V2_00412"	"b437d3bfe2064f74f6e723ab05292a26"	"V1V2"	"Bacteria"	"Firmicutes"	"Clostridia"	"Clostridiales"	"Ruminococcaceae"	"Ruminococcaceae UCG-002"	"unknown_Spp Ruminococcaceae UCG-002 gen."
"ASV_V1V2_00413"	"152e6f9171efa3235fcc8a915b393958"	"V1V2"	"Bacteria"	"Firmicutes"	"Clostridia"	"Clostridiales"	"Lachnospiraceae"	"Roseburia"	"unknown_Spp Roseburia gen."
"ASV_V1V2_00414"	"fed539919db4595b73bfae575241642d"	"V1V2"	"Bacteria"	"Firmicutes"	"Clostridia"	"Clostridiales"	"Ruminococcaceae"	"Faecalibacterium"	"unknown_Spp Faecalibacterium gen."
"ASV_V1V2_00415"	"aeefffdc322aa457ceaeca40f3f96ca3"	"V1V2"	"Bacteria"	"Firmicutes"	"Clostridia"	"Clostridiales"	"Lachnospiraceae"	"Coprococcus 1"	"unknown_Spp Coprococcus 1 gen."
"ASV_V1V2_00416"	"32def74db4e72d09e7827f9574cf8cca"	"V1V2"	"Bacteria"	"Firmicutes"	"Clostridia"	"Clostridiales"	"Lachnospiraceae"	"Lachnospiraceae NK4B4 gr."	"unknown_Spp Lachnospiraceae NK4B4 gr. gen."
"ASV_V1V2_00417"	"93dfeace685558bb2c51b86a6bd543e3"	"V1V2"	"Bacteria"	"Firmicutes"	"Clostridia"	"Clostridiales"	"Ruminococcaceae"	"Ruminococcaceae UCG-005"	"unknown_Spp Ruminococcaceae UCG-005 gen."
"ASV_V1V2_00418"	"bdb31752a3c7440a512f42fcb8b77b4d"	"V1V2"	"Bacteria"	"Firmicutes"	"Clostridia"	"Clostridiales"	"Lachnospiraceae"	"Roseburia"	"unknown_Spp Roseburia gen."
"ASV_V1V2_00419"	"82d0293c33983169eed21e4b97290c07"	"V1V2"	"Bacteria"	"Firmicutes"	"Clostridia"	"Clostridiales"	"Ruminococcaceae"	"Ruminococcaceae UCG-005"	"unknown_Spp Ruminococcaceae UCG-005 gen."
"ASV_V1V2_00420"	"d0d40e389ad21d1c90125a338fe34133"	"V1V2"	"Bacteria"	"Firmicutes"	"Clostridia"	"Clostridiales"	"Lachnospiraceae"	"Roseburia"	"unknown_Spp Roseburia gen."
"ASV_V1V2_00421"	"e74131e8e392059a021ede2c33d5189d"	"V1V2"	"Bacteria"	"Firmicutes"	"Clostridia"	"Clostridiales"	"Lachnospiraceae"	"Ruminococcus torques gr."	"unknown_Spp Ruminococcus torques gr. gen."
"ASV_V1V2_00422"	"ba64154a673d8c6271ac32f8a58fd48f"	"V1V2"	"Bacteria"	"Firmicutes"	"Clostridia"	"Clostridiales"	"Lachnospiraceae"	"Roseburia"	"unknown_Spp Roseburia gen."
"ASV_V1V2_00423"	"bb3c540387473746806ae46999ae70ca"	"V1V2"	"Bacteria"	"Firmicutes"	"Clostridia"	"Clostridiales"	"Lachnospiraceae"	"Anaerostipes"	"unknown_Spp Anaerostipes gen."
"ASV_V1V2_00424"	"cf67f0ffe47d2f29213240ac17e30224"	"V1V2"	"Bacteria"	"Firmicutes"	"Clostridia"	"Clostridiales"	"Lachnospiraceae"	"Blautia"	"unknown_Spp Blautia gen."
"ASV_V1V2_00425"	"a9c7016593a700343e6791d165487f26"	"V1V2"	"Bacteria"	"Firmicutes"	"Clostridia"	"Clostridiales"	"Ruminococcaceae"	"Ruminococcaceae UCG-002"	"unknown_Spp Ruminococcaceae UCG-002 gen."
"ASV_V1V2_00426"	"98143a10f88ba2cd34ee233b92e15b01"	"V1V2"	"Bacteria"	"Firmicutes"	"Clostridia"	"Clostridiales"	"Ruminococcaceae"	"Ruminiclostridium 6"	"unknown_Spp Ruminiclostridium 6 gen."
"ASV_V1V2_00427"	"a86cfff479e0ba511420fc5bd141758b"	"V1V2"	"Bacteria"	"Proteobacteria"	"Gammaproteobacteria"	"Betaproteobacteriales"	"Burkholderiaceae"	"Sutterella"	"Sutterella wadsworthensis HGA0223"
"ASV_V1V2_00428"	"5eac443b64705f5fc395041fc4caba0f"	"V1V2"	"Bacteria"	"Firmicutes"	"Clostridia"	"Clostridiales"	"Ruminococcaceae"	"Faecalibacterium"	"unknown_Spp Faecalibacterium gen."
"ASV_V1V2_00429"	"a1c3ed344c9c85b8bc648945c13eb2d3"	"V1V2"	"Bacteria"	"Firmicutes"	"Clostridia"	"Clostridiales"	"Lachnospiraceae"	"Blautia"	"unknown_Spp Blautia gen."
"ASV_V1V2_00430"	"c8a662281a14031f95066c65d1b06ecf"	"V1V2"	"Bacteria"	"Firmicutes"	"Clostridia"	"Clostridiales"	"Lachnospiraceae"	"Dorea"	"unknown_Spp Dorea gen."
"ASV_V1V2_00431"	"ee0d9cc896a934a42f3be3fea500f249"	"V1V2"	"Bacteria"	"Firmicutes"	"Clostridia"	"Clostridiales"	"Lachnospiraceae"	"Blautia"	"Blautia sp. Marseille-P3087"
"ASV_V1V2_00432"	"638a91c6dea5c3d09c90df3da44bc698"	"V1V2"	"Bacteria"	"Firmicutes"	"Clostridia"	"Clostridiales"	"Lachnospiraceae"	"Dorea"	"unknown_Spp Dorea gen."
"ASV_V1V2_00433"	"8a06191760d5280a6e754925bcbf1998"	"V1V2"	"Bacteria"	"Firmicutes"	"Clostridia"	"Clostridiales"	"Ruminococcaceae"	"Ruminococcaceae NK4A214 gr."	"unknown_Spp Ruminococcaceae NK4A214 gr. gen."
"ASV_V1V2_00434"	"e04c0d83c3206fc292034d59e2232cd9"	"V1V2"	"Bacteria"	"Firmicutes"	"Bacilli"	"Lactobacillales"	"Lactobacillaceae"	"Lactobacillus"	"Lactobacillus fermentum"
"ASV_V1V2_00435"	"c4a6c7cf7a66e023355313907b068501"	"V1V2"	"Bacteria"	"Proteobacteria"	"Alphaproteobacteria"	"Rhodospirillales"	"unknown_Fam Rhodospirillales ord."	"unknown_Gen Rhodospirillales ord."	"unkown_Spp_Gen_Fam_0007"
"ASV_V1V2_00436"	"508d1cfbc709e3941f8c4f8004a532b7"	"V1V2"	"Bacteria"	"Firmicutes"	"Clostridia"	"Clostridiales"	"Ruminococcaceae"	"unknown_Gen Ruminococcaceae fam."	"unknown_Spp Ruminococcaceae fam."
"ASV_V1V2_00437"	"80d56e3e90cb01fb75942f6419c3dd56"	"V1V2"	"Bacteria"	"Firmicutes"	"Clostridia"	"Clostridiales"	"Ruminococcaceae"	"Ruminococcaceae UCG-014"	"unknown_Spp Ruminococcaceae UCG-014 gen."
"ASV_V1V2_00438"	"21d491ea0ad9dd945ed335ee40447543"	"V1V2"	"Bacteria"	"Firmicutes"	"Clostridia"	"Clostridiales"	"Lachnospiraceae"	"Blautia"	"unknown_Spp Blautia gen."
"ASV_V1V2_00439"	"f45d88a4b249cb97e1163592f56ec3d0"	"V1V2"	"Bacteria"	"Tenericutes"	"Mollicutes"	"Anaeroplasmatales"	"Anaeroplasmataceae"	"Anaeroplasma"	"unknown_Spp Anaeroplasma gen."
"ASV_V1V2_00440"	"9b934b7b1e3a8dec7e33c2ae4bb38ad7"	"V1V2"	"Bacteria"	"Actinobacteria"	"Coriobacteriia"	"Coriobacteriales"	"Eggerthellaceae"	"Senegalimassilia"	"unknown_Spp Senegalimassilia gen."
"ASV_V1V2_00441"	"4c4b091189e75a0a9f0127c8bf6d887a"	"V1V2"	"Bacteria"	"Firmicutes"	"Clostridia"	"Clostridiales"	"Lachnospiraceae"	"Moryella"	"unknown_Spp Moryella gen."
"ASV_V1V2_00442"	"4d55a7221b01c2e9c7d8a0d90efe6eff"	"V1V2"	"Bacteria"	"Firmicutes"	"Clostridia"	"Clostridiales"	"Lachnospiraceae"	"Blautia"	"Blautia massiliensis"
"ASV_V1V2_00443"	"215a57a3cc13a0fb74b6c31f801fd6cf"	"V1V2"	"Bacteria"	"Bacteroidetes"	"Bacteroidia"	"Bacteroidales"	"Rikenellaceae"	"Alistipes"	"unknown_Spp Alistipes gen."
"ASV_V1V2_00444"	"85d6ffbb66c9ecea522192770aaa8808"	"V1V2"	"Bacteria"	"Bacteroidetes"	"Bacteroidia"	"Bacteroidales"	"Rikenellaceae"	"Alistipes"	"unknown_Spp Alistipes gen."
"ASV_V1V2_00445"	"db4a8b956bd94d218159b42a008c5e4a"	"V1V2"	"Bacteria"	"Firmicutes"	"Clostridia"	"Clostridiales"	"Lachnospiraceae"	"Ruminococcus gauvreauii gr."	"unknown_Spp Ruminococcus gauvreauii gr. gen."
"ASV_V1V2_00446"	"585813829ffc4810e990e5b5a2aee603"	"V1V2"	"Bacteria"	"Firmicutes"	"Clostridia"	"Clostridiales"	"Ruminococcaceae"	"Faecalibacterium"	"unknown_Spp Faecalibacterium gen."
"ASV_V1V2_00447"	"9738d6d0e912c0ec4e1ef60fb308eceb"	"V1V2"	"Bacteria"	"Firmicutes"	"Clostridia"	"Clostridiales"	"Lachnospiraceae"	"Lachnospira"	"unknown_Spp Lachnospira gen."
"ASV_V1V2_00448"	"c481e575da600a9fef3e6c3e9f7af725"	"V1V2"	"Bacteria"	"Firmicutes"	"Clostridia"	"Clostridiales"	"Lachnospiraceae"	"Blautia"	"unknown_Spp Blautia gen."
"ASV_V1V2_00449"	"420a17b12b1b00052da3744b01fba4e9"	"V1V2"	"Bacteria"	"Bacteroidetes"	"Bacteroidia"	"Bacteroidales"	"Prevotellaceae"	"Prevotella 9"	"unknown_Spp Prevotella 9 gen."
"ASV_V1V2_00450"	"eeab17956ecfd0be3ee4b72a3bd2bcd2"	"V1V2"	"Bacteria"	"Firmicutes"	"Clostridia"	"Clostridiales"	"Ruminococcaceae"	"Faecalibacterium"	"unknown_Spp Faecalibacterium gen."
"ASV_V1V2_00451"	"9c5b5c937ec69161ce7474535fd03759"	"V1V2"	"Bacteria"	"Firmicutes"	"Clostridia"	"Clostridiales"	"Lachnospiraceae"	"Roseburia"	"unknown_Spp Roseburia gen."
"ASV_V1V2_00452"	"2a34d14a29d858a56fa3946b70b0dfc6"	"V1V2"	"Bacteria"	"Bacteroidetes"	"Bacteroidia"	"Bacteroidales"	"Bacteroidaceae"	"Bacteroides"	"Bacteroides thetaiotaomicron"
"ASV_V1V2_00453"	"fe45c1be25d71009ff5ff0c3c38fa8b5"	"V1V2"	"Bacteria"	"Firmicutes"	"Erysipelotrichia"	"Erysipelotrichales"	"Erysipelotrichaceae"	"Merdibacter"	"unknown_Spp Merdibacter gen."
"ASV_V1V2_00454"	"1e88f6cb9417f1a2c7671e43dd29707e"	"V1V2"	"Bacteria"	"Firmicutes"	"Clostridia"	"Clostridiales"	"Lachnospiraceae"	"Coprococcus 3"	"unknown_Spp Coprococcus 3 gen."
"ASV_V1V2_00455"	"a47010f76d7e790558a79607c7c5d024"	"V1V2"	"Bacteria"	"Firmicutes"	"Clostridia"	"Clostridiales"	"Ruminococcaceae"	"Ruminococcaceae NK4A214 gr."	"unknown_Spp Ruminococcaceae NK4A214 gr. gen."
"ASV_V1V2_00456"	"e9dc334c9f010e715184e0611893088a"	"V1V2"	"Bacteria"	"Firmicutes"	"Clostridia"	"Clostridiales"	"Christensenellaceae"	"Christensenellaceae R-7 gr."	"unknown_Spp Christensenellaceae R-7 gr. gen."
"ASV_V1V2_00457"	"30da6b565be7daf14bfac85a8bf2a0d4"	"V1V2"	"Bacteria"	"Firmicutes"	"Clostridia"	"Clostridiales"	"Christensenellaceae"	"Christensenellaceae R-7 gr."	"unknown_Spp Christensenellaceae R-7 gr. gen."
"ASV_V1V2_00458"	"54ce4a17b6db92238a80f672eed5fa0d"	"V1V2"	"Bacteria"	"Bacteroidetes"	"Bacteroidia"	"Bacteroidales"	"Prevotellaceae"	"Paraprevotella"	"unknown_Spp Paraprevotella gen."
"ASV_V1V2_00459"	"1bcab2d2006d86b4a713688f5532bc85"	"V1V2"	"Bacteria"	"Firmicutes"	"Clostridia"	"Clostridiales"	"Lachnospiraceae"	"unknown_Gen Lachnospiraceae fam."	"unknown_Spp Lachnospiraceae fam."
"ASV_V1V2_00460"	"a40ab50c753c58093749e40cb03c35de"	"V1V2"	"Bacteria"	"Firmicutes"	"Clostridia"	"Clostridiales"	"Ruminococcaceae"	"Ruminococcaceae UCG-005"	"unknown_Spp Ruminococcaceae UCG-005 gen."
"ASV_V1V2_00461"	"429c897e7de1e54648a28656f85f33ef"	"V1V2"	"Bacteria"	"Actinobacteria"	"Coriobacteriia"	"Coriobacteriales"	"Coriobacteriaceae"	"Collinsella"	"Collinsella sp. MS5"
"ASV_V1V2_00462"	"10c2c42776c7e4a570f1611971ef3758"	"V1V2"	"Bacteria"	"Bacteroidetes"	"Bacteroidia"	"Bacteroidales"	"Rikenellaceae"	"Alistipes"	"Alistipes sp. N15.MGS-157"
"ASV_V1V2_00463"	"900d407b032a4e2a2dbc3c98c678f2ee"	"V1V2"	"Bacteria"	"Firmicutes"	"Clostridia"	"Clostridiales"	"Ruminococcaceae"	"Ruminococcaceae UCG-014"	"unknown_Spp Ruminococcaceae UCG-014 gen."
"ASV_V1V2_00464"	"d3bdc5e1e0c718285d6c1b0c636b054e"	"V1V2"	"Bacteria"	"Firmicutes"	"Clostridia"	"Clostridiales"	"Ruminococcaceae"	"Negativibacillus"	"unknown_Spp Negativibacillus gen."
"ASV_V1V2_00465"	"67283e0de9698e16d8ff3e3dfe380f06"	"V1V2"	"Bacteria"	"Firmicutes"	"Clostridia"	"Clostridiales"	"Lachnospiraceae"	"Lachnospiraceae UCG-008"	"unknown_Spp Lachnospiraceae UCG-008 gen."
"ASV_V1V2_00466"	"5078c28ec1b967b0ea43b668a9e20485"	"V1V2"	"Bacteria"	"Firmicutes"	"Clostridia"	"Clostridiales"	"Lachnospiraceae"	"Blautia"	"Ruminococcus sp. Marseille-P328"
"ASV_V1V2_00467"	"a98228e2e913ca58357f1b19bc74cc22"	"V1V2"	"Bacteria"	"Firmicutes"	"Clostridia"	"Clostridiales"	"Ruminococcaceae"	"Eubacterium coprostanoligenes gr."	"unknown_Spp Eubacterium coprostanoligenes gr. gen."
"ASV_V1V2_00468"	"ad7244edba86ca67ab6a081b0757f88d"	"V1V2"	"Bacteria"	"Firmicutes"	"Clostridia"	"Clostridiales"	"Ruminococcaceae"	"Ruminiclostridium 5"	"unknown_Spp Ruminiclostridium 5 gen."
"ASV_V1V2_00469"	"82d982cb303c8e204e3e5f505edc5068"	"V1V2"	"Bacteria"	"Firmicutes"	"Clostridia"	"Clostridiales"	"Lachnospiraceae"	"Lachnospiraceae NK4A136 gr."	"unknown_Spp Lachnospiraceae NK4A136 gr. gen."
"ASV_V1V2_00470"	"df418807b2ab51ebe5c61269b4073af9"	"V1V2"	"Bacteria"	"Firmicutes"	"Clostridia"	"Clostridiales"	"Ruminococcaceae"	"Ruminococcaceae UCG-014"	"unknown_Spp Ruminococcaceae UCG-014 gen."
"ASV_V1V2_00471"	"d0754d3b1f73a274c07a0d99e3ef2e6e"	"V1V2"	"Bacteria"	"Firmicutes"	"Clostridia"	"Clostridiales"	"unknown_Fam Clostridiales ord."	"unknown_Gen Clostridiales ord."	"unkown_Spp_Gen_Fam_0008"
"ASV_V1V2_00472"	"accf9e154ca19023c274d713a34825ae"	"V1V2"	"Bacteria"	"Firmicutes"	"Clostridia"	"Clostridiales"	"Lachnospiraceae"	"Butyrivibrio"	"unknown_Spp Butyrivibrio gen."
"ASV_V1V2_00473"	"8411f3d9a7e02b0005c16f72b5a0223a"	"V1V2"	"Bacteria"	"Firmicutes"	"Clostridia"	"Clostridiales"	"Lachnospiraceae"	"Lachnospira"	"unknown_Spp Lachnospira gen."
"ASV_V1V2_00474"	"14a968473542b870440e625c51625176"	"V1V2"	"Bacteria"	"Firmicutes"	"Clostridia"	"Clostridiales"	"Ruminococcaceae"	"Ruminococcaceae NK4A214 gr."	"unknown_Spp Ruminococcaceae NK4A214 gr. gen."
"ASV_V1V2_00475"	"4924dc9c493f4f774663efe0c5279c05"	"V1V2"	"Bacteria"	"Firmicutes"	"Clostridia"	"Clostridiales"	"Lachnospiraceae"	"Blautia"	"unknown_Spp Blautia gen."
"ASV_V1V2_00476"	"e14b40f3b01b7cbe82f28e83ec6fb3f6"	"V1V2"	"Bacteria"	"Firmicutes"	"Clostridia"	"Clostridiales"	"Ruminococcaceae"	"Faecalibacterium"	"unknown_Spp Faecalibacterium gen."
"ASV_V1V2_00477"	"a5b102b69b67f06f387b4151c94ab9a5"	"V1V2"	"Bacteria"	"Firmicutes"	"Clostridia"	"Clostridiales"	"Lachnospiraceae"	"unknown_Gen Lachnospiraceae fam."	"unknown_Spp Lachnospiraceae fam."
"ASV_V1V2_00478"	"c744aba9d3811e92c58a4f8a9abe5f79"	"V1V2"	"Bacteria"	"Firmicutes"	"Clostridia"	"Clostridiales"	"Family XIII"	"Family XIII AD3011 gr."	"unknown_Spp Family XIII AD3011 gr. gen."
"ASV_V1V2_00479"	"8770ddeca5178a6a4882fe16428b6246"	"V1V2"	"Bacteria"	"Firmicutes"	"Clostridia"	"Clostridiales"	"Lachnospiraceae"	"Blautia"	"unknown_Spp Blautia gen."
"ASV_V1V2_00480"	"7235ed8181bb0eaa48cec229d98ab79e"	"V1V2"	"Bacteria"	"Firmicutes"	"Clostridia"	"Clostridiales"	"Family XIII"	"Family XIII UCG-001"	"unknown_Spp Family XIII UCG-001 gen."
"ASV_V1V2_00481"	"90c0f43ff2b1c3c59f650c1d734db15e"	"V1V2"	"Bacteria"	"Firmicutes"	"Clostridia"	"Clostridiales"	"Ruminococcaceae"	"Faecalibacterium"	"unknown_Spp Faecalibacterium gen."
"ASV_V1V2_00482"	"01c8f9043af58d0b8101c9b40a830e5d"	"V1V2"	"Bacteria"	"Bacteroidetes"	"Bacteroidia"	"Bacteroidales"	"Barnesiellaceae"	"Barnesiella"	"unknown_Spp Barnesiella gen."
"ASV_V1V2_00483"	"d613e3970d88df63fb5f6905b44a5657"	"V1V2"	"Bacteria"	"Firmicutes"	"Clostridia"	"Clostridiales"	"Lachnospiraceae"	"Ruminococcus torques gr."	"unknown_Spp Ruminococcus torques gr. gen."
"ASV_V1V2_00484"	"8aad11750452c42b33c9393458fd7e09"	"V1V2"	"Bacteria"	"Firmicutes"	"Clostridia"	"Clostridiales"	"Ruminococcaceae"	"Ruminococcaceae UCG-014"	"unknown_Spp Ruminococcaceae UCG-014 gen."
"ASV_V1V2_00485"	"3613f782bafd6529963300a9d2663a05"	"V1V2"	"Bacteria"	"Firmicutes"	"Clostridia"	"Clostridiales"	"Lachnospiraceae"	"Lachnospiraceae UCG-003"	"unknown_Spp Lachnospiraceae UCG-003 gen."
"ASV_V1V2_00486"	"527b511b4157c0d047915dd3edd8bf00"	"V1V2"	"Bacteria"	"Firmicutes"	"Clostridia"	"Clostridiales"	"Ruminococcaceae"	"Ruminococcaceae UCG-005"	"unknown_Spp Ruminococcaceae UCG-005 gen."
"ASV_V1V2_00487"	"2a7523291fa1acd53f7af3544f51d906"	"V1V2"	"Bacteria"	"Firmicutes"	"Clostridia"	"Clostridiales"	"Lachnospiraceae"	"unknown_Gen Lachnospiraceae fam."	"unknown_Spp Lachnospiraceae fam."
"ASV_V1V2_00488"	"429ab50a88dd21407a58978fa50cb861"	"V1V2"	"Bacteria"	"Firmicutes"	"Clostridia"	"Clostridiales"	"Lachnospiraceae"	"Blautia"	"unknown_Spp Blautia gen."
"ASV_V1V2_00489"	"b09d565f28868a54b551134ea2ef0088"	"V1V2"	"Bacteria"	"Firmicutes"	"Clostridia"	"Clostridiales"	"Lachnospiraceae"	"Lachnoclostridium"	"unknown_Spp Lachnoclostridium gen."
"ASV_V1V2_00490"	"a5498b34ba52d5286719707d8276a4f3"	"V1V2"	"Bacteria"	"Firmicutes"	"Clostridia"	"Clostridiales"	"Ruminococcaceae"	"Ruminococcaceae UCG-014"	"unknown_Spp Ruminococcaceae UCG-014 gen."
"ASV_V1V2_00491"	"69b420c5d9601e486f6407a44ed8ea9e"	"V1V2"	"Bacteria"	"Proteobacteria"	"Gammaproteobacteria"	"Betaproteobacteriales"	"Burkholderiaceae"	"Sutterella"	"unknown_Spp Sutterella gen."
"ASV_V1V2_00492"	"b8510f99e4bbe2fcf8af82b752fb134a"	"V1V2"	"Bacteria"	"Firmicutes"	"Clostridia"	"Clostridiales"	"Lachnospiraceae"	"CAG-56"	"unknown_Spp CAG-56 gen."
"ASV_V1V2_00493"	"f4bf701a3fe83cc96b50682260354302"	"V1V2"	"Bacteria"	"Firmicutes"	"Clostridia"	"Clostridiales"	"Lachnospiraceae"	"Ruminococcus torques gr."	"unknown_Spp Ruminococcus torques gr. gen."
"ASV_V1V2_00494"	"b1beefeb2861e0d28292a6c108a6ced8"	"V1V2"	"Bacteria"	"Firmicutes"	"Clostridia"	"Clostridiales"	"Ruminococcaceae"	"Faecalibacterium"	"unknown_Spp Faecalibacterium gen."
"ASV_V1V2_00495"	"71d2b4b5f8e278d28ef9680cc9359ea4"	"V1V2"	"Bacteria"	"Firmicutes"	"Clostridia"	"Clostridiales"	"Ruminococcaceae"	"Ruminococcaceae UCG-014"	"unknown_Spp Ruminococcaceae UCG-014 gen."
"ASV_V1V2_00496"	"639f092dcf70f5745be2499ed93cbd40"	"V1V2"	"Bacteria"	"Firmicutes"	"Clostridia"	"Clostridiales"	"Lachnospiraceae"	"Blautia"	"unknown_Spp Blautia gen."
"ASV_V1V2_00497"	"6db2708786f9a79451acd132c8b12e23"	"V1V2"	"Bacteria"	"Firmicutes"	"Clostridia"	"Clostridiales"	"Lachnospiraceae"	"Blautia"	"unknown_Spp Blautia gen."
"ASV_V1V2_00498"	"73307ae943a6834bdbbf72ac99f5b09f"	"V1V2"	"Bacteria"	"Bacteroidetes"	"Bacteroidia"	"Bacteroidales"	"Bacteroidaceae"	"Bacteroides"	"Bacteroides ovatus CL02T12C04"
"ASV_V1V2_00499"	"52d8f51806b0e40daffa1637bdbcf73d"	"V1V2"	"Bacteria"	"Firmicutes"	"Clostridia"	"Clostridiales"	"Lachnospiraceae"	"Ruminococcus torques gr."	"unknown_Spp Ruminococcus torques gr. gen."
"ASV_V1V2_00500"	"b97a8600aa90a351d5cd11c38ad51818"	"V1V2"	"Bacteria"	"Bacteroidetes"	"Bacteroidia"	"Bacteroidales"	"Muribaculaceae"	"unknown_Gen Muribaculaceae fam."	"unknown_Spp Muribaculaceae fam."
"ASV_V1V2_00501"	"263b3e0a7efb7c364c1227150654fd7e"	"V1V2"	"Bacteria"	"Proteobacteria"	"Deltaproteobacteria"	"Desulfovibrionales"	"Desulfovibrionaceae"	"Desulfovibrio"	"unknown_Spp Desulfovibrio gen."
"ASV_V1V2_00502"	"bd28f5015965a5b13539db2828f0768d"	"V1V2"	"Bacteria"	"Firmicutes"	"Clostridia"	"Clostridiales"	"Ruminococcaceae"	"Faecalibacterium"	"unknown_Spp Faecalibacterium gen."
"ASV_V1V2_00503"	"b91a786da45bd50b4397ea550d15a59b"	"V1V2"	"Bacteria"	"Firmicutes"	"Clostridia"	"Clostridiales"	"Lachnospiraceae"	"Marvinbryantia"	"unknown_Spp Marvinbryantia gen."
"ASV_V1V2_00504"	"c8c150bd369371368b3a7884413f20b4"	"V1V2"	"Bacteria"	"Firmicutes"	"Clostridia"	"Clostridiales"	"Lachnospiraceae"	"Lachnospiraceae NK4A136 gr."	"unknown_Spp Lachnospiraceae NK4A136 gr. gen."
"ASV_V1V2_00505"	"3e3068396851fb85b56831c4d63c972e"	"V1V2"	"Bacteria"	"Firmicutes"	"Clostridia"	"Clostridiales"	"Christensenellaceae"	"Christensenellaceae R-7 gr."	"unknown_Spp Christensenellaceae R-7 gr. gen."
"ASV_V1V2_00506"	"80fbd26fb405d628ead7d6317ca5cf33"	"V1V2"	"Bacteria"	"Firmicutes"	"Clostridia"	"Clostridiales"	"Ruminococcaceae"	"Ruminococcaceae UCG-002"	"unknown_Spp Ruminococcaceae UCG-002 gen."
"ASV_V1V2_00507"	"66400ea61d400668d51c12d7e1030d3d"	"V1V2"	"Bacteria"	"Firmicutes"	"Clostridia"	"Clostridiales"	"Christensenellaceae"	"Christensenellaceae R-7 gr."	"unknown_Spp Christensenellaceae R-7 gr. gen."
"ASV_V1V2_00508"	"50d341b40a914a3530ec6dc8782df689"	"V1V2"	"Bacteria"	"Actinobacteria"	"Coriobacteriia"	"Coriobacteriales"	"Atopobiaceae"	"Olsenella"	"unknown_Spp Olsenella gen."
"ASV_V1V2_00509"	"467b20b09587b9e1fc49c2d4458413f9"	"V1V2"	"Bacteria"	"Firmicutes"	"Clostridia"	"Clostridiales"	"Lachnospiraceae"	"Agathobacter"	"Eubacterium ramulus"
"ASV_V1V2_00510"	"c8a218a1c372dc9231bc96e357f11d8a"	"V1V2"	"Bacteria"	"Firmicutes"	"Clostridia"	"Clostridiales"	"Ruminococcaceae"	"Subdoligranulum"	"unknown_Spp Subdoligranulum gen."
"ASV_V1V2_00511"	"09d3c556023ed5d8262f29195030026a"	"V1V2"	"Bacteria"	"Bacteroidetes"	"Bacteroidia"	"Bacteroidales"	"Bacteroidaceae"	"Bacteroides"	"Bacteroides thetaiotaomicron"
"ASV_V1V2_00512"	"ba497eaf833bd98b06d826d45368c082"	"V1V2"	"Bacteria"	"Actinobacteria"	"Coriobacteriia"	"Coriobacteriales"	"Eggerthellaceae"	"Adlercreutzia"	"unknown_Spp Adlercreutzia gen."
"ASV_V1V2_00513"	"607cb6479248e0ae1c2b32c3bce0f46f"	"V1V2"	"Bacteria"	"Firmicutes"	"Clostridia"	"Clostridiales"	"Lachnospiraceae"	"Eubacterium xylanophilum gr."	"unknown_Spp Eubacterium xylanophilum gr. gen."
"ASV_V1V2_00514"	"a027263f7e857cc4a89be57f73b65ca5"	"V1V2"	"Bacteria"	"Firmicutes"	"Clostridia"	"Clostridiales"	"Ruminococcaceae"	"Ruminococcaceae UCG-014"	"unknown_Spp Ruminococcaceae UCG-014 gen."
"ASV_V1V2_00515"	"91e8f7e805032757b8c6af1c0a52bb92"	"V1V2"	"Bacteria"	"Bacteroidetes"	"Bacteroidia"	"Bacteroidales"	"Bacteroidaceae"	"Bacteroides"	"Bacteroides ovatus CL02T12C04"
"ASV_V1V2_00516"	"1d58372d828390d8a576ba3fed6e8941"	"V1V2"	"Bacteria"	"Firmicutes"	"Clostridia"	"Clostridiales"	"Ruminococcaceae"	"Ruminococcaceae UCG-005"	"unknown_Spp Ruminococcaceae UCG-005 gen."
"ASV_V1V2_00517"	"8f564e38fc9e4c56e21c3625c0d5d95a"	"V1V2"	"Bacteria"	"Firmicutes"	"Clostridia"	"Clostridiales"	"Lachnospiraceae"	"unknown_Gen Lachnospiraceae fam."	"unknown_Spp Lachnospiraceae fam."
"ASV_V1V2_00518"	"2b1dd4d62962c4e95e615080eaa64ba9"	"V1V2"	"Bacteria"	"Firmicutes"	"Clostridia"	"Clostridiales"	"Ruminococcaceae"	"Faecalibacterium"	"unknown_Spp Faecalibacterium gen."
"ASV_V1V2_00519"	"e77ea346e94f0b44741cf0c10b368517"	"V1V2"	"Bacteria"	"Bacteroidetes"	"Bacteroidia"	"Bacteroidales"	"Marinifilaceae"	"Odoribacter"	"unknown_Spp Odoribacter gen."
"ASV_V1V2_00520"	"f2a4915e537bb485cad8d6379a1f89ee"	"V1V2"	"Bacteria"	"Firmicutes"	"Clostridia"	"Clostridiales"	"Ruminococcaceae"	"Ruminiclostridium 5"	"unknown_Spp Ruminiclostridium 5 gen."
"ASV_V1V2_00521"	"b54e59eab343d2f3328a43611216aa09"	"V1V2"	"Bacteria"	"Firmicutes"	"Clostridia"	"Clostridiales"	"Lachnospiraceae"	"Blautia"	"unknown_Spp Blautia gen."
"ASV_V1V2_00522"	"197c94ccd02d9bb49cc54d8907cd346d"	"V1V2"	"Bacteria"	"Firmicutes"	"Erysipelotrichia"	"Erysipelotrichales"	"Erysipelotrichaceae"	"Erysipelatoclostridium"	"unknown_Spp Erysipelatoclostridium gen."
"ASV_V1V2_00523"	"23464f4733f7b614e3c3682e0e0249da"	"V1V2"	"Bacteria"	"Firmicutes"	"Clostridia"	"Clostridiales"	"Lachnospiraceae"	"Blautia"	"unknown_Spp Blautia gen."
"ASV_V1V2_00524"	"decc26d15c7aea5a7820bda4851d67f4"	"V1V2"	"Bacteria"	"Firmicutes"	"Clostridia"	"Clostridiales"	"Ruminococcaceae"	"unknown_Gen Ruminococcaceae fam."	"unknown_Spp Ruminococcaceae fam."
"ASV_V1V2_00525"	"e80b6b48dd962befac57361983afd4d5"	"V1V2"	"Bacteria"	"Firmicutes"	"Clostridia"	"Clostridiales"	"Lachnospiraceae"	"Roseburia"	"unknown_Spp Roseburia gen."
"ASV_V1V2_00526"	"92734572cf7019d923e52bbc64a94f14"	"V1V2"	"Bacteria"	"Firmicutes"	"Clostridia"	"Clostridiales"	"Family XIII"	"Family XIII AD3011 gr."	"unknown_Spp Family XIII AD3011 gr. gen."
"ASV_V1V2_00527"	"92551bff5b6b08ab7797ea63206ab0d4"	"V1V2"	"Bacteria"	"Firmicutes"	"Clostridia"	"Clostridiales"	"Lachnospiraceae"	"Lachnoclostridium"	"unknown_Spp Lachnoclostridium gen."
"ASV_V1V2_00528"	"3f0487aa9a0c32fcadc9874e453bf95b"	"V1V2"	"Bacteria"	"Bacteroidetes"	"Bacteroidia"	"Bacteroidales"	"Marinifilaceae"	"Butyricimonas"	"unknown_Spp Butyricimonas gen."
"ASV_V1V2_00529"	"1afe738b502815640d2c2cc35f55c4e5"	"V1V2"	"Bacteria"	"Firmicutes"	"Clostridia"	"Clostridiales"	"Lachnospiraceae"	"Lachnospiraceae FCS020 gr."	"unknown_Spp Lachnospiraceae FCS020 gr. gen."
"ASV_V1V2_00530"	"4ac25c8db9a2baad144c5da79af717a1"	"V1V2"	"Bacteria"	"Actinobacteria"	"Actinobacteria"	"Bifidobacteriales"	"Bifidobacteriaceae"	"Bifidobacterium"	"unknown_Spp Bifidobacterium gen."
"ASV_V1V2_00531"	"d896ebae504e59d9908135cad8e0d99a"	"V1V2"	"Bacteria"	"Actinobacteria"	"Coriobacteriia"	"Coriobacteriales"	"Eggerthellaceae"	"Enterorhabdus"	"unknown_Spp Enterorhabdus gen."
"ASV_V1V2_00532"	"98d9373f6ca6df12b413c3b85e4f8fb4"	"V1V2"	"Bacteria"	"Firmicutes"	"Clostridia"	"MBA03"	"unknown_Fam MBA03 ord."	"unknown_Gen MBA03 ord."	"unkown_Spp_Gen_Fam_0009"
"ASV_V1V2_00533"	"c216a1fa94a6399b8abc101c7f6cb991"	"V1V2"	"Bacteria"	"Proteobacteria"	"Alphaproteobacteria"	"Rhodospirillales"	"unknown_Fam Rhodospirillales ord."	"unknown_Gen Rhodospirillales ord."	"unkown_Spp_Gen_Fam_0010"
"ASV_V1V2_00534"	"2909727e7d2cea181a59d19135237950"	"V1V2"	"Bacteria"	"Firmicutes"	"Clostridia"	"Clostridiales"	"Ruminococcaceae"	"Ruminococcaceae UCG-004"	"unknown_Spp Ruminococcaceae UCG-004 gen."
"ASV_V1V2_00535"	"1ac0cffd3a38c4191b2de199aa26afa9"	"V1V2"	"Bacteria"	"Firmicutes"	"Clostridia"	"Clostridiales"	"Ruminococcaceae"	"Ruminococcaceae UCG-003"	"unknown_Spp Ruminococcaceae UCG-003 gen."
"ASV_V1V2_00536"	"5b0637362289e6378a018e35acdec746"	"V1V2"	"Bacteria"	"Firmicutes"	"Clostridia"	"Clostridiales"	"Ruminococcaceae"	"Ruminococcaceae UCG-013"	"unknown_Spp Ruminococcaceae UCG-013 gen."
"ASV_V1V2_00537"	"6275660f1af92c5498124331252e1d5c"	"V1V2"	"Bacteria"	"Bacteroidetes"	"Bacteroidia"	"Bacteroidales"	"Barnesiellaceae"	"Barnesiella"	"unknown_Spp Barnesiella gen."
"ASV_V1V2_00538"	"cba87e53b3cab08a79aeb6bfb78efd99"	"V1V2"	"Bacteria"	"Firmicutes"	"Clostridia"	"Clostridiales"	"Lachnospiraceae"	"Anaerostipes"	"unknown_Spp Anaerostipes gen."
"ASV_V1V2_00539"	"ffe1b5dc202c2ac317c98c4ba20e120e"	"V1V2"	"Bacteria"	"Firmicutes"	"Clostridia"	"Clostridiales"	"Lachnospiraceae"	"Blautia"	"Ruminococcus sp. Marseille-P328"
"ASV_V1V2_00540"	"080cfaa6eb23667ea79692fa7d8e567e"	"V1V2"	"Bacteria"	"Bacteroidetes"	"Bacteroidia"	"Bacteroidales"	"Tannerellaceae"	"Parabacteroides"	"unknown_Spp Parabacteroides gen."
"ASV_V1V2_00541"	"2c563017d56afbf34e82dc2985f64467"	"V1V2"	"Bacteria"	"Firmicutes"	"Clostridia"	"Clostridiales"	"Ruminococcaceae"	"Ruminococcaceae NK4A214 gr."	"unknown_Spp Ruminococcaceae NK4A214 gr. gen."
"ASV_V1V2_00542"	"2e6a165e11875753711dfed3421e363d"	"V1V2"	"Bacteria"	"Firmicutes"	"Clostridia"	"Clostridiales"	"Lachnospiraceae"	"Lachnospiraceae UCG-003"	"unknown_Spp Lachnospiraceae UCG-003 gen."
"ASV_V1V2_00543"	"8e96900a9c385c7beb9fc1517f51f010"	"V1V2"	"Bacteria"	"Firmicutes"	"Clostridia"	"Clostridiales"	"Ruminococcaceae"	"Ruminococcus 2"	"unknown_Spp Ruminococcus 2 gen."
"ASV_V1V2_00544"	"c774fbb33ca3794f61827542915d85a3"	"V1V2"	"Bacteria"	"Firmicutes"	"Clostridia"	"Clostridiales"	"Ruminococcaceae"	"Ruminococcaceae UCG-014"	"unknown_Spp Ruminococcaceae UCG-014 gen."
"ASV_V1V2_00545"	"6f9f383e1912faa51e72e76870f6334a"	"V1V2"	"Bacteria"	"Firmicutes"	"Clostridia"	"Clostridiales"	"Lachnospiraceae"	"Blautia"	"unknown_Spp Blautia gen."
"ASV_V1V2_00546"	"133bb1f87094a6fdb536d15a9308d78f"	"V1V2"	"Bacteria"	"Firmicutes"	"Clostridia"	"Clostridiales"	"Clostridiales vadinBB60 gr."	"unknown_Gen Clostridiales vadinBB60 gr. fam."	"unknown_Spp Clostridiales vadinBB60 gr. fam."
"ASV_V1V2_00547"	"35b788a51e31d01af9bbb18eac8387a6"	"V1V2"	"Bacteria"	"Firmicutes"	"Clostridia"	"Clostridiales"	"Lachnospiraceae"	"unknown_Gen Lachnospiraceae fam."	"unknown_Spp Lachnospiraceae fam."
"ASV_V1V2_00548"	"928f2e89dcbd6b3f7769a18a88fe715a"	"V1V2"	"Bacteria"	"Firmicutes"	"Clostridia"	"Clostridiales"	"Christensenellaceae"	"Christensenellaceae R-7 gr."	"unknown_Spp Christensenellaceae R-7 gr. gen."
"ASV_V1V2_00549"	"a962afcc6b079da9336155183bfa8be8"	"V1V2"	"Bacteria"	"Bacteroidetes"	"Bacteroidia"	"Bacteroidales"	"Marinifilaceae"	"Odoribacter"	"unknown_Spp Odoribacter gen."
"ASV_V1V2_00550"	"70056ab737323f1b6758c7fb48cdc917"	"V1V2"	"Bacteria"	"Firmicutes"	"Clostridia"	"Clostridiales"	"Ruminococcaceae"	"Ruminococcaceae UCG-014"	"unknown_Spp Ruminococcaceae UCG-014 gen."
"ASV_V1V2_00551"	"f3359f4c0010214d4f93d954f4bc2e38"	"V1V2"	"Bacteria"	"Firmicutes"	"Clostridia"	"Clostridiales"	"Lachnospiraceae"	"Coprococcus 3"	"unknown_Spp Coprococcus 3 gen."
"ASV_V1V2_00552"	"eaa2ee7b0e49ac0ad7f382add668607b"	"V1V2"	"Bacteria"	"Firmicutes"	"Clostridia"	"Clostridiales"	"Lachnospiraceae"	"Coprococcus 1"	"unknown_Spp Coprococcus 1 gen."
"ASV_V1V2_00553"	"475388a9e73751343bab828738bed391"	"V1V2"	"Bacteria"	"Tenericutes"	"Mollicutes"	"Mollicutes RF39"	"unknown_Fam Mollicutes RF39 ord."	"unknown_Gen Mollicutes RF39 ord."	"unkown_Spp_Gen_Fam_0011"
"ASV_V1V2_00554"	"16ee64f59a246b85fb74faa168513183"	"V1V2"	"Bacteria"	"Firmicutes"	"Clostridia"	"Clostridiales"	"Lachnospiraceae"	"Blautia"	"unknown_Spp Blautia gen."
"ASV_V1V2_00555"	"4d01a0777f4f4b90ad6d6653d8d6717b"	"V1V2"	"Bacteria"	"Firmicutes"	"Clostridia"	"Clostridiales"	"Lachnospiraceae"	"Lachnospiraceae UCG-003"	"unknown_Spp Lachnospiraceae UCG-003 gen."
"ASV_V1V2_00556"	"c4d1e85a4c79fa7a78a01833402f6c42"	"V1V2"	"Bacteria"	"Firmicutes"	"Clostridia"	"Clostridiales"	"Lachnospiraceae"	"Lachnospiraceae UCG-008"	"unknown_Spp Lachnospiraceae UCG-008 gen."
"ASV_V1V2_00557"	"d4da71c7797defa1c4beebc4ae2f4993"	"V1V2"	"Bacteria"	"Firmicutes"	"Clostridia"	"Clostridiales"	"Ruminococcaceae"	"Ruminococcaceae UCG-005"	"unknown_Spp Ruminococcaceae UCG-005 gen."
"ASV_V1V2_00558"	"97b792fcc6f4a6ad001bb91c30ca9814"	"V1V2"	"Bacteria"	"Firmicutes"	"Clostridia"	"Clostridiales"	"Lachnospiraceae"	"Coprococcus 3"	"unknown_Spp Coprococcus 3 gen."
"ASV_V1V2_00559"	"7164388c21cf7be5374ebc8565975a23"	"V1V2"	"Bacteria"	"Firmicutes"	"Clostridia"	"Clostridiales"	"Family XIII"	"Family XIII AD3011 gr."	"unknown_Spp Family XIII AD3011 gr. gen."
"ASV_V1V2_00560"	"78602e402b1b7884122da5bc66a31c2b"	"V1V2"	"Bacteria"	"Firmicutes"	"Clostridia"	"Clostridiales"	"Ruminococcaceae"	"Eubacterium coprostanoligenes gr."	"unknown_Spp Eubacterium coprostanoligenes gr. gen."
"ASV_V1V2_00561"	"eae4287d949e7dfebee76710c4ce707a"	"V1V2"	"Bacteria"	"Firmicutes"	"Clostridia"	"Clostridiales"	"Lachnospiraceae"	"Lachnospira"	"unknown_Spp Lachnospira gen."
"ASV_V1V2_00562"	"42d38a49c80e48e0991ac00c26652d12"	"V1V2"	"Bacteria"	"Firmicutes"	"Clostridia"	"Clostridiales"	"Peptostreptococcaceae"	"unknown_Gen Peptostreptococcaceae fam."	"unknown_Spp Peptostreptococcaceae fam."
"ASV_V1V2_00563"	"dbdf203d22248ee7fec2f466783540e3"	"V1V2"	"Bacteria"	"Firmicutes"	"Clostridia"	"Clostridiales"	"Ruminococcaceae"	"Subdoligranulum"	"unknown_Spp Subdoligranulum gen."
"ASV_V1V2_00564"	"546b7d0a9b999a0264001405f87681d7"	"V1V2"	"Bacteria"	"Firmicutes"	"Clostridia"	"Clostridiales"	"Lachnospiraceae"	"unknown_Gen Lachnospiraceae fam."	"unknown_Spp Lachnospiraceae fam."
"ASV_V1V2_00565"	"22c72ea13e296465a3d48c24ddb04d6d"	"V1V2"	"Bacteria"	"Firmicutes"	"Clostridia"	"Clostridiales"	"Lachnospiraceae"	"unknown_Gen Lachnospiraceae fam."	"unknown_Spp Lachnospiraceae fam."
"ASV_V1V2_00566"	"f5a5dd5108f4df11f8036752552b3593"	"V1V2"	"Bacteria"	"Firmicutes"	"Clostridia"	"Clostridiales"	"Lachnospiraceae"	"Blautia"	"unknown_Spp Blautia gen."
"ASV_V1V2_00567"	"feceacf996bcb851f9bcd5329db7c770"	"V1V2"	"Bacteria"	"Firmicutes"	"Clostridia"	"Clostridiales"	"Ruminococcaceae"	"Ruminococcaceae UCG-005"	"unknown_Spp Ruminococcaceae UCG-005 gen."
"ASV_V1V2_00568"	"21751bfc8d46ab41e5e30805c7edbbeb"	"V1V2"	"Bacteria"	"Firmicutes"	"Clostridia"	"Clostridiales"	"Ruminococcaceae"	"Ruminococcus 1"	"unknown_Spp Ruminococcus 1 gen."
"ASV_V1V2_00569"	"dd162470b14b846316d5132bfb68e459"	"V1V2"	"Bacteria"	"Firmicutes"	"Clostridia"	"Clostridiales"	"Ruminococcaceae"	"Ruminococcaceae UCG-014"	"unknown_Spp Ruminococcaceae UCG-014 gen."
"ASV_V1V2_00570"	"fd35caa62c4be83dd6209215f6a94ea6"	"V1V2"	"Bacteria"	"Actinobacteria"	"Coriobacteriia"	"Coriobacteriales"	"Eggerthellaceae"	"Senegalimassilia"	"unknown_Spp Senegalimassilia gen."
"ASV_V1V2_00571"	"a31a18e98f2d1978a260ff17fdf3ebf4"	"V1V2"	"Bacteria"	"Firmicutes"	"Clostridia"	"Clostridiales"	"Ruminococcaceae"	"Faecalibacterium"	"unknown_Spp Faecalibacterium gen."
"ASV_V1V2_00572"	"07953dea2405ec84ee1b7c57c89083f2"	"V1V2"	"Bacteria"	"Proteobacteria"	"Deltaproteobacteria"	"Desulfovibrionales"	"Desulfovibrionaceae"	"Bilophila"	"unknown_Spp Bilophila gen."
"ASV_V1V2_00573"	"6ca5e4183989140fe27ed1ac2fe92928"	"V1V2"	"Bacteria"	"Firmicutes"	"Clostridia"	"Clostridiales"	"Ruminococcaceae"	"Ruminococcaceae NK4A214 gr."	"unknown_Spp Ruminococcaceae NK4A214 gr. gen."
"ASV_V1V2_00574"	"ec15351be4636b3713ffde7b0f491938"	"V1V2"	"Bacteria"	"Bacteroidetes"	"Bacteroidia"	"Bacteroidales"	"Rikenellaceae"	"Alistipes"	"unknown_Spp Alistipes gen."
"ASV_V1V2_00575"	"9473f9f2ea15474a4c24d35d117ab256"	"V1V2"	"Bacteria"	"Firmicutes"	"Clostridia"	"Clostridiales"	"Christensenellaceae"	"Christensenellaceae R-7 gr."	"unknown_Spp Christensenellaceae R-7 gr. gen."
"ASV_V1V2_00576"	"c5d42e480582b6e8ddf4f0ec1251163d"	"V1V2"	"Bacteria"	"Firmicutes"	"Clostridia"	"Clostridiales"	"Ruminococcaceae"	"Butyricicoccus"	"unknown_Spp Butyricicoccus gen."
"ASV_V1V2_00577"	"f9769154e4a8cbb346e39ae156c50da5"	"V1V2"	"Bacteria"	"Firmicutes"	"Clostridia"	"Clostridiales"	"Lachnospiraceae"	"CAG-56"	"unknown_Spp CAG-56 gen."
"ASV_V1V2_00578"	"966fae195aeb3cc896ba923e50b7f76c"	"V1V2"	"Bacteria"	"Firmicutes"	"Negativicutes"	"Selenomonadales"	"Veillonellaceae"	"Mitsuokella"	"unknown_Spp Mitsuokella gen."
"ASV_V1V2_00579"	"88083024e05d6b9f7d8dde0a251d5fb7"	"V1V2"	"Bacteria"	"Firmicutes"	"Clostridia"	"Clostridiales"	"Ruminococcaceae"	"Ruminococcaceae UCG-004"	"unknown_Spp Ruminococcaceae UCG-004 gen."
"ASV_V1V2_00580"	"1f717d9a6a2343d0834fc1c49ebc1f6e"	"V1V2"	"Bacteria"	"Actinobacteria"	"Coriobacteriia"	"Coriobacteriales"	"Coriobacteriales Incertae Sedis"	"unknown_Gen Coriobacteriales Incertae Sedis fam."	"unknown_Spp Coriobacteriales Incertae Sedis fam."
"ASV_V1V2_00581"	"80a88753dbe28d0113ce3f3d20fb41a2"	"V1V2"	"Bacteria"	"Firmicutes"	"Clostridia"	"Clostridiales"	"Ruminococcaceae"	"Ruminococcus 2"	"unknown_Spp Ruminococcus 2 gen."
"ASV_V1V2_00582"	"9eb0976f3faa537b7d3c7f927f51c9c9"	"V1V2"	"Bacteria"	"Firmicutes"	"Clostridia"	"Clostridiales"	"Ruminococcaceae"	"Ruminococcaceae UCG-002"	"unknown_Spp Ruminococcaceae UCG-002 gen."
"ASV_V1V2_00583"	"a713de008f84360b06dafe429b8848bb"	"V1V2"	"Bacteria"	"Tenericutes"	"Mollicutes"	"Mollicutes RF39"	"unknown_Fam Mollicutes RF39 ord."	"unknown_Gen Mollicutes RF39 ord."	"unkown_Spp_Gen_Fam_0012"
"ASV_V1V2_00584"	"fb03512d599bf8ac3dc51223143221d2"	"V1V2"	"Bacteria"	"Firmicutes"	"Clostridia"	"Clostridiales"	"Lachnospiraceae"	"unknown_Gen Lachnospiraceae fam."	"unknown_Spp Lachnospiraceae fam."
"ASV_V1V2_00585"	"20201876706eda7874ae8dbf3a1b33ce"	"V1V2"	"Bacteria"	"Firmicutes"	"Clostridia"	"Clostridiales"	"Lachnospiraceae"	"Lachnospira"	"unknown_Spp Lachnospira gen."
"ASV_V1V2_00586"	"b8847adb00e4d29d933d0de4e5867593"	"V1V2"	"Bacteria"	"Firmicutes"	"Clostridia"	"Clostridiales"	"Lachnospiraceae"	"Lachnospiraceae UCG-001"	"unknown_Spp Lachnospiraceae UCG-001 gen."
"ASV_V1V2_00587"	"970e9c6d682c8b93ef4b143ad92cc95a"	"V1V2"	"Bacteria"	"Firmicutes"	"Clostridia"	"Clostridiales"	"Ruminococcaceae"	"Ruminococcaceae UCG-014"	"unknown_Spp Ruminococcaceae UCG-014 gen."
"ASV_V1V2_00588"	"0a4dec3d32c31e063f5e057c29b5910c"	"V1V2"	"Bacteria"	"Firmicutes"	"Clostridia"	"Clostridiales"	"Ruminococcaceae"	"Ruminococcus 1"	"unknown_Spp Ruminococcus 1 gen."
"ASV_V1V2_00589"	"10765ced3de3449bbf8975bea1406ca2"	"V1V2"	"Bacteria"	"Firmicutes"	"Clostridia"	"Clostridiales"	"Ruminococcaceae"	"Subdoligranulum"	"unknown_Spp Subdoligranulum gen."
"ASV_V1V2_00590"	"de0ffd8e6b38418400945f3e77d34765"	"V1V2"	"Bacteria"	"Firmicutes"	"Clostridia"	"Clostridiales"	"Ruminococcaceae"	"Ruminococcaceae UCG-013"	"unknown_Spp Ruminococcaceae UCG-013 gen."
"ASV_V1V2_00591"	"97800dc1c296fd819b93ee1c1daf8910"	"V1V2"	"Bacteria"	"Firmicutes"	"Clostridia"	"Clostridiales"	"Ruminococcaceae"	"Ruminococcaceae UCG-002"	"unknown_Spp Ruminococcaceae UCG-002 gen."
"ASV_V1V2_00592"	"73557129f1da50b89634ed54eaf77266"	"V1V2"	"Bacteria"	"Firmicutes"	"Clostridia"	"Clostridiales"	"Lachnospiraceae"	"Blautia"	"unknown_Spp Blautia gen."
"ASV_V1V2_00593"	"a614d3a36c61a200328e131f6040d16f"	"V1V2"	"Bacteria"	"Firmicutes"	"Clostridia"	"Clostridiales"	"Ruminococcaceae"	"Faecalibacterium"	"unknown_Spp Faecalibacterium gen."
"ASV_V1V2_00594"	"91a404b225434648e54103a94da377e1"	"V1V2"	"Bacteria"	"Tenericutes"	"Mollicutes"	"Mollicutes RF39"	"unknown_Fam Mollicutes RF39 ord."	"unknown_Gen Mollicutes RF39 ord."	"unkown_Spp_Gen_Fam_0013"
"ASV_V1V2_00595"	"c14b4923fcd09d8a62b8b2e13fa2328f"	"V1V2"	"Bacteria"	"Firmicutes"	"Clostridia"	"Clostridiales"	"Christensenellaceae"	"Christensenellaceae R-7 gr."	"unknown_Spp Christensenellaceae R-7 gr. gen."
"ASV_V1V2_00596"	"b044ec8ba014a11bfe27f2b20c4889ba"	"V1V2"	"Bacteria"	"Bacteroidetes"	"Bacteroidia"	"Bacteroidales"	"Prevotellaceae"	"Prevotella 9"	"unknown_Spp Prevotella 9 gen."
"ASV_V1V2_00597"	"9113f7446aa68f936c5ed554b4cbdb25"	"V1V2"	"Bacteria"	"Firmicutes"	"Clostridia"	"Clostridiales"	"Ruminococcaceae"	"Ruminococcaceae UCG-010"	"unknown_Spp Ruminococcaceae UCG-010 gen."
"ASV_V1V2_00598"	"de99cf25fdd3e4e31ad82125f29d7145"	"V1V2"	"Bacteria"	"Firmicutes"	"Clostridia"	"Clostridiales"	"Lachnospiraceae"	"unknown_Gen Lachnospiraceae fam."	"unknown_Spp Lachnospiraceae fam."
"ASV_V1V2_00599"	"a660f446e918499117f0d287270317da"	"V1V2"	"Bacteria"	"Firmicutes"	"Clostridia"	"Clostridiales"	"Lachnospiraceae"	"Lachnospiraceae FCS020 gr."	"unknown_Spp Lachnospiraceae FCS020 gr. gen."
"ASV_V1V2_00600"	"da59c99624ca87da2280a8c4cb38fbfb"	"V1V2"	"Bacteria"	"Bacteroidetes"	"Bacteroidia"	"Bacteroidales"	"Rikenellaceae"	"Alistipes"	"unknown_Spp Alistipes gen."
"ASV_V1V2_00601"	"043674bf883cf08a60610a24058c59bd"	"V1V2"	"Bacteria"	"Firmicutes"	"Clostridia"	"Clostridiales"	"Lachnospiraceae"	"Anaerostipes"	"unknown_Spp Anaerostipes gen."
"ASV_V1V2_00602"	"61bf72cb2f2bee9524b603a8145f1a1a"	"V1V2"	"Bacteria"	"Firmicutes"	"Clostridia"	"Clostridiales"	"Lachnospiraceae"	"Blautia"	"unknown_Spp Blautia gen."
"ASV_V1V2_00603"	"2530796f2aafded68d02f0af970d9345"	"V1V2"	"Bacteria"	"Firmicutes"	"Clostridia"	"Clostridiales"	"Ruminococcaceae"	"Ruminococcaceae UCG-002"	"unknown_Spp Ruminococcaceae UCG-002 gen."
"ASV_V1V2_00604"	"5fb96d06de7ab1baf9c004a3352bfb51"	"V1V2"	"Bacteria"	"Firmicutes"	"Clostridia"	"Clostridiales"	"Family XIII"	"Family XIII AD3011 gr."	"unknown_Spp Family XIII AD3011 gr. gen."
"ASV_V1V2_00605"	"d3aaf9cff43b19506acfdcdb9161fa1d"	"V1V2"	"Bacteria"	"Firmicutes"	"Clostridia"	"Clostridiales"	"Lachnospiraceae"	"unknown_Gen Lachnospiraceae fam."	"unknown_Spp Lachnospiraceae fam."
"ASV_V1V2_00606"	"1e05df2b1fdb78625451e2d7080ac31c"	"V1V2"	"Bacteria"	"Firmicutes"	"Clostridia"	"Clostridiales"	"Ruminococcaceae"	"Ruminococcaceae UCG-005"	"unknown_Spp Ruminococcaceae UCG-005 gen."
"ASV_V1V2_00607"	"b5c8c9275a66562dfeeea0d855f8949a"	"V1V2"	"Bacteria"	"Firmicutes"	"Clostridia"	"Clostridiales"	"Lachnospiraceae"	"Lachnospiraceae UCG-001"	"unknown_Spp Lachnospiraceae UCG-001 gen."
"ASV_V1V2_00608"	"1711baf64ade954faa11e49fd0e12503"	"V1V2"	"Bacteria"	"Firmicutes"	"Clostridia"	"Clostridiales"	"Lachnospiraceae"	"Lachnospiraceae NK4A136 gr."	"unknown_Spp Lachnospiraceae NK4A136 gr. gen."
"ASV_V1V2_00609"	"488e7b5820a147882225ebacd07aa6e1"	"V1V2"	"Bacteria"	"Firmicutes"	"Clostridia"	"Clostridiales"	"Christensenellaceae"	"Christensenellaceae R-7 gr."	"unknown_Spp Christensenellaceae R-7 gr. gen."
"ASV_V1V2_00610"	"68ffd10cecc04ceb69c91e7cb472c7c1"	"V1V2"	"Bacteria"	"Firmicutes"	"Clostridia"	"Clostridiales"	"Ruminococcaceae"	"Faecalibacterium"	"unknown_Spp Faecalibacterium gen."
"ASV_V1V2_00611"	"7846aacaa3e6ba471c34760225b92629"	"V1V2"	"Bacteria"	"Firmicutes"	"Clostridia"	"Clostridiales"	"Ruminococcaceae"	"Ruminococcus 1"	"unknown_Spp Ruminococcus 1 gen."
"ASV_V1V2_00612"	"d623ffcbb021393c20c0655447b33bdb"	"V1V2"	"Bacteria"	"Firmicutes"	"Clostridia"	"Clostridiales"	"Lachnospiraceae"	"Marvinbryantia"	"unknown_Spp Marvinbryantia gen."
"ASV_V1V2_00613"	"ab05ad66e82640a4556dd31d436c44b2"	"V1V2"	"Bacteria"	"Firmicutes"	"Clostridia"	"Clostridiales"	"Lachnospiraceae"	"Blautia"	"unknown_Spp Blautia gen."
"ASV_V1V2_00614"	"93b27b5deb321af6249d811830a69817"	"V1V2"	"Bacteria"	"Firmicutes"	"Clostridia"	"Clostridiales"	"Ruminococcaceae"	"Subdoligranulum"	"unknown_Spp Subdoligranulum gen."
"ASV_V1V2_00615"	"d3a3e48cae8db38ceb6f4d7529e36979"	"V1V2"	"Bacteria"	"Firmicutes"	"Clostridia"	"Clostridiales"	"Ruminococcaceae"	"Faecalibacterium"	"unknown_Spp Faecalibacterium gen."
"ASV_V1V2_00616"	"e6c8ec6aa92877679aff239dee6e8f38"	"V1V2"	"Bacteria"	"Proteobacteria"	"Deltaproteobacteria"	"Desulfovibrionales"	"Desulfovibrionaceae"	"Desulfovibrio"	"unknown_Spp Desulfovibrio gen."
"ASV_V1V2_00617"	"86c4f25fe639b890b5c36040058670ae"	"V1V2"	"Bacteria"	"Actinobacteria"	"Coriobacteriia"	"Coriobacteriales"	"Coriobacteriales Incertae Sedis"	"unknown_Gen Coriobacteriales Incertae Sedis fam."	"unknown_Spp Coriobacteriales Incertae Sedis fam."
"ASV_V1V2_00618"	"a1b96d1d7c0f89d918a0f2b1251d5173"	"V1V2"	"Bacteria"	"Tenericutes"	"Mollicutes"	"Mollicutes RF39"	"unknown_Fam Mollicutes RF39 ord."	"unknown_Gen Mollicutes RF39 ord."	"unkown_Spp_Gen_Fam_0014"
"ASV_V1V2_00619"	"57e35e48b85b59e4ba7037882a9c6eeb"	"V1V2"	"Bacteria"	"Firmicutes"	"Clostridia"	"Clostridiales"	"Lachnospiraceae"	"Lachnospiraceae FCS020 gr."	"unknown_Spp Lachnospiraceae FCS020 gr. gen."
"ASV_V1V2_00620"	"02449de5d2f939b9818639101441f77e"	"V1V2"	"Bacteria"	"Firmicutes"	"Clostridia"	"Clostridiales"	"Ruminococcaceae"	"Faecalibacterium"	"unknown_Spp Faecalibacterium gen."
"ASV_V1V2_00621"	"47bdaa93cda84347bc1512ab2836a9f1"	"V1V2"	"Bacteria"	"Firmicutes"	"Clostridia"	"Clostridiales"	"Lachnospiraceae"	"unknown_Gen Lachnospiraceae fam."	"unknown_Spp Lachnospiraceae fam."
"ASV_V1V2_00622"	"73b0578bd7626e20667b84ee18e95ba8"	"V1V2"	"Bacteria"	"Firmicutes"	"Clostridia"	"Clostridiales"	"Ruminococcaceae"	"Ruminococcaceae UCG-005"	"unknown_Spp Ruminococcaceae UCG-005 gen."
"ASV_V1V2_00623"	"0572d6c8df955efdb0918d229618c871"	"V1V2"	"Bacteria"	"Firmicutes"	"Clostridia"	"Clostridiales"	"Lachnospiraceae"	"unknown_Gen Lachnospiraceae fam."	"unknown_Spp Lachnospiraceae fam."
"ASV_V1V2_00624"	"825a8c62127dc0f9529b5b8e8bddb2f1"	"V1V2"	"Bacteria"	"Firmicutes"	"Clostridia"	"Clostridiales"	"Ruminococcaceae"	"Ruminococcaceae UCG-014"	"unknown_Spp Ruminococcaceae UCG-014 gen."
"ASV_V1V2_00625"	"dcc9f1e6a9be512db974e718126109dc"	"V1V2"	"Bacteria"	"Firmicutes"	"Clostridia"	"Clostridiales"	"Lachnospiraceae"	"Marvinbryantia"	"unknown_Spp Marvinbryantia gen."
"ASV_V1V2_00626"	"7bf58f8ba48eb570febdecd51c15266b"	"V1V2"	"Bacteria"	"Bacteroidetes"	"Bacteroidia"	"Bacteroidales"	"Rikenellaceae"	"Alistipes"	"unknown_Spp Alistipes gen."
"ASV_V1V2_00627"	"0a5f95ce765fe05019e078891db20a0a"	"V1V2"	"Bacteria"	"Bacteroidetes"	"Bacteroidia"	"Bacteroidales"	"Muribaculaceae"	"unknown_Gen Muribaculaceae fam."	"unknown_Spp Muribaculaceae fam."
"ASV_V1V2_00628"	"82f775388bfed413f100c780b8bc014f"	"V1V2"	"Bacteria"	"Proteobacteria"	"Alphaproteobacteria"	"Rhodospirillales"	"unknown_Fam Rhodospirillales ord."	"unknown_Gen Rhodospirillales ord."	"unkown_Spp_Gen_Fam_0015"
"ASV_V1V2_00629"	"12661512ba2f6e2ab20ac2f9605a0d71"	"V1V2"	"Bacteria"	"Firmicutes"	"Clostridia"	"Clostridiales"	"Lachnospiraceae"	"unknown_Gen Lachnospiraceae fam."	"unknown_Spp Lachnospiraceae fam."
"ASV_V1V2_00630"	"a9df06e733d16c6731b91654b388d10d"	"V1V2"	"Bacteria"	"Bacteroidetes"	"Bacteroidia"	"Bacteroidales"	"Muribaculaceae"	"unknown_Gen Muribaculaceae fam."	"unknown_Spp Muribaculaceae fam."
"ASV_V1V2_00631"	"eeaffecf80858d1f2205c3b582ebfc51"	"V1V2"	"Bacteria"	"Firmicutes"	"Clostridia"	"Clostridiales"	"Ruminococcaceae"	"Ruminococcaceae UCG-013"	"unknown_Spp Ruminococcaceae UCG-013 gen."
"ASV_V1V2_00632"	"9cf7ccdb96389ce3211753c6ae303073"	"V1V2"	"Bacteria"	"Firmicutes"	"Clostridia"	"Clostridiales"	"Ruminococcaceae"	"Ruminococcaceae UCG-002"	"unknown_Spp Ruminococcaceae UCG-002 gen."
"ASV_V1V2_00633"	"e3d3b4057087d2546d8517c6a22d8fa2"	"V1V2"	"Bacteria"	"Firmicutes"	"Clostridia"	"Clostridiales"	"Christensenellaceae"	"Christensenellaceae R-7 gr."	"unknown_Spp Christensenellaceae R-7 gr. gen."
"ASV_V1V2_00634"	"dc6cc8043b3cb837d2fb25ccc8ab2641"	"V1V2"	"Bacteria"	"Proteobacteria"	"Deltaproteobacteria"	"Desulfovibrionales"	"Desulfovibrionaceae"	"Desulfovibrio"	"unknown_Spp Desulfovibrio gen."
"ASV_V1V2_00635"	"3e2d65b8c137c0852f0f5b6a427a7cf5"	"V1V2"	"Bacteria"	"Bacteroidetes"	"Bacteroidia"	"Bacteroidales"	"Prevotellaceae"	"Prevotella 9"	"unknown_Spp Prevotella 9 gen."
"ASV_V1V2_00636"	"35b17e0b881411de0b527348b8a2ef46"	"V1V2"	"Bacteria"	"Firmicutes"	"Clostridia"	"Clostridiales"	"Ruminococcaceae"	"unknown_Gen Ruminococcaceae fam."	"unknown_Spp Ruminococcaceae fam."
"ASV_V1V2_00637"	"f9c5330fe8e07b3f499e73e68be575e7"	"V1V2"	"Bacteria"	"Firmicutes"	"Clostridia"	"Clostridiales"	"Ruminococcaceae"	"Faecalibacterium"	"unknown_Spp Faecalibacterium gen."
"ASV_V1V2_00638"	"4cc449c97b10772d3525619828330a2f"	"V1V2"	"Bacteria"	"Firmicutes"	"Clostridia"	"Clostridiales"	"Lachnospiraceae"	"Dorea"	"unknown_Spp Dorea gen."
"ASV_V1V2_00639"	"f48ede36f9b314fd9eb9c09a26f54683"	"V1V2"	"Bacteria"	"Firmicutes"	"Clostridia"	"Clostridiales"	"Lachnospiraceae"	"Lachnospiraceae UCG-008"	"unknown_Spp Lachnospiraceae UCG-008 gen."
"ASV_V1V2_00640"	"8ea31da6df3b6d0a094f7bb7ff210acd"	"V1V2"	"Bacteria"	"Firmicutes"	"Clostridia"	"Clostridiales"	"Lachnospiraceae"	"Blautia"	"unknown_Spp Blautia gen."
"ASV_V1V2_00641"	"a3882bddefab5f9ad15366c7d73979fa"	"V1V2"	"Bacteria"	"Firmicutes"	"Clostridia"	"Clostridiales"	"Lachnospiraceae"	"Lachnospiraceae UCG-001"	"unknown_Spp Lachnospiraceae UCG-001 gen."
"ASV_V1V2_00642"	"e6228af38d30914d65e5b7ceb90aba90"	"V1V2"	"Bacteria"	"Firmicutes"	"Clostridia"	"Clostridiales"	"Ruminococcaceae"	"Ruminococcaceae UCG-005"	"unknown_Spp Ruminococcaceae UCG-005 gen."
"ASV_V1V2_00643"	"a3267601acaa74c20a19e6a36cadcaf9"	"V1V2"	"Bacteria"	"Firmicutes"	"Clostridia"	"Clostridiales"	"Lachnospiraceae"	"Blautia"	"unknown_Spp Blautia gen."
"ASV_V1V2_00644"	"8a3cd92b3cf67e31e57075f566bebd2d"	"V1V2"	"Bacteria"	"Firmicutes"	"Clostridia"	"Clostridiales"	"Lachnospiraceae"	"unknown_Gen Lachnospiraceae fam."	"unknown_Spp Lachnospiraceae fam."
"ASV_V1V2_00645"	"aacf0ae3ec77d6d75746f5655d68f1d2"	"V1V2"	"Bacteria"	"Elusimicrobia"	"Elusimicrobia"	"Elusimicrobiales"	"Elusimicrobiaceae"	"Elusimicrobium"	"unknown_Spp Elusimicrobium gen."
"ASV_V1V2_00646"	"00529442efcb012457ae106c1fc4db7a"	"V1V2"	"Bacteria"	"Firmicutes"	"Clostridia"	"Clostridiales"	"Lachnospiraceae"	"unknown_Gen Lachnospiraceae fam."	"unknown_Spp Lachnospiraceae fam."
"ASV_V1V2_00647"	"a2fefcc08ed62bf17dd26d2804162f6e"	"V1V2"	"Bacteria"	"Bacteroidetes"	"Bacteroidia"	"Bacteroidales"	"Bacteroidaceae"	"Bacteroides"	"Bacteroides ovatus V975"
"ASV_V1V2_00648"	"dcc54ab902a29b2731833626d0bf2f46"	"V1V2"	"Bacteria"	"Firmicutes"	"Clostridia"	"Clostridiales"	"Lachnospiraceae"	"Roseburia"	"unknown_Spp Roseburia gen."
"ASV_V1V2_00649"	"bba4762813976d5d4bfb903f9dd1b931"	"V1V2"	"Bacteria"	"Firmicutes"	"Clostridia"	"Clostridiales"	"Lachnospiraceae"	"Marvinbryantia"	"unknown_Spp Marvinbryantia gen."
"ASV_V1V2_00650"	"80b50de2d3a3eb0d96e977bf31344eb2"	"V1V2"	"Bacteria"	"Firmicutes"	"Clostridia"	"Clostridiales"	"Ruminococcaceae"	"Butyricicoccus"	"unknown_Spp Butyricicoccus gen."
"ASV_V1V2_00651"	"9213b52e9fbd8d10fb22d9a47ceaabdf"	"V1V2"	"Bacteria"	"Firmicutes"	"Erysipelotrichia"	"Erysipelotrichales"	"Erysipelotrichaceae"	"unknown_Gen Erysipelotrichaceae fam."	"unknown_Spp Erysipelotrichaceae fam."
"ASV_V1V2_00652"	"e43e19b7258ca1a974ce75a7662f4729"	"V1V2"	"Bacteria"	"Firmicutes"	"Clostridia"	"Clostridiales"	"Ruminococcaceae"	"Ruminococcaceae UCG-014"	"unknown_Spp Ruminococcaceae UCG-014 gen."
"ASV_V1V2_00653"	"1fd2b50502395d0e49daaa09f380b9b6"	"V1V2"	"Bacteria"	"Firmicutes"	"Clostridia"	"Clostridiales"	"Lachnospiraceae"	"Blautia"	"unknown_Spp Blautia gen."
"ASV_V1V2_00654"	"b2b7c15f881b05b14cdc3c1d497da7ab"	"V1V2"	"Bacteria"	"Firmicutes"	"Clostridia"	"Clostridiales"	"Ruminococcaceae"	"unknown_Gen Ruminococcaceae fam."	"unknown_Spp Ruminococcaceae fam."
"ASV_V1V2_00655"	"b732eb134e89ddd1cceb015fdb97f34a"	"V1V2"	"Bacteria"	"Firmicutes"	"Clostridia"	"Clostridiales"	"Lachnospiraceae"	"Eubacterium eligens gr."	"unknown_Spp Eubacterium eligens gr. gen."
"ASV_V1V2_00656"	"8c45ea1f586cca8abbbb56df4616e648"	"V1V2"	"Bacteria"	"Firmicutes"	"Clostridia"	"Clostridiales"	"Ruminococcaceae"	"Faecalibacterium"	"unknown_Spp Faecalibacterium gen."
"ASV_V1V2_00657"	"f11939000804c0e1c5c46930909cab5c"	"V1V2"	"Bacteria"	"Proteobacteria"	"Deltaproteobacteria"	"Desulfovibrionales"	"Desulfovibrionaceae"	"Bilophila"	"unknown_Spp Bilophila gen."
"ASV_V1V2_00658"	"11b7bb8b6a1fce3b8c7ec013784350a9"	"V1V2"	"Bacteria"	"Proteobacteria"	"Deltaproteobacteria"	"Desulfovibrionales"	"Desulfovibrionaceae"	"Bilophila"	"unknown_Spp Bilophila gen."
"ASV_V1V2_00659"	"65c86fcb20a70910f1cf5d3ceee0a4bb"	"V1V2"	"Bacteria"	"Firmicutes"	"Clostridia"	"Clostridiales"	"Lachnospiraceae"	"Eubacterium ventriosum gr."	"unknown_Spp Eubacterium ventriosum gr. gen."
"ASV_V1V2_00660"	"a92f27e6950a29de23d1d6b664fce75d"	"V1V2"	"Bacteria"	"Firmicutes"	"Clostridia"	"Clostridiales"	"Christensenellaceae"	"Christensenellaceae R-7 gr."	"unknown_Spp Christensenellaceae R-7 gr. gen."
"ASV_V1V2_00661"	"14f5de16eb64bcae83e3c007e2588f4c"	"V1V2"	"Bacteria"	"Firmicutes"	"Clostridia"	"Clostridiales"	"Lachnospiraceae"	"Blautia"	"unknown_Spp Blautia gen."
"ASV_V1V2_00662"	"115bead54f56fa3ebe273bb9d5f82942"	"V1V2"	"Bacteria"	"Firmicutes"	"Clostridia"	"Clostridiales"	"unknown_Fam Clostridiales ord."	"unknown_Gen Clostridiales ord."	"unkown_Spp_Gen_Fam_0016"
"ASV_V1V2_00663"	"0ede3ad0a382c2eb504b09279fa4ae9b"	"V1V2"	"Bacteria"	"Firmicutes"	"Clostridia"	"Clostridiales"	"Lachnospiraceae"	"unknown_Gen Lachnospiraceae fam."	"unknown_Spp Lachnospiraceae fam."
"ASV_V1V2_00664"	"57f82cfdf091954ef707aa512b3d2d8d"	"V1V2"	"Bacteria"	"Bacteroidetes"	"Bacteroidia"	"Bacteroidales"	"Bacteroidaceae"	"Bacteroides"	"unknown_Spp Bacteroides gen."
"ASV_V1V2_00665"	"13a86346517b416a1921eb84354b53e1"	"V1V2"	"Bacteria"	"Firmicutes"	"Clostridia"	"Clostridiales"	"Christensenellaceae"	"Christensenellaceae R-7 gr."	"unknown_Spp Christensenellaceae R-7 gr. gen."
"ASV_V1V2_00666"	"b38f16c1b5bdd13a33281d50e7fd2c6e"	"V1V2"	"Bacteria"	"Bacteroidetes"	"Bacteroidia"	"Bacteroidales"	"Muribaculaceae"	"unknown_Gen Muribaculaceae fam."	"unknown_Spp Muribaculaceae fam."
"ASV_V1V2_00667"	"165553dc5be02b08998a8059b9a50613"	"V1V2"	"Bacteria"	"Firmicutes"	"Clostridia"	"Clostridiales"	"Lachnospiraceae"	"Dorea"	"unknown_Spp Dorea gen."
"ASV_V1V2_00668"	"01ef6b4c0c0ec910747d737d0fcd2066"	"V1V2"	"Bacteria"	"Firmicutes"	"Clostridia"	"Clostridiales"	"Ruminococcaceae"	"unknown_Gen Ruminococcaceae fam."	"unknown_Spp Ruminococcaceae fam."
"ASV_V1V2_00669"	"f600b2a42934d095a271f8449bbd4e5a"	"V1V2"	"Bacteria"	"Firmicutes"	"Clostridia"	"Clostridiales"	"Lachnospiraceae"	"Lachnospiraceae FCS020 gr."	"unknown_Spp Lachnospiraceae FCS020 gr. gen."
"ASV_V1V2_00670"	"e7f801898c201c1ccb5dd105247d2108"	"V1V2"	"Bacteria"	"Firmicutes"	"Clostridia"	"Clostridiales"	"Family XIII"	"Family XIII AD3011 gr."	"unknown_Spp Family XIII AD3011 gr. gen."
"ASV_V1V2_00671"	"1b9af44a670dfe08f928e12b9445bf5e"	"V1V2"	"Bacteria"	"Firmicutes"	"Clostridia"	"Clostridiales"	"Ruminococcaceae"	"Ruminococcaceae UCG-005"	"unknown_Spp Ruminococcaceae UCG-005 gen."
"ASV_V1V2_00672"	"fb41e2755927925680f542db92089183"	"V1V2"	"Bacteria"	"Proteobacteria"	"Gammaproteobacteria"	"Betaproteobacteriales"	"Burkholderiaceae"	"Sutterella"	"unknown_Spp Sutterella gen."
"ASV_V1V2_00673"	"730e984886796ce1b2ba2e8ee8686eeb"	"V1V2"	"Bacteria"	"Firmicutes"	"Clostridia"	"Clostridiales"	"Ruminococcaceae"	"Ruminococcaceae UCG-002"	"unknown_Spp Ruminococcaceae UCG-002 gen."
"ASV_V1V2_00674"	"20da75a02d5104a256d806f18600ff14"	"V1V2"	"Bacteria"	"Firmicutes"	"Clostridia"	"Clostridiales"	"Lachnospiraceae"	"unknown_Gen Lachnospiraceae fam."	"unknown_Spp Lachnospiraceae fam."
"ASV_V1V2_00675"	"d0362a000bce0940d78639623d262a53"	"V1V2"	"Bacteria"	"Bacteroidetes"	"Bacteroidia"	"Bacteroidales"	"Tannerellaceae"	"Parabacteroides"	"unknown_Spp Parabacteroides gen."
"ASV_V1V2_00676"	"ad23bd9e58f3d71308b1b012d06580b9"	"V1V2"	"Bacteria"	"Bacteroidetes"	"Bacteroidia"	"Bacteroidales"	"Prevotellaceae"	"Prevotellaceae UCG-003"	"unknown_Spp Prevotellaceae UCG-003 gen."
"ASV_V1V2_00677"	"486c80688f6fb4a041930696b5691a9b"	"V1V2"	"Bacteria"	"Firmicutes"	"Clostridia"	"Clostridiales"	"Family XIII"	"Family XIII AD3011 gr."	"unknown_Spp Family XIII AD3011 gr. gen."
"ASV_V1V2_00678"	"fc167f39235562b28b1e3777c667f10b"	"V1V2"	"Bacteria"	"Bacteroidetes"	"Bacteroidia"	"Bacteroidales"	"Tannerellaceae"	"Parabacteroides"	"unknown_Spp Parabacteroides gen."
"ASV_V1V2_00679"	"a70dc15a8249854fd6a5f2bcdf647d5b"	"V1V2"	"Bacteria"	"Firmicutes"	"Clostridia"	"Clostridiales"	"Ruminococcaceae"	"Faecalibacterium"	"unknown_Spp Faecalibacterium gen."
"ASV_V1V2_00680"	"6ec641a88f9236af0a93e927468e913d"	"V1V2"	"Bacteria"	"Firmicutes"	"Clostridia"	"Clostridiales"	"Lachnospiraceae"	"Blautia"	"unknown_Spp Blautia gen."
"ASV_V1V2_00681"	"65764e3f28d652e14f661769dc20e26a"	"V1V2"	"Bacteria"	"Firmicutes"	"Clostridia"	"Clostridiales"	"Ruminococcaceae"	"Ruminococcaceae UCG-004"	"unknown_Spp Ruminococcaceae UCG-004 gen."
"ASV_V1V2_00682"	"12ff98b81e7d5031128adfe8f7c47c2f"	"V1V2"	"Bacteria"	"Firmicutes"	"Clostridia"	"Clostridiales"	"Ruminococcaceae"	"Ruminiclostridium 6"	"unknown_Spp Ruminiclostridium 6 gen."
"ASV_V1V2_00683"	"15d3f10081d5ad5c92e81f4ddb099b7f"	"V1V2"	"Bacteria"	"Firmicutes"	"Clostridia"	"Clostridiales"	"Lachnospiraceae"	"Lachnospiraceae UCG-003"	"unknown_Spp Lachnospiraceae UCG-003 gen."
"ASV_V1V2_00684"	"05bda2fc85cc60b5f7bcc487382b1bf2"	"V1V2"	"Bacteria"	"Firmicutes"	"Erysipelotrichia"	"Erysipelotrichales"	"Erysipelotrichaceae"	"unknown_Gen Erysipelotrichaceae fam."	"unknown_Spp Erysipelotrichaceae fam."
"ASV_V1V2_00685"	"86c9d4fd44d6bb90ac6cf8e4d1a5d8ee"	"V1V2"	"Bacteria"	"Firmicutes"	"Clostridia"	"Clostridiales"	"Lachnospiraceae"	"Blautia"	"unknown_Spp Blautia gen."
"ASV_V1V2_00686"	"df7cfd55a33acb9d32bcab43471fdcc7"	"V1V2"	"Bacteria"	"Bacteroidetes"	"Bacteroidia"	"Bacteroidales"	"Bacteroidaceae"	"Bacteroides"	"unknown_Spp Bacteroides gen."
"ASV_V1V2_00687"	"0e3d4f4df715c9b83b0f0a83998d290c"	"V1V2"	"Bacteria"	"Actinobacteria"	"Coriobacteriia"	"Coriobacteriales"	"Coriobacteriales Incertae Sedis"	"Raoultibacter"	"unknown_Spp Raoultibacter gen."
"ASV_V1V2_00688"	"3f93cc2a582e254439e11a8c3af1e573"	"V1V2"	"Bacteria"	"Firmicutes"	"Clostridia"	"Clostridiales"	"Lachnospiraceae"	"Ruminococcus torques gr."	"unknown_Spp Ruminococcus torques gr. gen."
"ASV_V1V2_00689"	"09b28a7aa483a34a3c6825d2fab0e38d"	"V1V2"	"Bacteria"	"Firmicutes"	"Clostridia"	"Clostridiales"	"Family XIII"	"Family XIII AD3011 gr."	"unknown_Spp Family XIII AD3011 gr. gen."
"ASV_V1V2_00690"	"6bac2f1bc7306f10f8a12ff5cefb9800"	"V1V2"	"Bacteria"	"Firmicutes"	"Clostridia"	"Clostridiales"	"Lachnospiraceae"	"Roseburia"	"unknown_Spp Roseburia gen."
"ASV_V1V2_00691"	"adb88b57d64928bf92847790dcdc20ad"	"V1V2"	"Bacteria"	"Firmicutes"	"Clostridia"	"Clostridiales"	"Ruminococcaceae"	"Ruminococcaceae UCG-003"	"unknown_Spp Ruminococcaceae UCG-003 gen."
"ASV_V1V2_00692"	"a91fe0541fc48a52687dbfa571ddf3ed"	"V1V2"	"Bacteria"	"Firmicutes"	"Clostridia"	"Clostridiales"	"Ruminococcaceae"	"Ruminococcaceae UCG-010"	"unknown_Spp Ruminococcaceae UCG-010 gen."
"ASV_V1V2_00693"	"bfccb793d37937060c7af74bec8e53c0"	"V1V2"	"Bacteria"	"Firmicutes"	"Clostridia"	"Clostridiales"	"Lachnospiraceae"	"unknown_Gen Lachnospiraceae fam."	"unknown_Spp Lachnospiraceae fam."
"ASV_V1V2_00694"	"a5c96cadf74ec08b351cb51dfc481368"	"V1V2"	"Bacteria"	"Bacteroidetes"	"Bacteroidia"	"Bacteroidales"	"Prevotellaceae"	"Prevotella 9"	"unknown_Spp Prevotella 9 gen."
"ASV_V1V2_00695"	"ea175be1b7831765ac7743cb678bc933"	"V1V2"	"Bacteria"	"Firmicutes"	"Clostridia"	"Clostridiales"	"Lachnospiraceae"	"Lachnospiraceae UCG-004"	"unknown_Spp Lachnospiraceae UCG-004 gen."
"ASV_V1V2_00696"	"49eaf674865e5383bb1e4e5de76acb07"	"V1V2"	"Bacteria"	"Bacteroidetes"	"Bacteroidia"	"Bacteroidales"	"Bacteroidaceae"	"Bacteroides"	"unknown_Spp Bacteroides gen."
"ASV_V1V2_00697"	"ef976dae5a1a26a7df7925df2db99c76"	"V1V2"	"Bacteria"	"Firmicutes"	"Clostridia"	"Clostridiales"	"Lachnospiraceae"	"Acetitomaculum"	"Firmicutes bacterium CAG 194 44 15"
"ASV_V1V2_00698"	"e50deeb3d2bd84baa4ab335f5ffb6e6d"	"V1V2"	"Bacteria"	"Firmicutes"	"Erysipelotrichia"	"Erysipelotrichales"	"Erysipelotrichaceae"	"Erysipelotrichaceae UCG-004"	"unknown_Spp Erysipelotrichaceae UCG-004 gen."
"ASV_V1V2_00699"	"97b2642fba5dadc58c59b718ee5910e4"	"V1V2"	"Bacteria"	"Firmicutes"	"Clostridia"	"Clostridiales"	"Family XIII"	"Eubacterium brachy gr."	"unknown_Spp Eubacterium brachy gr. gen."
"ASV_V1V2_00700"	"156ba232b531075e7a8a3118fe76398e"	"V1V2"	"Bacteria"	"Firmicutes"	"Clostridia"	"Clostridiales"	"Ruminococcaceae"	"Ruminiclostridium 9"	"unknown_Spp Ruminiclostridium 9 gen."
"ASV_V1V2_00701"	"1fce581d63de89a5ef88c2c0ee4b5f10"	"V1V2"	"Bacteria"	"Firmicutes"	"Clostridia"	"Clostridiales"	"Lachnospiraceae"	"unknown_Gen Lachnospiraceae fam."	"unknown_Spp Lachnospiraceae fam."
"ASV_V1V2_00702"	"32995c68c94ff69c6dae0d33f212628e"	"V1V2"	"Bacteria"	"Firmicutes"	"Clostridia"	"Clostridiales"	"Lachnospiraceae"	"Marvinbryantia"	"unknown_Spp Marvinbryantia gen."
"ASV_V1V2_00703"	"b67dfebdb916153987d55418afe18e8b"	"V1V2"	"Bacteria"	"Firmicutes"	"Clostridia"	"Clostridiales"	"Christensenellaceae"	"Christensenellaceae R-7 gr."	"unknown_Spp Christensenellaceae R-7 gr. gen."
"ASV_V1V2_00704"	"0dcee94b71a878de42345a1df3c457cf"	"V1V2"	"Bacteria"	"Firmicutes"	"Clostridia"	"Clostridiales"	"Lachnospiraceae"	"Lachnospiraceae NK4A136 gr."	"unknown_Spp Lachnospiraceae NK4A136 gr. gen."
"ASV_V1V2_00705"	"505914e15a616282151b6f22542c95cc"	"V1V2"	"Bacteria"	"Firmicutes"	"Clostridia"	"Clostridiales"	"Ruminococcaceae"	"Ruminococcaceae UCG-010"	"unknown_Spp Ruminococcaceae UCG-010 gen."
"ASV_V1V2_00706"	"90c6c3614755e56b9f658e9f1c657cc3"	"V1V2"	"Bacteria"	"Firmicutes"	"Clostridia"	"Clostridiales"	"Ruminococcaceae"	"Subdoligranulum"	"unknown_Spp Subdoligranulum gen."
"ASV_V1V2_00707"	"bacd97494a051e9cd28a554c0bf07927"	"V1V2"	"Bacteria"	"Firmicutes"	"Clostridia"	"Clostridiales"	"Lachnospiraceae"	"unknown_Gen Lachnospiraceae fam."	"unknown_Spp Lachnospiraceae fam."
"ASV_V1V2_00708"	"36a605e64a20f63d645a94a58324389d"	"V1V2"	"Bacteria"	"Firmicutes"	"Clostridia"	"Clostridiales"	"Lachnospiraceae"	"Ruminococcus gauvreauii gr."	"unknown_Spp Ruminococcus gauvreauii gr. gen."
"ASV_V1V2_00709"	"2364669ff9c2241eebb4ad023919143e"	"V1V2"	"Bacteria"	"Bacteroidetes"	"Bacteroidia"	"Bacteroidales"	"Bacteroidaceae"	"Bacteroides"	"unknown_Spp Bacteroides gen."
"ASV_V1V2_00710"	"3af3a502664b510fe1318c8c9a4a1e12"	"V1V2"	"Bacteria"	"Firmicutes"	"Clostridia"	"Clostridiales"	"Lachnospiraceae"	"Eubacterium hallii gr."	"unknown_Spp Eubacterium hallii gr. gen."
"ASV_V1V2_00711"	"e61a7f8bb2ef0321906653cec0615433"	"V1V2"	"Bacteria"	"Firmicutes"	"Clostridia"	"Clostridiales"	"Ruminococcaceae"	"Ruminiclostridium 9"	"unknown_Spp Ruminiclostridium 9 gen."
"ASV_V1V2_00712"	"7a022ca4fc87e1b6756ab8dbc573d3a1"	"V1V2"	"Bacteria"	"Firmicutes"	"Clostridia"	"Clostridiales"	"Ruminococcaceae"	"Ruminococcaceae UCG-010"	"unknown_Spp Ruminococcaceae UCG-010 gen."
"ASV_V1V2_00713"	"e474291c968750e32baa429087badac2"	"V1V2"	"Bacteria"	"Bacteroidetes"	"Bacteroidia"	"Bacteroidales"	"Prevotellaceae"	"Prevotellaceae UCG-003"	"unknown_Spp Prevotellaceae UCG-003 gen."
"ASV_V1V2_00714"	"8d11e38a7142ea471fa0619c5ddf007c"	"V1V2"	"Bacteria"	"Firmicutes"	"Clostridia"	"Clostridiales"	"Ruminococcaceae"	"Ruminococcaceae UCG-014"	"unknown_Spp Ruminococcaceae UCG-014 gen."
"ASV_V1V2_00715"	"29d9f7fa32d2d6f40b107311708873f0"	"V1V2"	"Bacteria"	"Firmicutes"	"Clostridia"	"Clostridiales"	"Lachnospiraceae"	"Lachnospiraceae NK4B4 gr."	"unknown_Spp Lachnospiraceae NK4B4 gr. gen."
"ASV_V1V2_00716"	"3294e18e53dd24c76e5e612a0522ae17"	"V1V2"	"Bacteria"	"Firmicutes"	"Clostridia"	"Clostridiales"	"Lachnospiraceae"	"Marvinbryantia"	"unknown_Spp Marvinbryantia gen."
"ASV_V1V2_00717"	"110c146f498a27af82d0e67007180f04"	"V1V2"	"Bacteria"	"Proteobacteria"	"Deltaproteobacteria"	"Desulfovibrionales"	"Desulfovibrionaceae"	"Bilophila"	"unknown_Spp Bilophila gen."
"ASV_V1V2_00718"	"aa439503f0b4d6dc57d09baf3a0b5899"	"V1V2"	"Bacteria"	"Firmicutes"	"Clostridia"	"Clostridiales"	"Ruminococcaceae"	"Ruminococcaceae UCG-004"	"unknown_Spp Ruminococcaceae UCG-004 gen."
"ASV_V1V2_00719"	"6d1dd15d8ebde15d6b34b3c29b724e93"	"V1V2"	"Bacteria"	"Firmicutes"	"Clostridia"	"Clostridiales"	"Ruminococcaceae"	"Ruminococcaceae UCG-005"	"unknown_Spp Ruminococcaceae UCG-005 gen."
"ASV_V1V2_00720"	"9ab6ef891b0d45e0fe9a8542b069366b"	"V1V2"	"Bacteria"	"Firmicutes"	"Clostridia"	"Clostridiales"	"Lachnospiraceae"	"Lachnospiraceae UCG-001"	"unknown_Spp Lachnospiraceae UCG-001 gen."
"ASV_V1V2_00721"	"86d183843cdc54852889821ff801e8eb"	"V1V2"	"Bacteria"	"Proteobacteria"	"Deltaproteobacteria"	"Desulfovibrionales"	"Desulfovibrionaceae"	"Desulfovibrio"	"unknown_Spp Desulfovibrio gen."
"ASV_V1V2_00722"	"b13bcf26d7f9b2d3a62410a6531755b8"	"V1V2"	"Bacteria"	"Firmicutes"	"Clostridia"	"Clostridiales"	"Lachnospiraceae"	"Eubacterium ventriosum gr."	"unknown_Spp Eubacterium ventriosum gr. gen."
"ASV_V1V2_00723"	"21774f062599dd5a572bb9ece55b041b"	"V1V2"	"Bacteria"	"Firmicutes"	"Clostridia"	"Clostridiales"	"Ruminococcaceae"	"Negativibacillus"	"unknown_Spp Negativibacillus gen."
"ASV_V1V2_00724"	"62f073a0abdb5a2114839046b642a9bb"	"V1V2"	"Bacteria"	"Firmicutes"	"Clostridia"	"Clostridiales"	"Christensenellaceae"	"Christensenellaceae R-7 gr."	"unknown_Spp Christensenellaceae R-7 gr. gen."
"ASV_V1V2_00725"	"a10d69390b52d1b19d801f38a9fd9ed5"	"V1V2"	"Bacteria"	"Firmicutes"	"Clostridia"	"Clostridiales"	"Lachnospiraceae"	"Lachnospiraceae UCG-003"	"unknown_Spp Lachnospiraceae UCG-003 gen."
"ASV_V1V2_00726"	"28f85ec3b7c700084cc07e356308592f"	"V1V2"	"Bacteria"	"Firmicutes"	"Clostridia"	"Clostridiales"	"Family XIII"	"Family XIII AD3011 gr."	"unknown_Spp Family XIII AD3011 gr. gen."
"ASV_V1V2_00727"	"0a907cc4f0482774af7bdd232230a311"	"V1V2"	"Bacteria"	"Firmicutes"	"Clostridia"	"Clostridiales"	"Lachnospiraceae"	"unknown_Gen Lachnospiraceae fam."	"unknown_Spp Lachnospiraceae fam."
"ASV_V1V2_00728"	"a009d728d089c7f6b7cd6365591b1c8c"	"V1V2"	"Bacteria"	"Proteobacteria"	"Deltaproteobacteria"	"Desulfovibrionales"	"Desulfovibrionaceae"	"Mailhella"	"unknown_Spp Mailhella gen."
"ASV_V1V2_00729"	"68ebaa3240056e3845688f5b5dc243dc"	"V1V2"	"Bacteria"	"Actinobacteria"	"Coriobacteriia"	"Coriobacteriales"	"Coriobacteriales Incertae Sedis"	"unknown_Gen Coriobacteriales Incertae Sedis fam."	"unknown_Spp Coriobacteriales Incertae Sedis fam."
"ASV_V1V2_00730"	"938adc4e8165e38a9572d5f90b5fa844"	"V1V2"	"Bacteria"	"Firmicutes"	"Clostridia"	"Clostridiales"	"Lachnospiraceae"	"Coprococcus 3"	"unknown_Spp Coprococcus 3 gen."
"ASV_V1V2_00731"	"6ccb98849b26e59f3a26068c3b4ac82d"	"V1V2"	"Bacteria"	"Firmicutes"	"Negativicutes"	"Selenomonadales"	"Acidaminococcaceae"	"Phascolarctobacterium"	"unknown_Spp Phascolarctobacterium gen."
"ASV_V1V2_00732"	"4b0ec8ca9c0db937be84ae28091f1376"	"V1V2"	"Bacteria"	"Firmicutes"	"Clostridia"	"Clostridiales"	"Lachnospiraceae"	"Roseburia"	"unknown_Spp Roseburia gen."
"ASV_V1V2_00733"	"b145628ef5c0add59c5faa0be3e7cea9"	"V1V2"	"Bacteria"	"Actinobacteria"	"Coriobacteriia"	"Coriobacteriales"	"Eggerthellaceae"	"Slackia"	"unknown_Spp Slackia gen."
"ASV_V1V2_00734"	"017833c7490315de7922e81cfab6c6d9"	"V1V2"	"Bacteria"	"Firmicutes"	"Clostridia"	"Clostridiales"	"Lachnospiraceae"	"Lachnospiraceae FCS020 gr."	"unknown_Spp Lachnospiraceae FCS020 gr. gen."
"ASV_V1V2_00735"	"a0490d5ab9a58c46f80138584a23b9e3"	"V1V2"	"Bacteria"	"Firmicutes"	"Clostridia"	"Clostridiales"	"Lachnospiraceae"	"Lachnospiraceae UCG-010"	"unknown_Spp Lachnospiraceae UCG-010 gen."
"ASV_V1V2_00736"	"988e24ef2fff535330fc6fee87c6806c"	"V1V2"	"Bacteria"	"Firmicutes"	"Clostridia"	"Clostridiales"	"Lachnospiraceae"	"Roseburia"	"unknown_Spp Roseburia gen."
"ASV_V1V2_00737"	"3a42e50e25ec36087946ad0d2a88f7d2"	"V1V2"	"Bacteria"	"Firmicutes"	"Clostridia"	"Clostridiales"	"Ruminococcaceae"	"Ruminiclostridium 5"	"Carnobacterium sp. N15.MGS-251"
"ASV_V1V2_00738"	"b2a2fab8add2049eb2da0e6334abc68b"	"V1V2"	"Bacteria"	"Bacteroidetes"	"Bacteroidia"	"Bacteroidales"	"Bacteroidaceae"	"Bacteroides"	"Bacteroides cellulosilyticus CL02T12C19"
"ASV_V1V2_00739"	"179c4229f336acbcb0e0e9f70df3af60"	"V1V2"	"Bacteria"	"Firmicutes"	"Clostridia"	"Clostridiales"	"Christensenellaceae"	"Christensenellaceae R-7 gr."	"unknown_Spp Christensenellaceae R-7 gr. gen."
"ASV_V1V2_00740"	"5d6cf9fcf63625f703c6449f81a7220d"	"V1V2"	"Bacteria"	"Firmicutes"	"Clostridia"	"Clostridiales"	"Lachnospiraceae"	"Lachnospiraceae FCS020 gr."	"unknown_Spp Lachnospiraceae FCS020 gr. gen."
"ASV_V1V2_00741"	"babd7b22c2a55ddaed61e30365793ae4"	"V1V2"	"Bacteria"	"Firmicutes"	"Clostridia"	"Clostridiales"	"Lachnospiraceae"	"Ruminococcus torques gr."	"Ruminococcus lactaris CC59 002D"
"ASV_V1V2_00742"	"6c637c755b63bed329dfc72451680f15"	"V1V2"	"Bacteria"	"Firmicutes"	"Clostridia"	"Clostridiales"	"Ruminococcaceae"	"Ruminococcaceae UCG-010"	"unknown_Spp Ruminococcaceae UCG-010 gen."
"ASV_V1V2_00743"	"6316c92ef5c6b1120740febd89f4b96d"	"V1V2"	"Bacteria"	"Firmicutes"	"Clostridia"	"Clostridiales"	"Ruminococcaceae"	"unknown_Gen Ruminococcaceae fam."	"unknown_Spp Ruminococcaceae fam."
"ASV_V1V2_00744"	"fc1814cd1673384a6a8f528f28ccdbe5"	"V1V2"	"Bacteria"	"Firmicutes"	"Clostridia"	"Clostridiales"	"Lachnospiraceae"	"Lachnoclostridium"	"unknown_Spp Lachnoclostridium gen."
"ASV_V1V2_00745"	"5d52bcfd995d8675e154d102d9123255"	"V1V2"	"Bacteria"	"Firmicutes"	"Clostridia"	"Clostridiales"	"Ruminococcaceae"	"Subdoligranulum"	"unknown_Spp Subdoligranulum gen."
"ASV_V1V2_00746"	"0a161be25f77c0b11b55cc09a857c357"	"V1V2"	"Bacteria"	"Bacteroidetes"	"Bacteroidia"	"Bacteroidales"	"Muribaculaceae"	"unknown_Gen Muribaculaceae fam."	"unknown_Spp Muribaculaceae fam."
"ASV_V1V2_00747"	"0115b0464ba417f9cad98e02ed0dcfd2"	"V1V2"	"Bacteria"	"Firmicutes"	"Clostridia"	"Clostridiales"	"Lachnospiraceae"	"Moryella"	"unknown_Spp Moryella gen."
"ASV_V1V2_00748"	"49bee99f4efeafbbb7a169a10f896bda"	"V1V2"	"Bacteria"	"Firmicutes"	"Clostridia"	"Clostridiales"	"Lachnospiraceae"	"Eubacterium ventriosum gr."	"unknown_Spp Eubacterium ventriosum gr. gen."
"ASV_V1V2_00749"	"9fadcfb488409058ad9b8a7c1be988df"	"V1V2"	"Bacteria"	"Firmicutes"	"Clostridia"	"Clostridiales"	"unknown_Fam Clostridiales ord."	"unknown_Gen Clostridiales ord."	"unkown_Spp_Gen_Fam_0017"
"ASV_V1V2_00750"	"25d0b8a0c73de9cdad40d553b674653c"	"V1V2"	"Bacteria"	"Firmicutes"	"Clostridia"	"Clostridiales"	"Ruminococcaceae"	"Ruminococcaceae UCG-010"	"unknown_Spp Ruminococcaceae UCG-010 gen."
"ASV_V1V2_00751"	"26b90871d4d8282de6be443d87a87a09"	"V1V2"	"Bacteria"	"Firmicutes"	"Clostridia"	"Clostridiales"	"Lachnospiraceae"	"Ruminococcus torques gr."	"unknown_Spp Ruminococcus torques gr. gen."
"ASV_V1V2_00752"	"087a91096f21e543d10e71e7173356e7"	"V1V2"	"Bacteria"	"Bacteroidetes"	"Bacteroidia"	"Bacteroidales"	"Barnesiellaceae"	"Coprobacter"	"unknown_Spp Coprobacter gen."
"ASV_V1V2_00753"	"cae18de441f21165ec53b670d5074cce"	"V1V2"	"Bacteria"	"Firmicutes"	"Clostridia"	"Clostridiales"	"Lachnospiraceae"	"Blautia"	"unknown_Spp Blautia gen."
"ASV_V1V2_00754"	"68968c5ae004652139fa4e20b6ada715"	"V1V2"	"Bacteria"	"Firmicutes"	"Clostridia"	"Clostridiales"	"Christensenellaceae"	"Christensenellaceae R-7 gr."	"unknown_Spp Christensenellaceae R-7 gr. gen."
"ASV_V1V2_00755"	"3bec26df9a40bac8ea72884ccd6dfca0"	"V1V2"	"Bacteria"	"Firmicutes"	"Clostridia"	"Clostridiales"	"Ruminococcaceae"	"Oscillibacter"	"unknown_Spp Oscillibacter gen."
"ASV_V1V2_00756"	"56df751904ae8d65d67ca9ebec03b8a1"	"V1V2"	"Bacteria"	"Firmicutes"	"Clostridia"	"Clostridiales"	"Ruminococcaceae"	"Ruminococcaceae UCG-005"	"unknown_Spp Ruminococcaceae UCG-005 gen."
"ASV_V1V2_00757"	"b556057644fb822e63daa1450e05f622"	"V1V2"	"Bacteria"	"Firmicutes"	"Clostridia"	"Clostridiales"	"Ruminococcaceae"	"Negativibacillus"	"unknown_Spp Negativibacillus gen."
"ASV_V1V2_00758"	"3357cca84cf47e2e24cbf3af06e1d28b"	"V1V2"	"Bacteria"	"Firmicutes"	"Clostridia"	"Clostridiales"	"Lachnospiraceae"	"Eubacterium hallii gr."	"unknown_Spp Eubacterium hallii gr. gen."
"ASV_V1V2_00759"	"2152bf15fabf857815f01cada3218266"	"V1V2"	"Bacteria"	"Firmicutes"	"Clostridia"	"Clostridiales"	"Lachnospiraceae"	"Blautia"	"unknown_Spp Blautia gen."
"ASV_V1V2_00760"	"2cff0f264188956dfea10eff5cac53f8"	"V1V2"	"Bacteria"	"Firmicutes"	"Clostridia"	"Clostridiales"	"Ruminococcaceae"	"Faecalibacterium"	"unknown_Spp Faecalibacterium gen."
"ASV_V1V2_00761"	"bee09a9d88e42d2f6ef860d4f9606b7e"	"V1V2"	"Bacteria"	"Firmicutes"	"Clostridia"	"Clostridiales"	"Ruminococcaceae"	"Faecalibacterium"	"unknown_Spp Faecalibacterium gen."
"ASV_V1V2_00762"	"d2322aff72aca5d1e0d46536d955595e"	"V1V2"	"Bacteria"	"Firmicutes"	"Clostridia"	"Clostridiales"	"Lachnospiraceae"	"Fusicatenibacter"	"unknown_Spp Fusicatenibacter gen."
"ASV_V1V2_00763"	"8647fecd27a9d43eabca00bda6f3ee08"	"V1V2"	"Bacteria"	"Firmicutes"	"Clostridia"	"Clostridiales"	"Christensenellaceae"	"Christensenellaceae R-7 gr."	"unknown_Spp Christensenellaceae R-7 gr. gen."
"ASV_V1V2_00764"	"68a893b18489a0f96fdb46fd8b05f5f4"	"V1V2"	"Bacteria"	"Firmicutes"	"Clostridia"	"Clostridiales"	"Lachnospiraceae"	"Lachnospiraceae UCG-001"	"unknown_Spp Lachnospiraceae UCG-001 gen."
"ASV_V1V2_00765"	"f3ae2eae4c7559e871b3cc2b011c7c5d"	"V1V2"	"Bacteria"	"Firmicutes"	"Clostridia"	"Clostridiales"	"Lachnospiraceae"	"Agathobacter"	"unknown_Spp Agathobacter gen."
"ASV_V1V2_00766"	"7dd8982de262b12456115d7b8de3cd1c"	"V1V2"	"Bacteria"	"Proteobacteria"	"Alphaproteobacteria"	"Rhodospirillales"	"unknown_Fam Rhodospirillales ord."	"unknown_Gen Rhodospirillales ord."	"unkown_Spp_Gen_Fam_0018"
"ASV_V1V2_00767"	"e28afbdea10fdd2982eba9d2dcba92c9"	"V1V2"	"Bacteria"	"Firmicutes"	"Clostridia"	"Clostridiales"	"Lachnospiraceae"	"Marvinbryantia"	"unknown_Spp Marvinbryantia gen."
"ASV_V1V2_00768"	"db0a70fa18ad15970de97ebc45ddebfc"	"V1V2"	"Bacteria"	"Firmicutes"	"Clostridia"	"Clostridiales"	"Ruminococcaceae"	"Faecalibacterium"	"unknown_Spp Faecalibacterium gen."
"ASV_V1V2_00769"	"3c5375cfbb525631ca8870ddbe775d3d"	"V1V2"	"Bacteria"	"Firmicutes"	"Clostridia"	"Clostridiales"	"Ruminococcaceae"	"Ruminococcaceae UCG-013"	"unknown_Spp Ruminococcaceae UCG-013 gen."
"ASV_V1V2_00770"	"ab04973b5d2ce24bbed48ab8d38e5465"	"V1V2"	"Bacteria"	"Firmicutes"	"Clostridia"	"Clostridiales"	"Ruminococcaceae"	"Subdoligranulum"	"unknown_Spp Subdoligranulum gen."
"ASV_V1V2_00771"	"44fe41203cb8d6195139ca2f5938b6f2"	"V1V2"	"Bacteria"	"Firmicutes"	"Clostridia"	"Clostridiales"	"Lachnospiraceae"	"Lachnospiraceae UCG-003"	"unknown_Spp Lachnospiraceae UCG-003 gen."
"ASV_V1V2_00772"	"1147ae51f384568a73da4e4e8803f1f6"	"V1V2"	"Bacteria"	"Firmicutes"	"Clostridia"	"Clostridiales"	"Christensenellaceae"	"Christensenellaceae R-7 gr."	"unknown_Spp Christensenellaceae R-7 gr. gen."
"ASV_V1V2_00773"	"896cc04a4506da4d65268d4642c3af7f"	"V1V2"	"Bacteria"	"Firmicutes"	"Clostridia"	"Clostridiales"	"Ruminococcaceae"	"Ruminococcaceae UCG-014"	"unknown_Spp Ruminococcaceae UCG-014 gen."
"ASV_V1V2_00774"	"89d5fca64646946bcd772b6c89117306"	"V1V2"	"Bacteria"	"Firmicutes"	"Clostridia"	"Clostridiales"	"Ruminococcaceae"	"Subdoligranulum"	"unknown_Spp Subdoligranulum gen."
"ASV_V1V2_00775"	"58ce3ffeb31bef6cdfc248262e0614ee"	"V1V2"	"Bacteria"	"Firmicutes"	"Clostridia"	"Clostridiales"	"Lachnospiraceae"	"Blautia"	"unknown_Spp Blautia gen."
"ASV_V1V2_00776"	"eb830b634904adeabad8b723a65fd3b4"	"V1V2"	"Bacteria"	"Firmicutes"	"Clostridia"	"Clostridiales"	"Christensenellaceae"	"Christensenellaceae R-7 gr."	"unknown_Spp Christensenellaceae R-7 gr. gen."
"ASV_V1V2_00777"	"b201eb09d9478408086f9195d7c199a2"	"V1V2"	"Bacteria"	"Firmicutes"	"Clostridia"	"Clostridiales"	"Lachnospiraceae"	"Marvinbryantia"	"unknown_Spp Marvinbryantia gen."
"ASV_V1V2_00778"	"4c6edb8397e2066ee7e584ae3732404c"	"V1V2"	"Bacteria"	"Firmicutes"	"Clostridia"	"Clostridiales"	"Lachnospiraceae"	"Lachnospiraceae FCS020 gr."	"unknown_Spp Lachnospiraceae FCS020 gr. gen."
"ASV_V1V2_00779"	"ca842914776f935f01b11c9247d5ca30"	"V1V2"	"Bacteria"	"Firmicutes"	"Clostridia"	"Clostridiales"	"Ruminococcaceae"	"Ruminococcaceae UCG-014"	"unknown_Spp Ruminococcaceae UCG-014 gen."
"ASV_V1V2_00780"	"8d31c12b0b7dae39e350da3fb091546e"	"V1V2"	"Bacteria"	"Firmicutes"	"Clostridia"	"Clostridiales"	"Lachnospiraceae"	"Blautia"	"Ruminococcus sp. Marseille-P328"
"ASV_V1V2_00781"	"6b9373b8e077f3accadcf03c629cb962"	"V1V2"	"Bacteria"	"Firmicutes"	"Clostridia"	"Clostridiales"	"Lachnospiraceae"	"Eubacterium xylanophilum gr."	"unknown_Spp Eubacterium xylanophilum gr. gen."
"ASV_V1V2_00782"	"c5edea7cd9dcb1e476e64ab5d2029dad"	"V1V2"	"Bacteria"	"Firmicutes"	"Bacilli"	"Lactobacillales"	"Streptococcaceae"	"Lactococcus"	"Lactococcus lactis subsp. cremoris IBB477"
"ASV_V1V2_00783"	"a8da1caff6200951606ee2970a3faa4b"	"V1V2"	"Bacteria"	"Firmicutes"	"Clostridia"	"Clostridiales"	"Lachnospiraceae"	"Dorea"	"unknown_Spp Dorea gen."
"ASV_V1V2_00784"	"684c1bc796e846842a126d460c137676"	"V1V2"	"Bacteria"	"Firmicutes"	"Bacilli"	"Lactobacillales"	"Streptococcaceae"	"Streptococcus"	"Streptococcus sp. oral clone ASCE05"
"ASV_V1V2_00785"	"a489c643722c1f441584d40a628deb1e"	"V1V2"	"Bacteria"	"Firmicutes"	"Clostridia"	"Clostridiales"	"Lachnospiraceae"	"unknown_Gen Lachnospiraceae fam."	"unknown_Spp Lachnospiraceae fam."
"ASV_V1V2_00786"	"91ecacd839779826c20cb88caf072616"	"V1V2"	"Bacteria"	"Firmicutes"	"Clostridia"	"Clostridiales"	"Lachnospiraceae"	"Ruminococcus gauvreauii gr."	"unknown_Spp Ruminococcus gauvreauii gr. gen."
"ASV_V1V2_00787"	"6b99bed93872ed79d287fbfa8239b051"	"V1V2"	"Bacteria"	"Firmicutes"	"Clostridia"	"Clostridiales"	"Lachnospiraceae"	"Dorea"	"unknown_Spp Dorea gen."
"ASV_V1V2_00788"	"52c6f090a4c84f72b3ccd284f26f2730"	"V1V2"	"Bacteria"	"Firmicutes"	"Clostridia"	"Clostridiales"	"Lachnospiraceae"	"Blautia"	"unknown_Spp Blautia gen."
"ASV_V1V2_00789"	"ca54bbdabe8929451022106475a8bf6d"	"V1V2"	"Bacteria"	"Bacteroidetes"	"Bacteroidia"	"Bacteroidales"	"Rikenellaceae"	"Alistipes"	"unknown_Spp Alistipes gen."
"ASV_V1V2_00790"	"0583857f9ad43ee172bb1e48ca7ab208"	"V1V2"	"Bacteria"	"Bacteroidetes"	"Bacteroidia"	"Bacteroidales"	"Bacteroidaceae"	"Bacteroides"	"unknown_Spp Bacteroides gen."
"ASV_V1V2_00791"	"e598728e6f85577e844c2c9e1599a557"	"V1V2"	"Bacteria"	"Firmicutes"	"Clostridia"	"Clostridiales"	"Ruminococcaceae"	"Ruminococcaceae UCG-002"	"unknown_Spp Ruminococcaceae UCG-002 gen."
"ASV_V1V2_00792"	"cac1a6dc581ed7c27ac1aae64b4d783e"	"V1V2"	"Bacteria"	"Firmicutes"	"Clostridia"	"Clostridiales"	"Lachnospiraceae"	"Blautia"	"unknown_Spp Blautia gen."
"ASV_V1V2_00793"	"3ba3a94ee721fa2bfdb9965b5f8f0425"	"V1V2"	"Bacteria"	"Firmicutes"	"Clostridia"	"Clostridiales"	"Ruminococcaceae"	"UBA1819"	"unknown_Spp UBA1819 gen."
"ASV_V1V2_00794"	"9f5181365e0aa3f85bfe8d5e81650dbb"	"V1V2"	"Bacteria"	"Firmicutes"	"Clostridia"	"Clostridiales"	"Lachnospiraceae"	"unknown_Gen Lachnospiraceae fam."	"unknown_Spp Lachnospiraceae fam."
"ASV_V1V2_00795"	"d9f6e636eab89728c927a7736befa21d"	"V1V2"	"Bacteria"	"Firmicutes"	"Clostridia"	"Clostridiales"	"Lachnospiraceae"	"Ruminococcus gauvreauii gr."	"unknown_Spp Ruminococcus gauvreauii gr. gen."
"ASV_V1V2_00796"	"96692a1c2d6e07048bc470f864a8d907"	"V1V2"	"Bacteria"	"Firmicutes"	"Clostridia"	"Clostridiales"	"Lachnospiraceae"	"Roseburia"	"unknown_Spp Roseburia gen."
"ASV_V1V2_00797"	"f2c23f5f9522fcadbf08210953292228"	"V1V2"	"Bacteria"	"Bacteroidetes"	"Bacteroidia"	"Bacteroidales"	"Bacteroidaceae"	"Bacteroides"	"Bacteroides thetaiotaomicron"
"ASV_V1V2_00798"	"7e19a4a9d6a3ad430ad8a4cc9a8928e0"	"V1V2"	"Bacteria"	"Bacteroidetes"	"Bacteroidia"	"Bacteroidales"	"Prevotellaceae"	"Prevotella 9"	"unknown_Spp Prevotella 9 gen."
"ASV_V1V2_00799"	"97baac3eb04c54b3bd8cef10bbae6dd6"	"V1V2"	"Bacteria"	"Firmicutes"	"Clostridia"	"Clostridiales"	"Lachnospiraceae"	"unknown_Gen Lachnospiraceae fam."	"unknown_Spp Lachnospiraceae fam."
"ASV_V1V2_00800"	"37d3aede1a8e96c2760c866c28fb37cd"	"V1V2"	"Bacteria"	"Firmicutes"	"Clostridia"	"Clostridiales"	"Ruminococcaceae"	"Ruminococcaceae UCG-010"	"unknown_Spp Ruminococcaceae UCG-010 gen."
"ASV_V1V2_00801"	"2413f6a35c7d3285bd492b8b637ec5f8"	"V1V2"	"Bacteria"	"Firmicutes"	"Clostridia"	"Clostridiales"	"Lachnospiraceae"	"Lachnospiraceae NK4A136 gr."	"unknown_Spp Lachnospiraceae NK4A136 gr. gen."
"ASV_V1V2_00802"	"236db544be13aa80e33fcb300e5a3ca3"	"V1V2"	"Bacteria"	"Tenericutes"	"Mollicutes"	"Mollicutes RF39"	"unknown_Fam Mollicutes RF39 ord."	"unknown_Gen Mollicutes RF39 ord."	"unkown_Spp_Gen_Fam_0019"
"ASV_V1V2_00803"	"d2c1be7cf5ae2ce129ac2d0616148738"	"V1V2"	"Bacteria"	"Firmicutes"	"Clostridia"	"Clostridiales"	"Lachnospiraceae"	"Lachnospiraceae NK4A136 gr."	"unknown_Spp Lachnospiraceae NK4A136 gr. gen."
"ASV_V1V2_00804"	"7529ed85b32240119f1fb4a033afe0d2"	"V1V2"	"Bacteria"	"Firmicutes"	"Clostridia"	"Clostridiales"	"Ruminococcaceae"	"Subdoligranulum"	"unknown_Spp Subdoligranulum gen."
"ASV_V1V2_00805"	"025568458c5eeb4b54fb305e30df86e5"	"V1V2"	"Bacteria"	"Firmicutes"	"Clostridia"	"Clostridiales"	"Ruminococcaceae"	"Ruminococcaceae UCG-014"	"unknown_Spp Ruminococcaceae UCG-014 gen."
"ASV_V1V2_00806"	"d22fa5f43bb124e3b5a6fc3c5bec93b3"	"V1V2"	"Bacteria"	"Firmicutes"	"Clostridia"	"Clostridiales"	"Lachnospiraceae"	"Blautia"	"unknown_Spp Blautia gen."
"ASV_V1V2_00807"	"f8f1a8d608781add368a9754983d4f56"	"V1V2"	"Bacteria"	"Firmicutes"	"Clostridia"	"Clostridiales"	"Ruminococcaceae"	"Ruminococcaceae UCG-013"	"unknown_Spp Ruminococcaceae UCG-013 gen."
"ASV_V1V2_00808"	"f5c08c17e5399aeda1649f8f2583ade2"	"V1V2"	"Bacteria"	"Firmicutes"	"Clostridia"	"Clostridiales"	"Lachnospiraceae"	"Lachnoclostridium"	"unknown_Spp Lachnoclostridium gen."
"ASV_V1V2_00809"	"2af13b991ac0278d5d7186da9db03050"	"V1V2"	"Bacteria"	"Firmicutes"	"Clostridia"	"Clostridiales"	"Ruminococcaceae"	"Subdoligranulum"	"unknown_Spp Subdoligranulum gen."
"ASV_V1V2_00810"	"0ab4ec531cf9a46b7bd8e444b1e36e60"	"V1V2"	"Bacteria"	"Firmicutes"	"Clostridia"	"Clostridiales"	"Ruminococcaceae"	"Ruminococcaceae UCG-005"	"unknown_Spp Ruminococcaceae UCG-005 gen."
"ASV_V1V2_00811"	"d3dab225ec0c89e8179042d6f3567bff"	"V1V2"	"Bacteria"	"Firmicutes"	"Clostridia"	"Clostridiales"	"Peptostreptococcaceae"	"Romboutsia"	"unknown_Spp Romboutsia gen."
"ASV_V1V2_00812"	"13d7f1b86213da05e3c5cc36380a360d"	"V1V2"	"Bacteria"	"Spirochaetes"	"Brachyspirae"	"Brachyspirales"	"Brachyspiraceae"	"Brachyspira"	"unknown_Spp Brachyspira gen."
"ASV_V1V2_00813"	"9d2208d0b22dc0992cd350a63de10598"	"V1V2"	"Bacteria"	"Firmicutes"	"Clostridia"	"Clostridiales"	"Ruminococcaceae"	"Ruminococcaceae UCG-010"	"unknown_Spp Ruminococcaceae UCG-010 gen."
"ASV_V1V2_00814"	"23982e3b33070a621616cd541a13de44"	"V1V2"	"Bacteria"	"Tenericutes"	"Mollicutes"	"Mollicutes RF39"	"unknown_Fam Mollicutes RF39 ord."	"unknown_Gen Mollicutes RF39 ord."	"unkown_Spp_Gen_Fam_0020"
"ASV_V1V2_00815"	"4fba76daec81290deb873234c8e60c07"	"V1V2"	"Bacteria"	"Firmicutes"	"Clostridia"	"Clostridiales"	"Christensenellaceae"	"Christensenellaceae R-7 gr."	"unknown_Spp Christensenellaceae R-7 gr. gen."
"ASV_V1V2_00816"	"d80ba407e9cfc4e9b2664fbb3f80c717"	"V1V2"	"Bacteria"	"Firmicutes"	"Clostridia"	"Clostridiales"	"Ruminococcaceae"	"Ruminococcaceae NK4A214 gr."	"unknown_Spp Ruminococcaceae NK4A214 gr. gen."
"ASV_V1V2_00817"	"ec3f5f5ae3df0f2add36353da1a185c9"	"V1V2"	"Bacteria"	"Firmicutes"	"Clostridia"	"Clostridiales"	"Lachnospiraceae"	"unknown_Gen Lachnospiraceae fam."	"unknown_Spp Lachnospiraceae fam."
"ASV_V1V2_00818"	"b2a981701fd460e406523a4a3f8be2fa"	"V1V2"	"Bacteria"	"Bacteroidetes"	"Bacteroidia"	"Bacteroidales"	"Prevotellaceae"	"unknown_Gen Prevotellaceae fam."	"unknown_Spp Prevotellaceae fam."
"ASV_V1V2_00819"	"bcea52120e1e6ee1566a7e9235d2a773"	"V1V2"	"Bacteria"	"Firmicutes"	"Clostridia"	"Clostridiales"	"Lachnospiraceae"	"Lachnospiraceae UCG-001"	"unknown_Spp Lachnospiraceae UCG-001 gen."
"ASV_V1V2_00820"	"b92948f29452709e8b7cc1f1a8fb18bb"	"V1V2"	"Bacteria"	"Firmicutes"	"Clostridia"	"Clostridiales"	"Lachnospiraceae"	"unknown_Gen Lachnospiraceae fam."	"unknown_Spp Lachnospiraceae fam."
"ASV_V1V2_00821"	"3cd2e8eee1da76019adae82ad56a19f4"	"V1V2"	"Bacteria"	"Firmicutes"	"Clostridia"	"Clostridiales"	"Family XIII"	"Family XIII AD3011 gr."	"unknown_Spp Family XIII AD3011 gr. gen."
"ASV_V1V2_00822"	"40cf4640454fab6cbf784bdd0d1a9de5"	"V1V2"	"Bacteria"	"Firmicutes"	"Clostridia"	"Clostridiales"	"Lachnospiraceae"	"Blautia"	"unknown_Spp Blautia gen."
"ASV_V1V2_00823"	"343ac73e7b312c62481263e8f4a4f7d6"	"V1V2"	"Bacteria"	"Firmicutes"	"Clostridia"	"Clostridiales"	"Ruminococcaceae"	"Subdoligranulum"	"unknown_Spp Subdoligranulum gen."
"ASV_V1V2_00824"	"e0c3b83858a9743dcf44354f4c8563d6"	"V1V2"	"Bacteria"	"Firmicutes"	"Clostridia"	"Clostridiales"	"Lachnospiraceae"	"Lachnoclostridium"	"unknown_Spp Lachnoclostridium gen."
"ASV_V1V2_00825"	"4e741221d21e7d4d36551a980d14b87b"	"V1V2"	"Bacteria"	"Firmicutes"	"Clostridia"	"Clostridiales"	"Ruminococcaceae"	"Faecalibacterium"	"unknown_Spp Faecalibacterium gen."
"ASV_V1V2_00826"	"b477c7bd6dd6e22424cac5cf7adbc6e5"	"V1V2"	"Bacteria"	"Firmicutes"	"Clostridia"	"Clostridiales"	"Ruminococcaceae"	"unknown_Gen Ruminococcaceae fam."	"unknown_Spp Ruminococcaceae fam."
"ASV_V1V2_00827"	"e5c7c41e91c2ef8ba22a75fabaadb806"	"V1V2"	"Bacteria"	"Firmicutes"	"Clostridia"	"Clostridiales"	"Ruminococcaceae"	"Eubacterium coprostanoligenes gr."	"unknown_Spp Eubacterium coprostanoligenes gr. gen."
"ASV_V1V2_00828"	"56da4bfc6e3a3e2c83f9be9c5b468c30"	"V1V2"	"Bacteria"	"Firmicutes"	"Clostridia"	"Clostridiales"	"Ruminococcaceae"	"Oscillospira"	"unknown_Spp Oscillospira gen."
"ASV_V1V2_00829"	"70de6acdf5c0983261063f292a2b767a"	"V1V2"	"Bacteria"	"Tenericutes"	"Mollicutes"	"Mollicutes RF39"	"unknown_Fam Mollicutes RF39 ord."	"unknown_Gen Mollicutes RF39 ord."	"unkown_Spp_Gen_Fam_0021"
"ASV_V1V2_00830"	"a109aeb56c355e0d9d350f4c40c87877"	"V1V2"	"Bacteria"	"Firmicutes"	"Clostridia"	"Clostridiales"	"Ruminococcaceae"	"Butyricicoccus"	"unknown_Spp Butyricicoccus gen."
"ASV_V1V2_00831"	"d644c56f0bad35c59f9f6be4e8dc8b2d"	"V1V2"	"Bacteria"	"Firmicutes"	"Clostridia"	"Clostridiales"	"Ruminococcaceae"	"Ruminococcaceae UCG-010"	"unknown_Spp Ruminococcaceae UCG-010 gen."
"ASV_V1V2_00832"	"54301abd98ce46775da332c0e25819a1"	"V1V2"	"Bacteria"	"Firmicutes"	"Clostridia"	"Clostridiales"	"Lachnospiraceae"	"Blautia"	"unknown_Spp Blautia gen."
"ASV_V1V2_00833"	"72a90db593c5d8cbbcb8560e87a7d95c"	"V1V2"	"Bacteria"	"Firmicutes"	"Clostridia"	"Clostridiales"	"Lachnospiraceae"	"Marvinbryantia"	"unknown_Spp Marvinbryantia gen."
"ASV_V1V2_00834"	"0f155fa4932478f43835ac6f0106932e"	"V1V2"	"Bacteria"	"Firmicutes"	"Clostridia"	"Clostridiales"	"Ruminococcaceae"	"Faecalibacterium"	"unknown_Spp Faecalibacterium gen."
"ASV_V1V2_00835"	"7d0e6736a2aba8f13f06419d150c3ffa"	"V1V2"	"Bacteria"	"Firmicutes"	"Clostridia"	"Clostridiales"	"Ruminococcaceae"	"Ruminococcaceae UCG-014"	"unknown_Spp Ruminococcaceae UCG-014 gen."
"ASV_V1V2_00836"	"d3080bf2476da9b152bf9be6eb9c5bdf"	"V1V2"	"Bacteria"	"Firmicutes"	"Clostridia"	"Clostridiales"	"Clostridiales vadinBB60 gr."	"unknown_Gen Clostridiales vadinBB60 gr. fam."	"unknown_Spp Clostridiales vadinBB60 gr. fam."
"ASV_V1V2_00837"	"1bdee3f9b4cd6d4381290e81d3ff6c72"	"V1V2"	"Bacteria"	"Firmicutes"	"Clostridia"	"Clostridiales"	"Lachnospiraceae"	"unknown_Gen Lachnospiraceae fam."	"unknown_Spp Lachnospiraceae fam."
"ASV_V1V2_00838"	"7fd385ddb6e211667564812444bb20c1"	"V1V2"	"Bacteria"	"Bacteroidetes"	"Bacteroidia"	"Bacteroidales"	"Tannerellaceae"	"Parabacteroides"	"unknown_Spp Parabacteroides gen."
"ASV_V1V2_00839"	"09212af7f5d3e54773b9447810d30966"	"V1V2"	"Bacteria"	"Firmicutes"	"Clostridia"	"Clostridiales"	"Lachnospiraceae"	"Blautia"	"unknown_Spp Blautia gen."
"ASV_V1V2_00840"	"9b6a16bcb219e93ac15d925b816acd51"	"V1V2"	"Bacteria"	"Firmicutes"	"Clostridia"	"Clostridiales"	"Lachnospiraceae"	"Lachnospiraceae FCS020 gr."	"unknown_Spp Lachnospiraceae FCS020 gr. gen."
"ASV_V1V2_00841"	"a663189834c1a1b06f8a7a7a19054aae"	"V1V2"	"Bacteria"	"Firmicutes"	"Clostridia"	"Clostridiales"	"Ruminococcaceae"	"Faecalibacterium"	"unknown_Spp Faecalibacterium gen."
"ASV_V1V2_00842"	"70614cb43e54b93a32c75c505f86c2b9"	"V1V2"	"Bacteria"	"Firmicutes"	"Clostridia"	"Clostridiales"	"Christensenellaceae"	"Christensenellaceae R-7 gr."	"unknown_Spp Christensenellaceae R-7 gr. gen."
"ASV_V1V2_00843"	"d734e6315aa0755c7feedba5239d35ee"	"V1V2"	"Bacteria"	"Proteobacteria"	"Gammaproteobacteria"	"Betaproteobacteriales"	"Burkholderiaceae"	"Sutterella"	"unknown_Spp Sutterella gen."
"ASV_V1V2_00844"	"3c76f039c2f13b25cdda67ed28c934a9"	"V1V2"	"Bacteria"	"Firmicutes"	"Clostridia"	"Clostridiales"	"Lachnospiraceae"	"Coprococcus 3"	"unknown_Spp Coprococcus 3 gen."
"ASV_V1V2_00845"	"757558162c60df8e86572cf693315da9"	"V1V2"	"Bacteria"	"Firmicutes"	"Clostridia"	"Clostridiales"	"Ruminococcaceae"	"Ruminococcaceae UCG-014"	"unknown_Spp Ruminococcaceae UCG-014 gen."
"ASV_V1V2_00846"	"4b5660b28fd1b18455c4a2c65f0e2686"	"V1V2"	"Bacteria"	"Firmicutes"	"Clostridia"	"Clostridiales"	"Lachnospiraceae"	"unknown_Gen Lachnospiraceae fam."	"unknown_Spp Lachnospiraceae fam."
"ASV_V1V2_00847"	"546d16f07a39a9197433e296f6047c0c"	"V1V2"	"Bacteria"	"Bacteroidetes"	"Bacteroidia"	"Bacteroidales"	"Barnesiellaceae"	"unknown_Gen Barnesiellaceae fam."	"unknown_Spp Barnesiellaceae fam."
"ASV_V1V2_00848"	"a9c0227119a8083ddc77a788b02fe8d6"	"V1V2"	"Bacteria"	"Firmicutes"	"Clostridia"	"Clostridiales"	"Lachnospiraceae"	"Blautia"	"unknown_Spp Blautia gen."
"ASV_V1V2_00849"	"884b94be4c4acf87247628e5d337e1ab"	"V1V2"	"Bacteria"	"Firmicutes"	"Clostridia"	"Clostridiales"	"Ruminococcaceae"	"Ruminococcaceae UCG-005"	"unknown_Spp Ruminococcaceae UCG-005 gen."
"ASV_V1V2_00850"	"b0fbf2995736731e9ea9ab8b66bbd28d"	"V1V2"	"Bacteria"	"Bacteroidetes"	"Bacteroidia"	"Bacteroidales"	"Marinifilaceae"	"Butyricimonas"	"unknown_Spp Butyricimonas gen."
"ASV_V1V2_00851"	"9555917692f6f000f937ff6bc061544d"	"V1V2"	"Bacteria"	"Firmicutes"	"Clostridia"	"Clostridiales"	"Ruminococcaceae"	"unknown_Gen Ruminococcaceae fam."	"unknown_Spp Ruminococcaceae fam."
"ASV_V1V2_00852"	"5bc6c596a828f471899e3d2f429c8970"	"V1V2"	"Bacteria"	"Firmicutes"	"Erysipelotrichia"	"Erysipelotrichales"	"Erysipelotrichaceae"	"Erysipelatoclostridium"	"unknown_Spp Erysipelatoclostridium gen."
"ASV_V1V2_00853"	"d8d588929b34230f0c7f101a5919581b"	"V1V2"	"Bacteria"	"Actinobacteria"	"Coriobacteriia"	"Coriobacteriales"	"Eggerthellaceae"	"Adlercreutzia"	"unknown_Spp Adlercreutzia gen."
"ASV_V1V2_00854"	"958e7e48da0c7ab2023e3cfd7ebbfc8e"	"V1V2"	"Bacteria"	"Firmicutes"	"Bacilli"	"Lactobacillales"	"Enterococcaceae"	"Enterococcus"	"Enterococcus faecium"
"ASV_V1V2_00855"	"2f5430cf66e43d773b225ef34a08b3c6"	"V1V2"	"Bacteria"	"Firmicutes"	"Clostridia"	"Clostridiales"	"Lachnospiraceae"	"Coprococcus 3"	"unknown_Spp Coprococcus 3 gen."
"ASV_V1V2_00856"	"beddc8b7e7a588404521f06d6340e3ea"	"V1V2"	"Bacteria"	"Firmicutes"	"Clostridia"	"Clostridiales"	"Ruminococcaceae"	"Eubacterium coprostanoligenes gr."	"unknown_Spp Eubacterium coprostanoligenes gr. gen."
"ASV_V1V2_00857"	"793bbbae8308a1784cf90ccfa43e1bb5"	"V1V2"	"Bacteria"	"Firmicutes"	"Clostridia"	"Clostridiales"	"Lachnospiraceae"	"Blautia"	"unknown_Spp Blautia gen."
"ASV_V1V2_00858"	"cc2d733328d86453d171268ea68d6808"	"V1V2"	"Bacteria"	"Firmicutes"	"Clostridia"	"Clostridiales"	"Lachnospiraceae"	"Coprococcus 2"	"unknown_Spp Coprococcus 2 gen."
"ASV_V1V2_00859"	"02a1e8b395fcf87df6b2c752f4279dc6"	"V1V2"	"Bacteria"	"Firmicutes"	"Clostridia"	"Clostridiales"	"Ruminococcaceae"	"unknown_Gen Ruminococcaceae fam."	"unknown_Spp Ruminococcaceae fam."
"ASV_V1V2_00860"	"40d15cbba53593eff47c0b941cbe0fc6"	"V1V2"	"Bacteria"	"Firmicutes"	"Clostridia"	"Clostridiales"	"Family XIII"	"Family XIII AD3011 gr."	"unknown_Spp Family XIII AD3011 gr. gen."
"ASV_V1V2_00861"	"82ed1bc9244b9d1b117acc50108d7fe8"	"V1V2"	"Bacteria"	"Bacteroidetes"	"Bacteroidia"	"Bacteroidales"	"Rikenellaceae"	"Alistipes"	"Alistipes sp. N15.MGS-157"
"ASV_V1V2_00862"	"72d058a70b1535873fefce9f3e14b7c8"	"V1V2"	"Bacteria"	"Firmicutes"	"Clostridia"	"Clostridiales"	"Lachnospiraceae"	"Ruminococcus gauvreauii gr."	"unknown_Spp Ruminococcus gauvreauii gr. gen."
"ASV_V1V2_00863"	"ca5d0548bb9abbd545be07a073a6e385"	"V1V2"	"Bacteria"	"Firmicutes"	"Clostridia"	"Clostridiales"	"Ruminococcaceae"	"Ruminococcaceae UCG-004"	"unknown_Spp Ruminococcaceae UCG-004 gen."
"ASV_V1V2_00864"	"eddd4b4292b687e6820366f2a85ffc41"	"V1V2"	"Bacteria"	"Firmicutes"	"Clostridia"	"Clostridiales"	"Lachnospiraceae"	"Ruminococcus gauvreauii gr."	"unknown_Spp Ruminococcus gauvreauii gr. gen."
"ASV_V1V2_00865"	"50917248539db57d11f44a9e4690dd35"	"V1V2"	"Bacteria"	"Firmicutes"	"Clostridia"	"Clostridiales"	"Lachnospiraceae"	"Dorea"	"unknown_Spp Dorea gen."
"ASV_V1V2_00866"	"dd05089698a70b2ca39be602ab18a7d0"	"V1V2"	"Bacteria"	"Firmicutes"	"Clostridia"	"Clostridiales"	"Lachnospiraceae"	"Blautia"	"unknown_Spp Blautia gen."
"ASV_V1V2_00867"	"2624dd66c202b0b6dee2a2c15eb21ed6"	"V1V2"	"Bacteria"	"Bacteroidetes"	"Bacteroidia"	"Bacteroidales"	"Barnesiellaceae"	"Coprobacter"	"unknown_Spp Coprobacter gen."
"ASV_V1V2_00868"	"b832074826412d46a988560d0b2c6b14"	"V1V2"	"Bacteria"	"Firmicutes"	"Clostridia"	"Clostridiales"	"Lachnospiraceae"	"Marvinbryantia"	"Lachnospiraceae bacterium DJF VR44"
"ASV_V1V2_00869"	"bc21efc16a9d9538e92f30ae62642874"	"V1V2"	"Bacteria"	"Firmicutes"	"Clostridia"	"Clostridiales"	"Lachnospiraceae"	"Blautia"	"unknown_Spp Blautia gen."
"ASV_V1V2_00870"	"6627000b2d86180538fb30a4ea44f29f"	"V1V2"	"Bacteria"	"Proteobacteria"	"Deltaproteobacteria"	"Desulfovibrionales"	"Desulfovibrionaceae"	"Bilophila"	"unknown_Spp Bilophila gen."
"ASV_V1V2_00871"	"e1d7edf20efd52c4af642850daf0ee5f"	"V1V2"	"Bacteria"	"Firmicutes"	"Clostridia"	"Clostridiales"	"Lachnospiraceae"	"Howardella"	"unknown_Spp Howardella gen."
"ASV_V1V2_00872"	"75e1f3cb5f5318f029efa13c26112e72"	"V1V2"	"Bacteria"	"Firmicutes"	"Clostridia"	"Clostridiales"	"Lachnospiraceae"	"Lachnoclostridium"	"unknown_Spp Lachnoclostridium gen."
"ASV_V1V2_00873"	"0302e5b0768f020f8744f86b7c52c3ad"	"V1V2"	"Bacteria"	"Firmicutes"	"Bacilli"	"Lactobacillales"	"Lactobacillaceae"	"Lactobacillus"	"unknown_Spp Lactobacillus gen."
"ASV_V1V2_00874"	"ff092e326c8e54998c1e73b7aa12fcb8"	"V1V2"	"Bacteria"	"Bacteroidetes"	"Bacteroidia"	"Bacteroidales"	"Prevotellaceae"	"unknown_Gen Prevotellaceae fam."	"Prevotellaceae bacterium DJF VR15"
"ASV_V1V2_00875"	"cf549a0e78037e8022af92fafedbaded"	"V1V2"	"Bacteria"	"Firmicutes"	"Clostridia"	"Clostridiales"	"Lachnospiraceae"	"Coprococcus 2"	"unknown_Spp Coprococcus 2 gen."
"ASV_V1V2_00876"	"0fcc8ebab63b1cfd65afc467be1c860f"	"V1V2"	"Bacteria"	"Firmicutes"	"Clostridia"	"Clostridiales"	"Christensenellaceae"	"unknown_Gen Christensenellaceae fam."	"unknown_Spp Christensenellaceae fam."
"ASV_V1V2_00877"	"a18b2733553c75c2a4eb1d79d4c29a14"	"V1V2"	"Bacteria"	"Firmicutes"	"Clostridia"	"Clostridiales"	"Ruminococcaceae"	"Ruminococcaceae UCG-013"	"unknown_Spp Ruminococcaceae UCG-013 gen."
"ASV_V1V2_00878"	"a2bbc60abe379e53f5e4f1fcb6b1a3cc"	"V1V2"	"Bacteria"	"Firmicutes"	"Clostridia"	"Clostridiales"	"Lachnospiraceae"	"unknown_Gen Lachnospiraceae fam."	"unknown_Spp Lachnospiraceae fam."
"ASV_V1V2_00879"	"47413834e2db0f6f45bd56a94be51bf5"	"V1V2"	"Bacteria"	"Firmicutes"	"Clostridia"	"Clostridiales"	"Lachnospiraceae"	"Eubacterium xylanophilum gr."	"unknown_Spp Eubacterium xylanophilum gr. gen."
"ASV_V1V2_00880"	"917d5dfaf052ec6b7bfcd1411fae9658"	"V1V2"	"Bacteria"	"Firmicutes"	"Clostridia"	"Clostridiales"	"Ruminococcaceae"	"unknown_Gen Ruminococcaceae fam."	"unknown_Spp Ruminococcaceae fam."
"ASV_V1V2_00881"	"5bba526fc042d30df6b7f0dfb5943f78"	"V1V2"	"Bacteria"	"Firmicutes"	"Clostridia"	"Clostridiales"	"Ruminococcaceae"	"Subdoligranulum"	"unknown_Spp Subdoligranulum gen."
"ASV_V1V2_00882"	"7dafb193060a73a9cc86a93c8da80721"	"V1V2"	"Bacteria"	"Firmicutes"	"Clostridia"	"Clostridiales"	"Ruminococcaceae"	"Ruminococcaceae UCG-002"	"unknown_Spp Ruminococcaceae UCG-002 gen."
"ASV_V1V2_00883"	"ab15f5c76bd4df0c2eef54edc16cec98"	"V1V2"	"Bacteria"	"Firmicutes"	"Clostridia"	"Clostridiales"	"Ruminococcaceae"	"Ruminococcaceae UCG-010"	"unknown_Spp Ruminococcaceae UCG-010 gen."
"ASV_V1V2_00884"	"cfeb2f590f512b0d73f06f7f72b07cde"	"V1V2"	"Bacteria"	"Firmicutes"	"Clostridia"	"Clostridiales"	"Christensenellaceae"	"Christensenellaceae R-7 gr."	"unknown_Spp Christensenellaceae R-7 gr. gen."
"ASV_V1V2_00885"	"ba3ead7f0db6af4dd3d4f57ecef7255f"	"V1V2"	"Bacteria"	"Firmicutes"	"Bacilli"	"Lactobacillales"	"Streptococcaceae"	"Streptococcus"	"Streptococcus sp. oral clone ASCC04"
"ASV_V1V2_00886"	"ed89c23c31f1223b81e848a6583bddd9"	"V1V2"	"Bacteria"	"Firmicutes"	"Clostridia"	"Clostridiales"	"Lachnospiraceae"	"Lachnospiraceae NK4B4 gr."	"unknown_Spp Lachnospiraceae NK4B4 gr. gen."
"ASV_V1V2_00887"	"ca755c602c6cab5e6411fb4b2b4be7f9"	"V1V2"	"Bacteria"	"Firmicutes"	"Clostridia"	"Clostridiales"	"Lachnospiraceae"	"unknown_Gen Lachnospiraceae fam."	"unknown_Spp Lachnospiraceae fam."
"ASV_V1V2_00888"	"df02d01867b6864171f9d6880d1c0347"	"V1V2"	"Bacteria"	"Firmicutes"	"Clostridia"	"Clostridiales"	"Lachnospiraceae"	"unknown_Gen Lachnospiraceae fam."	"unknown_Spp Lachnospiraceae fam."
"ASV_V1V2_00889"	"4dc1b91c57fdcbf29e9072dd83a0b6fc"	"V1V2"	"Bacteria"	"Proteobacteria"	"Gammaproteobacteria"	"Pasteurellales"	"Pasteurellaceae"	"unknown_Gen Pasteurellaceae fam."	"unknown_Spp Pasteurellaceae fam."
"ASV_V1V2_00890"	"660afb2df1f731debc329695724e4255"	"V1V2"	"Bacteria"	"Firmicutes"	"Clostridia"	"Clostridiales"	"Peptostreptococcaceae"	"Terrisporobacter"	"unknown_Spp Terrisporobacter gen."
"ASV_V1V2_00891"	"420bec8b12a13a8977dd5409ede4436c"	"V1V2"	"Bacteria"	"Firmicutes"	"Clostridia"	"Clostridiales"	"Ruminococcaceae"	"Subdoligranulum"	"unknown_Spp Subdoligranulum gen."
"ASV_V1V2_00892"	"84ff2f073cee90ab8359f6b860e9c5e2"	"V1V2"	"Bacteria"	"Proteobacteria"	"Deltaproteobacteria"	"Desulfovibrionales"	"Desulfovibrionaceae"	"Desulfovibrio"	"unknown_Spp Desulfovibrio gen."
"ASV_V1V2_00893"	"1d3401f480db6c9f3890330c679b2e49"	"V1V2"	"Bacteria"	"Firmicutes"	"Clostridia"	"Clostridiales"	"Lachnospiraceae"	"Roseburia"	"unknown_Spp Roseburia gen."
"ASV_V1V2_00894"	"24321d7798e83d13375db34b079a21ee"	"V1V2"	"Bacteria"	"Firmicutes"	"Clostridia"	"Clostridiales"	"Lachnospiraceae"	"Coprococcus 3"	"unknown_Spp Coprococcus 3 gen."
"ASV_V1V2_00895"	"1299a62123ed7192f4908e5597492527"	"V1V2"	"Bacteria"	"Firmicutes"	"Clostridia"	"Clostridiales"	"Ruminococcaceae"	"unknown_Gen Ruminococcaceae fam."	"unknown_Spp Ruminococcaceae fam."
"ASV_V1V2_00896"	"0dbf5043f19e13b96697c36c7912467b"	"V1V2"	"Bacteria"	"Firmicutes"	"Clostridia"	"Clostridiales"	"Ruminococcaceae"	"unknown_Gen Ruminococcaceae fam."	"unknown_Spp Ruminococcaceae fam."
"ASV_V1V2_00897"	"f7820148a3a22eb4295bdf64c0b779a3"	"V1V2"	"Bacteria"	"Firmicutes"	"Clostridia"	"Clostridiales"	"Christensenellaceae"	"Christensenellaceae R-7 gr."	"unknown_Spp Christensenellaceae R-7 gr. gen."
"ASV_V1V2_00898"	"7bb7dede5d2e74562e845026177c1b44"	"V1V2"	"Bacteria"	"Firmicutes"	"Clostridia"	"Clostridiales"	"Family XIII"	"Family XIII AD3011 gr."	"unknown_Spp Family XIII AD3011 gr. gen."
"ASV_V1V2_00899"	"49cf104a1933e3d1d42ea8a5efa917c1"	"V1V2"	"Bacteria"	"Firmicutes"	"Clostridia"	"Clostridiales"	"Ruminococcaceae"	"CAG-352"	"unknown_Spp CAG-352 gen."
"ASV_V1V2_00900"	"5513357cb84872d5a03fade13c619a2c"	"V1V2"	"Bacteria"	"Firmicutes"	"Negativicutes"	"Selenomonadales"	"Acidaminococcaceae"	"Acidaminococcus"	"unknown_Spp Acidaminococcus gen."
"ASV_V1V2_00901"	"398d6b3809921058c05ae62357a71eb6"	"V1V2"	"Bacteria"	"Bacteroidetes"	"Bacteroidia"	"Bacteroidales"	"Muribaculaceae"	"unknown_Gen Muribaculaceae fam."	"unknown_Spp Muribaculaceae fam."
"ASV_V1V2_00902"	"89c2a51e732cc436bcfe092c0cd5a9ea"	"V1V2"	"Bacteria"	"Firmicutes"	"Clostridia"	"Clostridiales"	"Ruminococcaceae"	"unknown_Gen Ruminococcaceae fam."	"unknown_Spp Ruminococcaceae fam."
"ASV_V1V2_00903"	"e291ccdd2b4bd1a66cbb1e321245e739"	"V1V2"	"Bacteria"	"Firmicutes"	"Clostridia"	"Clostridiales"	"Ruminococcaceae"	"Ruminiclostridium 6"	"unknown_Spp Ruminiclostridium 6 gen."
"ASV_V1V2_00904"	"9fc660b1901fd32b3ff295f3ca98a311"	"V1V2"	"Bacteria"	"Firmicutes"	"Clostridia"	"Clostridiales"	"Ruminococcaceae"	"Ruminococcaceae UCG-005"	"unknown_Spp Ruminococcaceae UCG-005 gen."
"ASV_V1V2_00905"	"b70420cd890a760929486084327ffe8f"	"V1V2"	"Bacteria"	"Bacteroidetes"	"Bacteroidia"	"Bacteroidales"	"Bacteroidaceae"	"Bacteroides"	"unknown_Spp Bacteroides gen."
"ASV_V1V2_00906"	"8f0b3dc14e67bb15be91047d3600805e"	"V1V2"	"Bacteria"	"Actinobacteria"	"Actinobacteria"	"Actinomycetales"	"Actinomycetaceae"	"Actinomyces"	"Mycobacterium tuberculosis"
"ASV_V1V2_00907"	"4487a51db773d88775e5f185831de458"	"V1V2"	"Bacteria"	"Firmicutes"	"Clostridia"	"Clostridiales"	"Lachnospiraceae"	"Marvinbryantia"	"unknown_Spp Marvinbryantia gen."
"ASV_V1V2_00908"	"f9d52bdcf8c7af0b24f34e5defd6e774"	"V1V2"	"Bacteria"	"Tenericutes"	"Mollicutes"	"Mollicutes RF39"	"unknown_Fam Mollicutes RF39 ord."	"unknown_Gen Mollicutes RF39 ord."	"unkown_Spp_Gen_Fam_0022"
"ASV_V1V2_00909"	"b02ea31c7682c8eebc8c0cd48bc0c8ab"	"V1V2"	"Bacteria"	"Firmicutes"	"Clostridia"	"Clostridiales"	"Ruminococcaceae"	"Ruminococcaceae UCG-014"	"unknown_Spp Ruminococcaceae UCG-014 gen."
"ASV_V1V2_00910"	"1e9691ac18b45203ad002010e16b2632"	"V1V2"	"Bacteria"	"Firmicutes"	"Clostridia"	"Clostridiales"	"Lachnospiraceae"	"Oribacterium"	"unknown_Spp Oribacterium gen."
"ASV_V1V2_00911"	"5be8dc805dc4a2a0d47581776734ed00"	"V1V2"	"Bacteria"	"Firmicutes"	"Clostridia"	"Clostridiales"	"Ruminococcaceae"	"Ruminococcaceae UCG-010"	"unknown_Spp Ruminococcaceae UCG-010 gen."
"ASV_V1V2_00912"	"599d80e99066eff2f771561d11844712"	"V1V2"	"Bacteria"	"Firmicutes"	"Clostridia"	"Clostridiales"	"Lachnospiraceae"	"Dorea"	"unknown_Spp Dorea gen."
"ASV_V1V2_00913"	"c28ba70c086d8885efdc85dc5b29087e"	"V1V2"	"Bacteria"	"Proteobacteria"	"Gammaproteobacteria"	"Pasteurellales"	"Pasteurellaceae"	"Haemophilus"	"unknown_Spp Haemophilus gen."
"ASV_V1V2_00914"	"28b43938a508b4d34b1b51700997b824"	"V1V2"	"Bacteria"	"Firmicutes"	"Clostridia"	"Clostridiales"	"Ruminococcaceae"	"unknown_Gen Ruminococcaceae fam."	"unknown_Spp Ruminococcaceae fam."
"ASV_V1V2_00915"	"73c442e5b340f8f5850f6f0acb1ffe5e"	"V1V2"	"Bacteria"	"Firmicutes"	"Clostridia"	"Clostridiales"	"Ruminococcaceae"	"Ruminococcaceae UCG-003"	"unknown_Spp Ruminococcaceae UCG-003 gen."
"ASV_V1V2_00916"	"876764736f0e834405b9a5989075d94c"	"V1V2"	"Bacteria"	"Firmicutes"	"Clostridia"	"Clostridiales"	"Lachnospiraceae"	"Lachnoclostridium"	"unknown_Spp Lachnoclostridium gen."
"ASV_V1V2_00917"	"c0de65919c63a23d533d2ae06dff1414"	"V1V2"	"Bacteria"	"Proteobacteria"	"Gammaproteobacteria"	"Enterobacteriales"	"Enterobacteriaceae"	"Escherichia-Shigella"	"unknown_Spp Escherichia-Shigella gen."
"ASV_V1V2_00918"	"ccbcdb9d7b6a2ee82d6ea23d165108dd"	"V1V2"	"Bacteria"	"Bacteroidetes"	"Bacteroidia"	"Bacteroidales"	"Prevotellaceae"	"Prevotellaceae NK3B31 gr."	"unknown_Spp Prevotellaceae NK3B31 gr. gen."
"ASV_V1V2_00919"	"b130bb476674c72ff9174ace78385826"	"V1V2"	"Bacteria"	"Proteobacteria"	"Gammaproteobacteria"	"Betaproteobacteriales"	"Burkholderiaceae"	"Oxalobacter"	"Oxalobacter formigenes"
"ASV_V1V2_00920"	"84ee702f2cbfd18bdf49bb424f3db3fc"	"V1V2"	"Bacteria"	"Firmicutes"	"Clostridia"	"Clostridiales"	"Ruminococcaceae"	"Faecalibacterium"	"unknown_Spp Faecalibacterium gen."
"ASV_V1V2_00921"	"d9ff4a21811960547d194efc3d5523c9"	"V1V2"	"Bacteria"	"Firmicutes"	"Clostridia"	"Clostridiales"	"Lachnospiraceae"	"unknown_Gen Lachnospiraceae fam."	"unknown_Spp Lachnospiraceae fam."
"ASV_V1V2_00922"	"1ba91004d39273eb1997d0a955ee3f6b"	"V1V2"	"Bacteria"	"Firmicutes"	"Clostridia"	"Clostridiales"	"Ruminococcaceae"	"unknown_Gen Ruminococcaceae fam."	"unknown_Spp Ruminococcaceae fam."
"ASV_V1V2_00923"	"e5b9091be4fb6010b3764cc936541225"	"V1V2"	"Bacteria"	"Firmicutes"	"Clostridia"	"Clostridiales"	"Christensenellaceae"	"Christensenellaceae R-7 gr."	"unknown_Spp Christensenellaceae R-7 gr. gen."
"ASV_V1V2_00924"	"81f7e129101b5a4892181a1a613d8866"	"V1V2"	"Bacteria"	"Firmicutes"	"Clostridia"	"Clostridiales"	"Lachnospiraceae"	"unknown_Gen Lachnospiraceae fam."	"unknown_Spp Lachnospiraceae fam."
"ASV_V1V2_00925"	"c6e0dc3a5a33550ebe638406ee79c0db"	"V1V2"	"Bacteria"	"Firmicutes"	"Clostridia"	"Clostridiales"	"Ruminococcaceae"	"Ruminiclostridium 6"	"unknown_Spp Ruminiclostridium 6 gen."
"ASV_V1V2_00926"	"d1aa1cf72832eca610e42d316c754cc1"	"V1V2"	"Bacteria"	"Firmicutes"	"Clostridia"	"Clostridiales"	"Ruminococcaceae"	"unknown_Gen Ruminococcaceae fam."	"unknown_Spp Ruminococcaceae fam."
"ASV_V1V2_00927"	"f74a18a63b8798d26c289660e1047c65"	"V1V2"	"Bacteria"	"Tenericutes"	"Mollicutes"	"Mollicutes RF39"	"unknown_Fam Mollicutes RF39 ord."	"unknown_Gen Mollicutes RF39 ord."	"unkown_Spp_Gen_Fam_0023"
"ASV_V1V2_00928"	"be8693c9deb9f4081481de9ba1421931"	"V1V2"	"Bacteria"	"Firmicutes"	"Clostridia"	"Clostridiales"	"Christensenellaceae"	"Christensenellaceae R-7 gr."	"unknown_Spp Christensenellaceae R-7 gr. gen."
"ASV_V1V2_00929"	"749603aad39fe4ef9baf2880024d0582"	"V1V2"	"Bacteria"	"Firmicutes"	"Erysipelotrichia"	"Erysipelotrichales"	"Erysipelotrichaceae"	"Clostridium innocuum gr."	"unknown_Spp Clostridium innocuum gr. gen."
"ASV_V1V2_00930"	"5066533127b14dc0d25fb399d7ff00e1"	"V1V2"	"Bacteria"	"Firmicutes"	"Clostridia"	"Clostridiales"	"Ruminococcaceae"	"unknown_Gen Ruminococcaceae fam."	"unknown_Spp Ruminococcaceae fam."
"ASV_V1V2_00931"	"a11f55d9d85fb2b13eb4f2d1b2a0d9d4"	"V1V2"	"Bacteria"	"Proteobacteria"	"Gammaproteobacteria"	"Betaproteobacteriales"	"Burkholderiaceae"	"Oxalobacter"	"unknown_Spp Oxalobacter gen."
"ASV_V1V2_00932"	"e5957b5e542f4980367b9ad16142fa4d"	"V1V2"	"Bacteria"	"Firmicutes"	"Negativicutes"	"Selenomonadales"	"Veillonellaceae"	"Allisonella"	"unknown_Spp Allisonella gen."
"ASV_V1V2_00933"	"03f453ca61bd02cae00024b36ab78c19"	"V1V2"	"Bacteria"	"Bacteroidetes"	"Bacteroidia"	"Bacteroidales"	"Marinifilaceae"	"Butyricimonas"	"unknown_Spp Butyricimonas gen."
"ASV_V1V2_00934"	"27d9efe74d82bd7a564f5bfc4f758b32"	"V1V2"	"Bacteria"	"Firmicutes"	"Clostridia"	"Clostridiales"	"Lachnospiraceae"	"Ruminococcus gauvreauii gr."	"unknown_Spp Ruminococcus gauvreauii gr. gen."
"ASV_V1V2_00935"	"8df46edfa1f19c9cc0a923944500036c"	"V1V2"	"Bacteria"	"Firmicutes"	"Clostridia"	"Clostridiales"	"Lachnospiraceae"	"Lachnospiraceae UCG-008"	"unknown_Spp Lachnospiraceae UCG-008 gen."
"ASV_V1V2_00936"	"f2012bdd16d047569572145348189f4b"	"V1V2"	"Bacteria"	"Firmicutes"	"Clostridia"	"Clostridiales"	"Ruminococcaceae"	"unknown_Gen Ruminococcaceae fam."	"Gorbachella massiliensis"
"ASV_V1V2_00937"	"8047cdb5ee37f68cbaee0f1ae1449cfd"	"V1V2"	"Bacteria"	"Firmicutes"	"Clostridia"	"Clostridiales"	"Ruminococcaceae"	"Ruminiclostridium 9"	"unknown_Spp Ruminiclostridium 9 gen."
"ASV_V1V2_00938"	"4990e35ccf876ba05aa5004fc3d07739"	"V1V2"	"Bacteria"	"Firmicutes"	"Clostridia"	"Clostridiales"	"Ruminococcaceae"	"Ruminococcaceae UCG-013"	"unknown_Spp Ruminococcaceae UCG-013 gen."
"ASV_V1V2_00939"	"ba7d639c021d82b05c81070b86d74178"	"V1V2"	"Bacteria"	"Firmicutes"	"Clostridia"	"Clostridiales"	"Ruminococcaceae"	"Ruminococcaceae UCG-004"	"unknown_Spp Ruminococcaceae UCG-004 gen."
"ASV_V1V2_00940"	"0a4d23d828e7e7d2cad9d43147b35dd6"	"V1V2"	"Bacteria"	"Firmicutes"	"Clostridia"	"Clostridiales"	"Ruminococcaceae"	"Faecalibacterium"	"unknown_Spp Faecalibacterium gen."
"ASV_V1V2_00941"	"bf58b7f2e8c64a5c64b08a01d13e8bdc"	"V1V2"	"Bacteria"	"Firmicutes"	"Clostridia"	"Clostridiales"	"Lachnospiraceae"	"Lachnospiraceae FCS020 gr."	"unknown_Spp Lachnospiraceae FCS020 gr. gen."
"ASV_V1V2_00942"	"f619050eaf3134d919b3a3eb57bd041e"	"V1V2"	"Bacteria"	"Firmicutes"	"Clostridia"	"Clostridiales"	"Ruminococcaceae"	"Ruminococcaceae UCG-014"	"unknown_Spp Ruminococcaceae UCG-014 gen."
"ASV_V1V2_00943"	"3c3d1940e67d9ed34cc2e184c291025c"	"V1V2"	"Bacteria"	"Firmicutes"	"Clostridia"	"Clostridiales"	"Ruminococcaceae"	"Faecalibacterium"	"unknown_Spp Faecalibacterium gen."
"ASV_V1V2_00944"	"3e36e976ced0b0cd1715919a96d82a5b"	"V1V2"	"Bacteria"	"Firmicutes"	"Bacilli"	"Lactobacillales"	"Streptococcaceae"	"Streptococcus"	"unknown_Spp Streptococcus gen."
"ASV_V1V2_00945"	"3b1a2f5cc0146166138cd52473bfd9ff"	"V1V2"	"Bacteria"	"Firmicutes"	"Clostridia"	"Clostridiales"	"Lachnospiraceae"	"Lachnospiraceae UCG-001"	"unknown_Spp Lachnospiraceae UCG-001 gen."
"ASV_V1V2_00946"	"3bea0faaede0102dbb24097de84a0057"	"V1V2"	"Bacteria"	"Firmicutes"	"Clostridia"	"Clostridiales"	"unknown_Fam Clostridiales ord."	"unknown_Gen Clostridiales ord."	"unkown_Spp_Gen_Fam_0024"
"ASV_V1V2_00947"	"b62d3374241e7ebbec852857b4caa8e2"	"V1V2"	"Bacteria"	"Firmicutes"	"Clostridia"	"Clostridiales"	"Ruminococcaceae"	"Ruminococcaceae UCG-002"	"unknown_Spp Ruminococcaceae UCG-002 gen."
"ASV_V1V2_00948"	"bf29cb4b0741b151aaddf5a0cb50a91e"	"V1V2"	"Bacteria"	"Firmicutes"	"Clostridia"	"Clostridiales"	"Clostridiales vadinBB60 gr."	"unknown_Gen Clostridiales vadinBB60 gr. fam."	"unknown_Spp Clostridiales vadinBB60 gr. fam."
"ASV_V1V2_00949"	"e5bb8a76fd5e39594c8f4a611e3a75d9"	"V1V2"	"Bacteria"	"Tenericutes"	"Mollicutes"	"Mollicutes RF39"	"unknown_Fam Mollicutes RF39 ord."	"unknown_Gen Mollicutes RF39 ord."	"unkown_Spp_Gen_Fam_0025"
"ASV_V1V2_00950"	"806cedf52b6ad10349a23119595369fc"	"V1V2"	"Bacteria"	"Firmicutes"	"Clostridia"	"Clostridiales"	"Ruminococcaceae"	"Faecalibacterium"	"unknown_Spp Faecalibacterium gen."
"ASV_V1V2_00951"	"f612ff4b366d3dd028cb04f4bcf5d618"	"V1V2"	"Bacteria"	"Firmicutes"	"Clostridia"	"Clostridiales"	"Lachnospiraceae"	"Eubacterium xylanophilum gr."	"unknown_Spp Eubacterium xylanophilum gr. gen."
"ASV_V1V2_00952"	"7e2eff70aaaeac1da80b0a4c6466845a"	"V1V2"	"Bacteria"	"Firmicutes"	"Clostridia"	"Clostridiales"	"Ruminococcaceae"	"Ruminococcus 1"	"unknown_Spp Ruminococcus 1 gen."
"ASV_V1V2_00953"	"b19b7148d27037a7bf0265080b025a4f"	"V1V2"	"Bacteria"	"Firmicutes"	"Clostridia"	"Clostridiales"	"Ruminococcaceae"	"Ruminococcaceae UCG-005"	"unknown_Spp Ruminococcaceae UCG-005 gen."
"ASV_V1V2_00954"	"6536fc94279a41545b3a89a365ddb859"	"V1V2"	"Bacteria"	"Firmicutes"	"Clostridia"	"Clostridiales"	"Lachnospiraceae"	"Blautia"	"unknown_Spp Blautia gen."
"ASV_V1V2_00955"	"a721142a191c343cc51b1de70b400365"	"V1V2"	"Bacteria"	"Firmicutes"	"Clostridia"	"Clostridiales"	"Christensenellaceae"	"Christensenellaceae R-7 gr."	"unknown_Spp Christensenellaceae R-7 gr. gen."
"ASV_V1V2_00956"	"e66c3783a5a22f603792c6abf923ac9e"	"V1V2"	"Bacteria"	"Bacteroidetes"	"Bacteroidia"	"Bacteroidales"	"Barnesiellaceae"	"Barnesiella"	"unknown_Spp Barnesiella gen."
"ASV_V1V2_00957"	"a6cc7a80e49800224acb54d2d7e081aa"	"V1V2"	"Bacteria"	"Firmicutes"	"Clostridia"	"Clostridiales"	"Lachnospiraceae"	"Ruminococcus torques gr."	"unknown_Spp Ruminococcus torques gr. gen."
"ASV_V1V2_00958"	"03eed7cc53503d3d9eecc03f5a4f3829"	"V1V2"	"Bacteria"	"Firmicutes"	"Clostridia"	"Clostridiales"	"Ruminococcaceae"	"Ruminococcaceae UCG-014"	"unknown_Spp Ruminococcaceae UCG-014 gen."
"ASV_V1V2_00959"	"f389c28e59e09898b076714ca61d5329"	"V1V2"	"Bacteria"	"Firmicutes"	"Clostridia"	"Clostridiales"	"Lachnospiraceae"	"Blautia"	"unknown_Spp Blautia gen."
"ASV_V1V2_00960"	"ee1ae7fefc61be5c466a2e9b5edbff26"	"V1V2"	"Bacteria"	"Firmicutes"	"Clostridia"	"Clostridiales"	"Lachnospiraceae"	"unknown_Gen Lachnospiraceae fam."	"bacterium enrichment culture clone LA92"
"ASV_V1V2_00961"	"8842dfae61625f5054be1bdbeabd0ee2"	"V1V2"	"Bacteria"	"Firmicutes"	"Clostridia"	"Clostridiales"	"Christensenellaceae"	"Christensenellaceae R-7 gr."	"unknown_Spp Christensenellaceae R-7 gr. gen."
"ASV_V1V2_00962"	"232f94683896eae3b5106c5a9e92fe51"	"V1V2"	"Bacteria"	"Firmicutes"	"Clostridia"	"Clostridiales"	"Ruminococcaceae"	"Ruminococcaceae UCG-005"	"unknown_Spp Ruminococcaceae UCG-005 gen."
"ASV_V1V2_00963"	"4adabab92651320dac325b109ec68357"	"V1V2"	"Bacteria"	"Bacteroidetes"	"Bacteroidia"	"Bacteroidales"	"Barnesiellaceae"	"unknown_Gen Barnesiellaceae fam."	"unknown_Spp Barnesiellaceae fam."
"ASV_V1V2_00964"	"c27fea1efff19e98f9ef9605ba4a2310"	"V1V2"	"Bacteria"	"Firmicutes"	"Clostridia"	"Clostridiales"	"Ruminococcaceae"	"Faecalibacterium"	"unknown_Spp Faecalibacterium gen."
"ASV_V1V2_00965"	"7477d1f7b7e30722f0109d41151d8438"	"V1V2"	"Bacteria"	"Firmicutes"	"Clostridia"	"Clostridiales"	"Lachnospiraceae"	"Anaerostipes"	"unknown_Spp Anaerostipes gen."
"ASV_V1V2_00966"	"22c2a056d08f688a4886e1f138655a8b"	"V1V2"	"Bacteria"	"Bacteroidetes"	"Bacteroidia"	"Flavobacteriales"	"Flavobacteriaceae"	"unknown_Gen Flavobacteriaceae fam."	"unknown_Spp Flavobacteriaceae fam."
"ASV_V1V2_00967"	"5a2eca35262d367b3d9a4f324f2b5bdb"	"V1V2"	"Bacteria"	"Firmicutes"	"Clostridia"	"Clostridiales"	"Ruminococcaceae"	"Ruminococcaceae UCG-013"	"unknown_Spp Ruminococcaceae UCG-013 gen."
"ASV_V1V2_00968"	"3f2bdaabd205d60915a6bb192cb20ef9"	"V1V2"	"Bacteria"	"Firmicutes"	"Erysipelotrichia"	"Erysipelotrichales"	"Erysipelotrichaceae"	"Holdemania"	"unknown_Spp Holdemania gen."
"ASV_V1V2_00969"	"cd7837515ecb0e9654464297679ed4cf"	"V1V2"	"Bacteria"	"Firmicutes"	"Clostridia"	"Clostridiales"	"Lachnospiraceae"	"Eubacterium xylanophilum gr."	"unknown_Spp Eubacterium xylanophilum gr. gen."
"ASV_V1V2_00970"	"8bfbec725eb5261e1c4eafc9db10b0e3"	"V1V2"	"Bacteria"	"Firmicutes"	"Clostridia"	"Clostridiales"	"Christensenellaceae"	"Christensenellaceae R-7 gr."	"unknown_Spp Christensenellaceae R-7 gr. gen."
"ASV_V1V2_00971"	"2138760b48e316a84b7039cc797400c9"	"V1V2"	"Bacteria"	"Firmicutes"	"Negativicutes"	"Selenomonadales"	"Acidaminococcaceae"	"Phascolarctobacterium"	"unknown_Spp Phascolarctobacterium gen."
"ASV_V1V2_00972"	"8c553d1510ac76d26afdfd113f439758"	"V1V2"	"Bacteria"	"Firmicutes"	"Clostridia"	"Clostridiales"	"Ruminococcaceae"	"Faecalibacterium"	"unknown_Spp Faecalibacterium gen."
"ASV_V1V2_00973"	"c9ca7e9fda58b868fb154130155f5677"	"V1V2"	"Bacteria"	"Firmicutes"	"Clostridia"	"Clostridiales"	"Lachnospiraceae"	"Marvinbryantia"	"unknown_Spp Marvinbryantia gen."
"ASV_V1V2_00974"	"045c2d10160ab6e28f52c26250aa80ad"	"V1V2"	"Bacteria"	"Firmicutes"	"Clostridia"	"Clostridiales"	"Ruminococcaceae"	"unknown_Gen Ruminococcaceae fam."	"unknown_Spp Ruminococcaceae fam."
"ASV_V1V2_00975"	"9898cbc7c2952cd0bdf0bcb2c314c20e"	"V1V2"	"Bacteria"	"Firmicutes"	"Clostridia"	"Clostridiales"	"Ruminococcaceae"	"Faecalibacterium"	"unknown_Spp Faecalibacterium gen."
"ASV_V1V2_00976"	"c0159f0051711591b7adeb5fc985bdb0"	"V1V2"	"Bacteria"	"Firmicutes"	"Clostridia"	"Clostridiales"	"Lachnospiraceae"	"Marvinbryantia"	"unknown_Spp Marvinbryantia gen."
"ASV_V1V2_00977"	"e81bd78a956346a8ac2658c158b6c127"	"V1V2"	"Bacteria"	"Firmicutes"	"Clostridia"	"Clostridiales"	"Lachnospiraceae"	"Blautia"	"Blautia sp. Marseille-P3087"
"ASV_V1V2_00978"	"f54fb23339e8bcdce70094d9a50ddc8c"	"V1V2"	"Bacteria"	"Proteobacteria"	"Alphaproteobacteria"	"Rhodospirillales"	"unknown_Fam Rhodospirillales ord."	"unknown_Gen Rhodospirillales ord."	"unkown_Spp_Gen_Fam_0026"
"ASV_V1V2_00979"	"24592e4ce8e8b8957aa0f273a8f57bb1"	"V1V2"	"Bacteria"	"Firmicutes"	"Clostridia"	"MBA03"	"unknown_Fam MBA03 ord."	"unknown_Gen MBA03 ord."	"unkown_Spp_Gen_Fam_0027"
"ASV_V1V2_00980"	"5b77639b8bd10e56bb80df66a98a258b"	"V1V2"	"Bacteria"	"Firmicutes"	"Clostridia"	"Clostridiales"	"Christensenellaceae"	"Christensenellaceae R-7 gr."	"unknown_Spp Christensenellaceae R-7 gr. gen."
"ASV_V1V2_00981"	"ce5d66fede592ac66e14027646b4529e"	"V1V2"	"Bacteria"	"Firmicutes"	"Clostridia"	"Clostridiales"	"Family XIII"	"Family XIII AD3011 gr."	"unknown_Spp Family XIII AD3011 gr. gen."
"ASV_V1V2_00982"	"6e62e0dcbf71f84fb39ddbcebbcf9524"	"V1V2"	"Bacteria"	"Firmicutes"	"Clostridia"	"Clostridiales"	"Christensenellaceae"	"Christensenellaceae R-7 gr."	"unknown_Spp Christensenellaceae R-7 gr. gen."
"ASV_V1V2_00983"	"cc0cfb235804ae53944ea460306bed75"	"V1V2"	"Bacteria"	"Firmicutes"	"Clostridia"	"Clostridiales"	"Ruminococcaceae"	"unknown_Gen Ruminococcaceae fam."	"unknown_Spp Ruminococcaceae fam."
"ASV_V1V2_00984"	"aea485f00be9d021ed83c2e69220fcb6"	"V1V2"	"Bacteria"	"Actinobacteria"	"Coriobacteriia"	"Coriobacteriales"	"Eggerthellaceae"	"Senegalimassilia"	"unknown_Spp Senegalimassilia gen."
"ASV_V1V2_00985"	"36f49cff0c2f808a37efa8391dd901e1"	"V1V2"	"Bacteria"	"Firmicutes"	"Clostridia"	"Clostridiales"	"Lachnospiraceae"	"Agathobacter"	"unknown_Spp Agathobacter gen."
"ASV_V1V2_00986"	"ba8fcf4eb9e7b71c4e273dc6041f2c27"	"V1V2"	"Bacteria"	"Bacteroidetes"	"Bacteroidia"	"Bacteroidales"	"Bacteroidaceae"	"Bacteroides"	"Bacteroides eggerthii DSM 20697"
"ASV_V1V2_00987"	"3659971828a9f11b3468aa8f431e5ab4"	"V1V2"	"Bacteria"	"Firmicutes"	"Clostridia"	"Clostridiales"	"Defluviitaleaceae"	"Defluviitaleaceae UCG-011"	"unknown_Spp Defluviitaleaceae UCG-011 gen."
"ASV_V1V2_00988"	"76e6732a81224891c58204ff72b1bd05"	"V1V2"	"Bacteria"	"Firmicutes"	"Clostridia"	"Clostridiales"	"Lachnospiraceae"	"Lachnospiraceae NK4A136 gr."	"unknown_Spp Lachnospiraceae NK4A136 gr. gen."
"ASV_V1V2_00989"	"6a86508a3f72332adde2f01919929b27"	"V1V2"	"Bacteria"	"Firmicutes"	"Clostridia"	"Clostridiales"	"Lachnospiraceae"	"Blautia"	"unknown_Spp Blautia gen."
"ASV_V1V2_00990"	"f552d6b83dd6500b138bbce766aa4447"	"V1V2"	"Bacteria"	"Firmicutes"	"Clostridia"	"Clostridiales"	"Ruminococcaceae"	"Ruminococcaceae UCG-013"	"unknown_Spp Ruminococcaceae UCG-013 gen."
"ASV_V1V2_00991"	"2922b32a15b35ec9b99825e81951dd43"	"V1V2"	"Bacteria"	"Bacteroidetes"	"Bacteroidia"	"Bacteroidales"	"Marinifilaceae"	"Butyricimonas"	"unknown_Spp Butyricimonas gen."
"ASV_V1V2_00992"	"7fded31a505f2654ece32371eca597c4"	"V1V2"	"Bacteria"	"Firmicutes"	"Clostridia"	"Clostridiales"	"Ruminococcaceae"	"Ruminococcaceae UCG-003"	"unknown_Spp Ruminococcaceae UCG-003 gen."
"ASV_V1V2_00993"	"f353abbd594b9b30f73c68196efd83e2"	"V1V2"	"Bacteria"	"Firmicutes"	"Clostridia"	"Clostridiales"	"Lachnospiraceae"	"Marvinbryantia"	"unknown_Spp Marvinbryantia gen."
"ASV_V1V2_00994"	"9f3ab4d080b5125e85627f079f9238ce"	"V1V2"	"Bacteria"	"Proteobacteria"	"Deltaproteobacteria"	"Desulfovibrionales"	"Desulfovibrionaceae"	"unknown_Gen Desulfovibrionaceae fam."	"unknown_Spp Desulfovibrionaceae fam."
"ASV_V1V2_00995"	"b233f11c1d43f544b6dcfd6eca0cf573"	"V1V2"	"Bacteria"	"Firmicutes"	"Clostridia"	"Clostridiales"	"Peptococcaceae"	"unknown_Gen Peptococcaceae fam."	"unknown_Spp Peptococcaceae fam."
"ASV_V1V2_00996"	"a5f704c63310b9ab1d6259cc8438f0bf"	"V1V2"	"Bacteria"	"Firmicutes"	"Clostridia"	"Clostridiales"	"Ruminococcaceae"	"unknown_Gen Ruminococcaceae fam."	"unknown_Spp Ruminococcaceae fam."
"ASV_V1V2_00997"	"f33faf00ba4db7b196061d1af1b2c412"	"V1V2"	"Bacteria"	"Firmicutes"	"Clostridia"	"Clostridiales"	"Ruminococcaceae"	"Ruminococcaceae UCG-014"	"unknown_Spp Ruminococcaceae UCG-014 gen."
"ASV_V1V2_00998"	"b5831179db806945cb296f9016d51393"	"V1V2"	"Bacteria"	"Firmicutes"	"Clostridia"	"Clostridiales"	"Ruminococcaceae"	"Eubacterium coprostanoligenes gr."	"unknown_Spp Eubacterium coprostanoligenes gr. gen."
"ASV_V1V2_00999"	"78cfd8b98a34f59831748d921191f1e6"	"V1V2"	"Bacteria"	"Firmicutes"	"Clostridia"	"Clostridiales"	"Lachnospiraceae"	"Blautia"	"unknown_Spp Blautia gen."
"ASV_V1V2_01000"	"e59da50e4ad0bbbacb1baec064a90f3f"	"V1V2"	"Bacteria"	"Firmicutes"	"Clostridia"	"Clostridiales"	"Lachnospiraceae"	"Eubacterium ventriosum gr."	"unknown_Spp Eubacterium ventriosum gr. gen."
"ASV_V1V2_01001"	"0df3b66102c45a592106b8228d69a40b"	"V1V2"	"Bacteria"	"Firmicutes"	"Clostridia"	"Clostridiales"	"Lachnospiraceae"	"Blautia"	"unknown_Spp Blautia gen."
"ASV_V1V2_01002"	"52797b38b5d107801d5090af326d2e6e"	"V1V2"	"Bacteria"	"Bacteroidetes"	"Bacteroidia"	"Bacteroidales"	"Tannerellaceae"	"Parabacteroides"	"unknown_Spp Parabacteroides gen."
"ASV_V1V2_01003"	"e466f8f971e60395c521257ee2a1b020"	"V1V2"	"Bacteria"	"Firmicutes"	"Clostridia"	"Clostridiales"	"Ruminococcaceae"	"Ruminococcaceae UCG-002"	"unknown_Spp Ruminococcaceae UCG-002 gen."
"ASV_V1V2_01004"	"531f2ecd22c99041e8042cd7dd047aa5"	"V1V2"	"Bacteria"	"Firmicutes"	"Clostridia"	"Clostridiales"	"Lachnospiraceae"	"Fusicatenibacter"	"unknown_Spp Fusicatenibacter gen."
"ASV_V1V2_01005"	"f1838970755027709a875ebeb5d2e1e4"	"V1V2"	"Bacteria"	"Actinobacteria"	"Actinobacteria"	"Propionibacteriales"	"Propionibacteriaceae"	"Propionibacterium"	"unknown_Spp Propionibacterium gen."
"ASV_V1V2_01006"	"df690e933c99f69b082151c8fb128f67"	"V1V2"	"Bacteria"	"Firmicutes"	"Clostridia"	"Clostridiales"	"Family XIII"	"Family XIII AD3011 gr."	"unknown_Spp Family XIII AD3011 gr. gen."
"ASV_V1V2_01007"	"daa933e22570e85245a455ef386e1c5d"	"V1V2"	"Bacteria"	"Firmicutes"	"Clostridia"	"Clostridiales"	"Lachnospiraceae"	"Blautia"	"unknown_Spp Blautia gen."
"ASV_V1V2_01008"	"508fb50ad52045cc08e410856febf7a6"	"V1V2"	"Bacteria"	"Firmicutes"	"Clostridia"	"Clostridiales"	"Lachnospiraceae"	"unknown_Gen Lachnospiraceae fam."	"unknown_Spp Lachnospiraceae fam."
"ASV_V1V2_01009"	"025cdf58d25bbf7d1e24f0dc56f89b40"	"V1V2"	"Bacteria"	"Firmicutes"	"Clostridia"	"Clostridiales"	"Peptostreptococcaceae"	"Romboutsia"	"unknown_Spp Romboutsia gen."
"ASV_V1V2_01010"	"1692865bc18c823b2421228e05a9a1fa"	"V1V2"	"Bacteria"	"Firmicutes"	"Clostridia"	"Clostridiales"	"Lachnospiraceae"	"unknown_Gen Lachnospiraceae fam."	"unknown_Spp Lachnospiraceae fam."
"ASV_V1V2_01011"	"2675b5270d89d2ca19ec4f654d8f6a43"	"V1V2"	"Bacteria"	"Firmicutes"	"Clostridia"	"Clostridiales"	"Ruminococcaceae"	"Ruminococcaceae UCG-010"	"unknown_Spp Ruminococcaceae UCG-010 gen."
"ASV_V1V2_01012"	"e4b76b426fcc24822dc10775722d996e"	"V1V2"	"Bacteria"	"Firmicutes"	"Clostridia"	"Clostridiales"	"Family XIII"	"Family XIII AD3011 gr."	"unknown_Spp Family XIII AD3011 gr. gen."
"ASV_V1V2_01013"	"e0622b3481ae15fba18aa485fa34147e"	"V1V2"	"Bacteria"	"Firmicutes"	"Clostridia"	"Clostridiales"	"Lachnospiraceae"	"Roseburia"	"unknown_Spp Roseburia gen."
"ASV_V1V2_01014"	"4f7d45a081cf6748ac47c463f01ce746"	"V1V2"	"Bacteria"	"Firmicutes"	"Clostridia"	"Clostridiales"	"Lachnospiraceae"	"Blautia"	"unknown_Spp Blautia gen."
"ASV_V1V2_01015"	"96258fcc76961570090d6cd66873b421"	"V1V2"	"Bacteria"	"Firmicutes"	"Erysipelotrichia"	"Erysipelotrichales"	"Erysipelotrichaceae"	"Erysipelotrichaceae UCG-003"	"unknown_Spp Erysipelotrichaceae UCG-003 gen."
"ASV_V1V2_01016"	"9470626cea80503a072c757b69338a8d"	"V1V2"	"Bacteria"	"Firmicutes"	"Clostridia"	"Clostridiales"	"Ruminococcaceae"	"unknown_Gen Ruminococcaceae fam."	"unknown_Spp Ruminococcaceae fam."
"ASV_V1V2_01017"	"8846e46b300635892b6db467624d800e"	"V1V2"	"Bacteria"	"Firmicutes"	"Clostridia"	"Clostridiales"	"Ruminococcaceae"	"Ruminococcaceae UCG-014"	"unknown_Spp Ruminococcaceae UCG-014 gen."
"ASV_V1V2_01018"	"8ed659d273197413b7ac7c85331961ba"	"V1V2"	"Bacteria"	"Firmicutes"	"Clostridia"	"Clostridiales"	"Lachnospiraceae"	"Blautia"	"unknown_Spp Blautia gen."
"ASV_V1V2_01019"	"50c941cc3722d895a90df812aa0696f2"	"V1V2"	"Bacteria"	"Firmicutes"	"Clostridia"	"Clostridiales"	"Ruminococcaceae"	"Ruminococcaceae UCG-010"	"unknown_Spp Ruminococcaceae UCG-010 gen."
"ASV_V1V2_01020"	"8de6b3e34595e7602b7a424be39686d2"	"V1V2"	"Bacteria"	"Firmicutes"	"Clostridia"	"Clostridiales"	"Ruminococcaceae"	"Ruminococcaceae UCG-010"	"unknown_Spp Ruminococcaceae UCG-010 gen."
"ASV_V1V2_01021"	"b19c2406cfe42a6c120d273eabfb637d"	"V1V2"	"Bacteria"	"Firmicutes"	"Clostridia"	"Clostridiales"	"Christensenellaceae"	"Christensenellaceae R-7 gr."	"unknown_Spp Christensenellaceae R-7 gr. gen."
"ASV_V1V2_01022"	"2ea9fbea04347cc081a8521ca4b9b8bb"	"V1V2"	"Bacteria"	"Firmicutes"	"Clostridia"	"Clostridiales"	"Ruminococcaceae"	"Ruminococcaceae UCG-010"	"unknown_Spp Ruminococcaceae UCG-010 gen."
"ASV_V1V2_01023"	"14f3cc2d74a0852c244cb0737e4e68f9"	"V1V2"	"Bacteria"	"Firmicutes"	"Clostridia"	"MBA03"	"unknown_Fam MBA03 ord."	"unknown_Gen MBA03 ord."	"unkown_Spp_Gen_Fam_0028"
"ASV_V1V2_01024"	"1d4e42f4b488313cc5e77944f89b3b0f"	"V1V2"	"Bacteria"	"Firmicutes"	"Clostridia"	"Clostridiales"	"Ruminococcaceae"	"Ruminococcaceae UCG-003"	"unknown_Spp Ruminococcaceae UCG-003 gen."
"ASV_V1V2_01025"	"75630962101c1209670d2754d91c5a24"	"V1V2"	"Bacteria"	"Firmicutes"	"Clostridia"	"Clostridiales"	"Lachnospiraceae"	"Lachnospira"	"unknown_Spp Lachnospira gen."
"ASV_V1V2_01026"	"501c04f82e1dbd257e21eebc3f59bb88"	"V1V2"	"Bacteria"	"Firmicutes"	"Clostridia"	"Clostridiales"	"Lachnospiraceae"	"unknown_Gen Lachnospiraceae fam."	"unknown_Spp Lachnospiraceae fam."
"ASV_V1V2_01027"	"4d86aa225ee7bb676512f920971af01b"	"V1V2"	"Bacteria"	"Bacteroidetes"	"Bacteroidia"	"Bacteroidales"	"Rikenellaceae"	"Alistipes"	"unknown_Spp Alistipes gen."
"ASV_V1V2_01028"	"a2e73bf2408c290415ea3302edb55715"	"V1V2"	"Bacteria"	"Firmicutes"	"Clostridia"	"Clostridiales"	"Ruminococcaceae"	"Ruminococcaceae UCG-002"	"unknown_Spp Ruminococcaceae UCG-002 gen."
"ASV_V1V2_01029"	"2b870b3efb0b74d1370b643e8622aa79"	"V1V2"	"Bacteria"	"Firmicutes"	"Clostridia"	"Clostridiales"	"Christensenellaceae"	"Christensenellaceae R-7 gr."	"unknown_Spp Christensenellaceae R-7 gr. gen."
"ASV_V1V2_01030"	"d8d31bd89a0bcce2c855211ed295a037"	"V1V2"	"Bacteria"	"Firmicutes"	"Clostridia"	"Clostridiales"	"Peptococcaceae"	"unknown_Gen Peptococcaceae fam."	"unknown_Spp Peptococcaceae fam."
"ASV_V1V2_01031"	"f2693940c14c81108a486a55fe4fcbf7"	"V1V2"	"Bacteria"	"Firmicutes"	"Clostridia"	"Clostridiales"	"Ruminococcaceae"	"Ruminococcaceae UCG-014"	"unknown_Spp Ruminococcaceae UCG-014 gen."
"ASV_V1V2_01032"	"f8400bf68c33ba9ffa8d36bb9e662d19"	"V1V2"	"Bacteria"	"Bacteroidetes"	"Bacteroidia"	"Bacteroidales"	"Prevotellaceae"	"Paraprevotella"	"unknown_Spp Paraprevotella gen."
"ASV_V1V2_01033"	"10aaa70cc21675dc6573233f14c3c847"	"V1V2"	"Bacteria"	"Firmicutes"	"Clostridia"	"Clostridiales"	"Lachnospiraceae"	"unknown_Gen Lachnospiraceae fam."	"unknown_Spp Lachnospiraceae fam."
"ASV_V1V2_01034"	"fc28c7cc4f742cf716c46e9dc8be07d0"	"V1V2"	"Bacteria"	"Firmicutes"	"Clostridia"	"Clostridiales"	"Ruminococcaceae"	"Subdoligranulum"	"unknown_Spp Subdoligranulum gen."
"ASV_V1V2_01035"	"fc71450cf2a3c650f6ee0e93bcf9afa2"	"V1V2"	"Bacteria"	"Firmicutes"	"Clostridia"	"Clostridiales"	"Ruminococcaceae"	"Ruminococcaceae UCG-010"	"unknown_Spp Ruminococcaceae UCG-010 gen."
"ASV_V1V2_01036"	"5c04cda6374aaf93fd059180e4f3247f"	"V1V2"	"Bacteria"	"Firmicutes"	"Clostridia"	"Clostridiales"	"Christensenellaceae"	"Christensenellaceae R-7 gr."	"unknown_Spp Christensenellaceae R-7 gr. gen."
"ASV_V1V2_01037"	"7d9b482f65ed18a0fd6f1ab7a7f7fad9"	"V1V2"	"Bacteria"	"Firmicutes"	"Clostridia"	"Clostridiales"	"Lachnospiraceae"	"Marvinbryantia"	"unknown_Spp Marvinbryantia gen."
"ASV_V1V2_01038"	"00ad5d1d403e0cc033c27573af2dbf50"	"V1V2"	"Bacteria"	"Firmicutes"	"Clostridia"	"Clostridiales"	"Lachnospiraceae"	"Lachnospiraceae FCS020 gr."	"unknown_Spp Lachnospiraceae FCS020 gr. gen."
"ASV_V1V2_01039"	"a69e418aed2034ff4928feb21239ec5a"	"V1V2"	"Bacteria"	"Firmicutes"	"Negativicutes"	"Selenomonadales"	"Acidaminococcaceae"	"Phascolarctobacterium"	"unknown_Spp Phascolarctobacterium gen."
"ASV_V1V2_01040"	"6209fd33b69ffd69301e68456e58c933"	"V1V2"	"Bacteria"	"Firmicutes"	"Clostridia"	"Clostridiales"	"Ruminococcaceae"	"Ruminococcaceae UCG-005"	"unknown_Spp Ruminococcaceae UCG-005 gen."
"ASV_V1V2_01041"	"2fa5233302c979a73e2760189feb0e9e"	"V1V2"	"Bacteria"	"Firmicutes"	"Bacilli"	"Lactobacillales"	"Carnobacteriaceae"	"Granulicatella"	"unknown_Spp Granulicatella gen."
"ASV_V1V2_01042"	"2b8e180d2568207515a0133cbddcb7c0"	"V1V2"	"Bacteria"	"Firmicutes"	"Clostridia"	"Clostridiales"	"Lachnospiraceae"	"Lachnospiraceae UCG-001"	"unknown_Spp Lachnospiraceae UCG-001 gen."
"ASV_V1V2_01043"	"74a9075c2634b8a55331c07520795bcc"	"V1V2"	"Bacteria"	"Firmicutes"	"Clostridia"	"Clostridiales"	"Christensenellaceae"	"Christensenellaceae R-7 gr."	"unknown_Spp Christensenellaceae R-7 gr. gen."
"ASV_V1V2_01044"	"2cfb2443e9863ec4b22a5919da31ed28"	"V1V2"	"Bacteria"	"Firmicutes"	"Clostridia"	"Clostridiales"	"Lachnospiraceae"	"Blautia"	"unknown_Spp Blautia gen."
"ASV_V1V2_01045"	"4b3781094811771f2928c026d0eb88dd"	"V1V2"	"Bacteria"	"Firmicutes"	"Clostridia"	"Clostridiales"	"Lachnospiraceae"	"Blautia"	"unknown_Spp Blautia gen."
"ASV_V1V2_01046"	"40f54db8ddafc1ba190f2d0c883a92bb"	"V1V2"	"Bacteria"	"Firmicutes"	"Clostridia"	"Clostridiales"	"Lachnospiraceae"	"Lachnoclostridium"	"unknown_Spp Lachnoclostridium gen."
"ASV_V1V2_01047"	"fd8635a0b9dba7bf350194dc993bfff0"	"V1V2"	"Bacteria"	"Firmicutes"	"Clostridia"	"Clostridiales"	"Ruminococcaceae"	"Ruminococcaceae UCG-002"	"unknown_Spp Ruminococcaceae UCG-002 gen."
"ASV_V1V2_01048"	"0bfe82ee4391dfadca6ff5e6c34487fc"	"V1V2"	"Bacteria"	"Firmicutes"	"Clostridia"	"Clostridiales"	"Christensenellaceae"	"Christensenellaceae R-7 gr."	"unknown_Spp Christensenellaceae R-7 gr. gen."
"ASV_V1V2_01049"	"4ae99de9ad1c2827b893b330387851f0"	"V1V2"	"Bacteria"	"Firmicutes"	"Clostridia"	"Clostridiales"	"Lachnospiraceae"	"Roseburia"	"unknown_Spp Roseburia gen."
"ASV_V1V2_01050"	"3239066d8fc0ec881f7be5c00096d764"	"V1V2"	"Bacteria"	"Firmicutes"	"Clostridia"	"Clostridiales"	"Peptococcaceae"	"unknown_Gen Peptococcaceae fam."	"unknown_Spp Peptococcaceae fam."
"ASV_V1V2_01051"	"42cbc4e220115996ddc045b455da1607"	"V1V2"	"Bacteria"	"Firmicutes"	"Clostridia"	"Clostridiales"	"Ruminococcaceae"	"Subdoligranulum"	"unknown_Spp Subdoligranulum gen."
"ASV_V1V2_01052"	"207802502094606a20753f70bacfc347"	"V1V2"	"Bacteria"	"Firmicutes"	"Clostridia"	"Clostridiales"	"Lachnospiraceae"	"Blautia"	"unknown_Spp Blautia gen."
"ASV_V1V2_01053"	"fc1d0bb203d1cd540801a79dbdb144cd"	"V1V2"	"Bacteria"	"Firmicutes"	"Clostridia"	"Clostridiales"	"Lachnospiraceae"	"Blautia"	"unknown_Spp Blautia gen."
"ASV_V1V2_01054"	"7f5cf8b51813d3e6dccea85baff93e2d"	"V1V2"	"Bacteria"	"Firmicutes"	"Clostridia"	"Clostridiales"	"Ruminococcaceae"	"unknown_Gen Ruminococcaceae fam."	"unknown_Spp Ruminococcaceae fam."
"ASV_V1V2_01055"	"625d1248129a76d61082afd128d774f2"	"V1V2"	"Bacteria"	"Firmicutes"	"Clostridia"	"Clostridiales"	"Lachnospiraceae"	"Marvinbryantia"	"Lachnospiraceae bacterium DJF VR44"
"ASV_V1V2_01056"	"82cb017af7d063201631db7aad3dda0b"	"V1V2"	"Bacteria"	"Firmicutes"	"Clostridia"	"Clostridiales"	"Ruminococcaceae"	"Ruminococcaceae UCG-014"	"unknown_Spp Ruminococcaceae UCG-014 gen."
"ASV_V1V2_01057"	"05691ceefa3c6557fbe8b9c07bb1be45"	"V1V2"	"Bacteria"	"Proteobacteria"	"Alphaproteobacteria"	"Rhodospirillales"	"unknown_Fam Rhodospirillales ord."	"unknown_Gen Rhodospirillales ord."	"unkown_Spp_Gen_Fam_0029"
"ASV_V1V2_01058"	"05eaaf3fee194b3eba0c9b362e6a548f"	"V1V2"	"Bacteria"	"Firmicutes"	"Clostridia"	"Clostridiales"	"Ruminococcaceae"	"unknown_Gen Ruminococcaceae fam."	"unknown_Spp Ruminococcaceae fam."
"ASV_V1V2_01059"	"23bab5decc3e40716c4f116e681ea2ac"	"V1V2"	"Bacteria"	"Firmicutes"	"Clostridia"	"Clostridiales"	"Ruminococcaceae"	"Ruminococcaceae UCG-014"	"unknown_Spp Ruminococcaceae UCG-014 gen."
"ASV_V1V2_01060"	"7b77f2d3e306fc9a4d79ee9c9f7c2b1a"	"V1V2"	"Bacteria"	"Tenericutes"	"Mollicutes"	"Mollicutes RF39"	"unknown_Fam Mollicutes RF39 ord."	"unknown_Gen Mollicutes RF39 ord."	"unkown_Spp_Gen_Fam_0030"
"ASV_V1V2_01061"	"42bf5cf6599a0450d164dc8e8eb4a1f1"	"V1V2"	"Bacteria"	"Firmicutes"	"Clostridia"	"Clostridiales"	"Ruminococcaceae"	"Ruminococcaceae UCG-005"	"unknown_Spp Ruminococcaceae UCG-005 gen."
"ASV_V1V2_01062"	"6554f142fd93f77b4824478499ae3987"	"V1V2"	"Bacteria"	"Firmicutes"	"Clostridia"	"Clostridiales"	"Family XIII"	"Family XIII AD3011 gr."	"unknown_Spp Family XIII AD3011 gr. gen."
"ASV_V1V2_01063"	"d12445f89aa4648c6eb622c2463cc548"	"V1V2"	"Bacteria"	"Firmicutes"	"Clostridia"	"Clostridiales"	"Family XIII"	"Family XIII AD3011 gr."	"unknown_Spp Family XIII AD3011 gr. gen."
"ASV_V1V2_01064"	"098ea6721a351fd5e8679ea5b5b2ad88"	"V1V2"	"Bacteria"	"Firmicutes"	"Clostridia"	"Clostridiales"	"Lachnospiraceae"	"Lachnospiraceae ND3007 gr."	"unknown_Spp Lachnospiraceae ND3007 gr. gen."
"ASV_V1V2_01065"	"40feddd112ac3547674deb4537a4ebee"	"V1V2"	"Bacteria"	"Firmicutes"	"Clostridia"	"Clostridiales"	"Family XIII"	"Family XIII AD3011 gr."	"unknown_Spp Family XIII AD3011 gr. gen."
"ASV_V1V2_01066"	"998bc829c3c26a57d43d8408b57f0fd8"	"V1V2"	"Bacteria"	"Firmicutes"	"Clostridia"	"Clostridiales"	"Christensenellaceae"	"Christensenellaceae R-7 gr."	"unknown_Spp Christensenellaceae R-7 gr. gen."
"ASV_V1V2_01067"	"beb199e41bbcb66fc8bca4358cb4f890"	"V1V2"	"Bacteria"	"Firmicutes"	"Clostridia"	"Clostridiales"	"Lachnospiraceae"	"unknown_Gen Lachnospiraceae fam."	"unknown_Spp Lachnospiraceae fam."
"ASV_V1V2_01068"	"920aa32e45f3742169ff5574e1933c5d"	"V1V2"	"Bacteria"	"Bacteroidetes"	"Bacteroidia"	"Bacteroidales"	"Marinifilaceae"	"Odoribacter"	"unknown_Spp Odoribacter gen."
"ASV_V1V2_01069"	"074e16dfb862fd3c3653b3dcbc58afca"	"V1V2"	"Bacteria"	"Firmicutes"	"Clostridia"	"Clostridiales"	"Ruminococcaceae"	"unknown_Gen Ruminococcaceae fam."	"unknown_Spp Ruminococcaceae fam."
"ASV_V1V2_01070"	"6b059143161317ea7d3b3b615dde9298"	"V1V2"	"Bacteria"	"Firmicutes"	"Clostridia"	"Clostridiales"	"Ruminococcaceae"	"Ruminococcaceae UCG-004"	"unknown_Spp Ruminococcaceae UCG-004 gen."
"ASV_V1V2_01071"	"7bbaee96e6d9e1500ba93a63ca7ef95e"	"V1V2"	"Bacteria"	"Firmicutes"	"Clostridia"	"Clostridiales"	"Ruminococcaceae"	"Ruminococcaceae UCG-005"	"unknown_Spp Ruminococcaceae UCG-005 gen."
"ASV_V1V2_01072"	"34e2ee8f3054c50ab78e6008c2da0798"	"V1V2"	"Bacteria"	"Proteobacteria"	"Gammaproteobacteria"	"Enterobacteriales"	"Enterobacteriaceae"	"Escherichia-Shigella"	"unknown_Spp Escherichia-Shigella gen."
"ASV_V1V2_01073"	"53382485769ce0b0d9f8dc5592869d33"	"V1V2"	"Bacteria"	"Firmicutes"	"Clostridia"	"Clostridiales"	"Lachnospiraceae"	"Lachnospiraceae FCS020 gr."	"unknown_Spp Lachnospiraceae FCS020 gr. gen."
"ASV_V1V2_01074"	"04a1e69a16ace89d2c846fd5aca29442"	"V1V2"	"Bacteria"	"Firmicutes"	"Clostridia"	"Clostridiales"	"Lachnospiraceae"	"Ruminococcus torques gr."	"Ruminococcus lactaris CC59 002D"
"ASV_V1V2_01075"	"bbca2208eb6bb2772fbc4798060003e4"	"V1V2"	"Bacteria"	"Firmicutes"	"Clostridia"	"Clostridiales"	"Ruminococcaceae"	"Subdoligranulum"	"unknown_Spp Subdoligranulum gen."
"ASV_V1V2_01076"	"c327872b702fa3d210749fd8f4c51c03"	"V1V2"	"Bacteria"	"Firmicutes"	"Clostridia"	"Clostridiales"	"Lachnospiraceae"	"Lachnospiraceae NK4A136 gr."	"unknown_Spp Lachnospiraceae NK4A136 gr. gen."
"ASV_V1V2_01077"	"e5ed85866bcbc7f26a6707cde5eaf35d"	"V1V2"	"Bacteria"	"Firmicutes"	"Clostridia"	"Clostridiales"	"Lachnospiraceae"	"Ruminococcus torques gr."	"unknown_Spp Ruminococcus torques gr. gen."
"ASV_V1V2_01078"	"e14ff2ca26cc31175b9ba59c29e8b815"	"V1V2"	"Bacteria"	"Firmicutes"	"Clostridia"	"Clostridiales"	"Lachnospiraceae"	"Blautia"	"unknown_Spp Blautia gen."
"ASV_V1V2_01079"	"fa960cabc27619347aa546812ba65e4e"	"V1V2"	"Bacteria"	"Firmicutes"	"Clostridia"	"Clostridiales"	"Lachnospiraceae"	"unknown_Gen Lachnospiraceae fam."	"unknown_Spp Lachnospiraceae fam."
"ASV_V1V2_01080"	"bba5c9157776ed017c9512967cc1f1de"	"V1V2"	"Bacteria"	"Firmicutes"	"Clostridia"	"MBA03"	"unknown_Fam MBA03 ord."	"unknown_Gen MBA03 ord."	"unkown_Spp_Gen_Fam_0031"
"ASV_V1V2_01081"	"2ef874cd56b46704644de60f95a00c9b"	"V1V2"	"Bacteria"	"Firmicutes"	"Clostridia"	"Clostridiales"	"Lachnospiraceae"	"Lachnospiraceae NK4A136 gr."	"unknown_Spp Lachnospiraceae NK4A136 gr. gen."
"ASV_V1V2_01082"	"58383a6e881437ce501bf0451aa9147d"	"V1V2"	"Bacteria"	"Firmicutes"	"Clostridia"	"Clostridiales"	"Ruminococcaceae"	"Faecalibacterium"	"unknown_Spp Faecalibacterium gen."
"ASV_V1V2_01083"	"308c5b5f44c6edee073dbc6b7107de04"	"V1V2"	"Bacteria"	"Firmicutes"	"Clostridia"	"Clostridiales"	"Lachnospiraceae"	"unknown_Gen Lachnospiraceae fam."	"unknown_Spp Lachnospiraceae fam."
"ASV_V1V2_01084"	"3ed5e108d831244d25a5e64e968b8535"	"V1V2"	"Bacteria"	"Firmicutes"	"Clostridia"	"Clostridiales"	"Lachnospiraceae"	"unknown_Gen Lachnospiraceae fam."	"unknown_Spp Lachnospiraceae fam."
"ASV_V1V2_01085"	"c6f30b9100cad6d752d7ea11730d2ad2"	"V1V2"	"Bacteria"	"Tenericutes"	"Mollicutes"	"Mollicutes RF39"	"unknown_Fam Mollicutes RF39 ord."	"unknown_Gen Mollicutes RF39 ord."	"unkown_Spp_Gen_Fam_0032"
"ASV_V1V2_01086"	"7dfddb1a5c5d452e6cf8bdbd4ea37b02"	"V1V2"	"Bacteria"	"Bacteroidetes"	"Bacteroidia"	"Bacteroidales"	"Bacteroidaceae"	"Bacteroides"	"Bacteroides plebeius"
"ASV_V1V2_01087"	"9bee2e970a50d0b26f66c9c5a11d2340"	"V1V2"	"Bacteria"	"Firmicutes"	"Clostridia"	"Clostridiales"	"Lachnospiraceae"	"Lachnospira"	"unknown_Spp Lachnospira gen."
"ASV_V1V2_01088"	"b4a5bdb367ccc8f6320d7a9d85d2d22f"	"V1V2"	"Bacteria"	"Firmicutes"	"Clostridia"	"Clostridiales"	"Ruminococcaceae"	"Ruminococcaceae UCG-010"	"unknown_Spp Ruminococcaceae UCG-010 gen."
"ASV_V1V2_01089"	"85b815b46bcddfbe9342baf37d4b5e50"	"V1V2"	"Bacteria"	"Firmicutes"	"Clostridia"	"Clostridiales"	"Lachnospiraceae"	"Lachnospiraceae FCS020 gr."	"unknown_Spp Lachnospiraceae FCS020 gr. gen."
"ASV_V1V2_01090"	"0d3821068683c9b3fa35f09dec49bd0e"	"V1V2"	"Bacteria"	"Firmicutes"	"Clostridia"	"Clostridiales"	"Lachnospiraceae"	"Lachnospiraceae UCG-010"	"unknown_Spp Lachnospiraceae UCG-010 gen."
"ASV_V1V2_01091"	"b55fa9252bb271b0daa56baec04eb3c7"	"V1V2"	"Bacteria"	"Firmicutes"	"Clostridia"	"Clostridiales"	"Christensenellaceae"	"Christensenellaceae R-7 gr."	"unknown_Spp Christensenellaceae R-7 gr. gen."
"ASV_V1V2_01092"	"6abf120c3f2f6085e5c8f0fb414233a1"	"V1V2"	"Bacteria"	"Firmicutes"	"Clostridia"	"Clostridiales"	"Lachnospiraceae"	"Blautia"	"unknown_Spp Blautia gen."
"ASV_V1V2_01093"	"f0cf982fdb8889be57ac34dadadd5a54"	"V1V2"	"Bacteria"	"Firmicutes"	"Clostridia"	"Clostridiales"	"Lachnospiraceae"	"Coprococcus 3"	"unknown_Spp Coprococcus 3 gen."
"ASV_V1V2_01094"	"575cc00cd9d54a63baa724d4bde3f30f"	"V1V2"	"Bacteria"	"Firmicutes"	"Clostridia"	"Clostridiales"	"Ruminococcaceae"	"Ruminococcaceae UCG-002"	"unknown_Spp Ruminococcaceae UCG-002 gen."
"ASV_V1V2_01095"	"cd71731d9f722258e2ba22137406a17a"	"V1V2"	"Bacteria"	"Firmicutes"	"Clostridia"	"Clostridiales"	"Christensenellaceae"	"Christensenellaceae R-7 gr."	"unknown_Spp Christensenellaceae R-7 gr. gen."
"ASV_V1V2_01096"	"90fcb4078e009dd50f4e133a6d4bda86"	"V1V2"	"Bacteria"	"Firmicutes"	"Clostridia"	"Clostridiales"	"Lachnospiraceae"	"Blautia"	"unknown_Spp Blautia gen."
"ASV_V1V2_01097"	"b898da033c10b1e72617822263a5f9a3"	"V1V2"	"Bacteria"	"Firmicutes"	"Clostridia"	"Clostridiales"	"Ruminococcaceae"	"unknown_Gen Ruminococcaceae fam."	"unknown_Spp Ruminococcaceae fam."
"ASV_V1V2_01098"	"d0f84155311207dc7e5864aed86f3a13"	"V1V2"	"Bacteria"	"Firmicutes"	"Clostridia"	"Clostridiales"	"Christensenellaceae"	"unknown_Gen Christensenellaceae fam."	"unknown_Spp Christensenellaceae fam."
"ASV_V1V2_01099"	"81ffac9ac69dbcba72abfc4f525603fc"	"V1V2"	"Bacteria"	"Firmicutes"	"Clostridia"	"Clostridiales"	"Lachnospiraceae"	"Lachnospiraceae UCG-001"	"unknown_Spp Lachnospiraceae UCG-001 gen."
"ASV_V1V2_01100"	"02f00174fd61d47661aa19302cd1df09"	"V1V2"	"Bacteria"	"Firmicutes"	"Clostridia"	"Clostridiales"	"Ruminococcaceae"	"Ruminococcaceae UCG-010"	"unknown_Spp Ruminococcaceae UCG-010 gen."
"ASV_V1V2_01101"	"8619c1baf22f934ded0197c14c91c904"	"V1V2"	"Bacteria"	"Firmicutes"	"Clostridia"	"Clostridiales"	"Ruminococcaceae"	"Ruminococcaceae UCG-003"	"unknown_Spp Ruminococcaceae UCG-003 gen."
"ASV_V1V2_01102"	"ce342a8a33ce4bafa2b0cf4f45299a8d"	"V1V2"	"Bacteria"	"Firmicutes"	"Clostridia"	"Clostridiales"	"Defluviitaleaceae"	"Defluviitaleaceae UCG-011"	"unknown_Spp Defluviitaleaceae UCG-011 gen."
"ASV_V1V2_01103"	"8ea0e709db6406ff3b4521eee9c43c74"	"V1V2"	"Bacteria"	"Firmicutes"	"Clostridia"	"Clostridiales"	"Lachnospiraceae"	"Lachnospiraceae UCG-001"	"unknown_Spp Lachnospiraceae UCG-001 gen."
"ASV_V1V2_01104"	"efc29db64fdb7cca49dc6a3e80e0f2f7"	"V1V2"	"Bacteria"	"Proteobacteria"	"Gammaproteobacteria"	"Betaproteobacteriales"	"Burkholderiaceae"	"Parasutterella"	"unknown_Spp Parasutterella gen."
"ASV_V1V2_01105"	"39698afed89264e360c1cdcb9de94b4c"	"V1V2"	"Bacteria"	"Firmicutes"	"Clostridia"	"Clostridiales"	"Lachnospiraceae"	"Marvinbryantia"	"Lachnospiraceae bacterium DJF VR44"
"ASV_V1V2_01106"	"7c216536772a6ccaf3ce05d20491e7c8"	"V1V2"	"Bacteria"	"Firmicutes"	"Clostridia"	"Clostridiales"	"Lachnospiraceae"	"Marvinbryantia"	"unknown_Spp Marvinbryantia gen."
"ASV_V1V2_01107"	"a0b49e59062908aec93b566ec43932f1"	"V1V2"	"Bacteria"	"Firmicutes"	"Clostridia"	"Clostridiales"	"Lachnospiraceae"	"Marvinbryantia"	"unknown_Spp Marvinbryantia gen."
"ASV_V1V2_01108"	"2584a66d4d9c4a9e85bbb7fb4c3fbb3d"	"V1V2"	"Bacteria"	"Firmicutes"	"Clostridia"	"Clostridiales"	"Lachnospiraceae"	"Lachnospiraceae FCS020 gr."	"unknown_Spp Lachnospiraceae FCS020 gr. gen."
"ASV_V1V2_01109"	"7ef165b5abc482fba98059efbb69dacd"	"V1V2"	"Bacteria"	"Bacteroidetes"	"Bacteroidia"	"Bacteroidales"	"Tannerellaceae"	"Parabacteroides"	"unknown_Spp Parabacteroides gen."
"ASV_V1V2_01110"	"9c0b4d6066405a006a9952ec9cb24c91"	"V1V2"	"Bacteria"	"Firmicutes"	"Erysipelotrichia"	"Erysipelotrichales"	"Erysipelotrichaceae"	"unknown_Gen Erysipelotrichaceae fam."	"unknown_Spp Erysipelotrichaceae fam."
"ASV_V1V2_01111"	"b041b41454dc094030d224e2f9e14066"	"V1V2"	"Bacteria"	"Firmicutes"	"Clostridia"	"Clostridiales"	"Ruminococcaceae"	"Ruminococcaceae UCG-010"	"unknown_Spp Ruminococcaceae UCG-010 gen."
"ASV_V1V2_01112"	"f21484bc40851ac5c64560b12248b646"	"V1V2"	"Bacteria"	"Firmicutes"	"Clostridia"	"Clostridiales"	"Ruminococcaceae"	"Ruminococcaceae UCG-010"	"unknown_Spp Ruminococcaceae UCG-010 gen."
"ASV_V1V2_01113"	"64f7e625aa8d47fa5f3583f60011eb31"	"V1V2"	"Bacteria"	"Firmicutes"	"Clostridia"	"Clostridiales"	"Lachnospiraceae"	"unknown_Gen Lachnospiraceae fam."	"unknown_Spp Lachnospiraceae fam."
"ASV_V1V2_01114"	"dd9b8dfb9c53f590c6dd86fd14166477"	"V1V2"	"Bacteria"	"Bacteroidetes"	"Bacteroidia"	"Bacteroidales"	"Bacteroidaceae"	"Bacteroides"	"unknown_Spp Bacteroides gen."
"ASV_V1V2_01115"	"cc667d8e31345c0af1923dc005cffbeb"	"V1V2"	"Bacteria"	"Firmicutes"	"Clostridia"	"Clostridiales"	"Lachnospiraceae"	"Agathobacter"	"Eubacterium ramulus"
"ASV_V1V2_01116"	"9033f3c3db1b50940c8535910e0430ed"	"V1V2"	"Bacteria"	"Firmicutes"	"Clostridia"	"Clostridiales"	"Lachnospiraceae"	"unknown_Gen Lachnospiraceae fam."	"unknown_Spp Lachnospiraceae fam."
"ASV_V1V2_01117"	"f14ff7b5ac5d360094813dd3156c9613"	"V1V2"	"Bacteria"	"Firmicutes"	"Clostridia"	"Clostridiales"	"Lachnospiraceae"	"unknown_Gen Lachnospiraceae fam."	"unknown_Spp Lachnospiraceae fam."
"ASV_V1V2_01118"	"c86d242ca842164a1f3c1ee5e671ea2e"	"V1V2"	"Bacteria"	"Firmicutes"	"Clostridia"	"Clostridiales"	"Family XIII"	"Family XIII AD3011 gr."	"unknown_Spp Family XIII AD3011 gr. gen."
"ASV_V1V2_01119"	"fc63788e7303f5dcbd41bc936401dcd8"	"V1V2"	"Bacteria"	"Firmicutes"	"Clostridia"	"Clostridiales"	"Lachnospiraceae"	"Blautia"	"unknown_Spp Blautia gen."
"ASV_V1V2_01120"	"a4fc4dbed51bef8cc4a84067546d8617"	"V1V2"	"Bacteria"	"Firmicutes"	"Clostridia"	"Clostridiales"	"Ruminococcaceae"	"Faecalibacterium"	"unknown_Spp Faecalibacterium gen."
"ASV_V1V2_01121"	"2e0e6fb4efe541dfaceff2bae9095a9e"	"V1V2"	"Bacteria"	"Actinobacteria"	"Coriobacteriia"	"Coriobacteriales"	"Eggerthellaceae"	"unknown_Gen Eggerthellaceae fam."	"unknown_Spp Eggerthellaceae fam."
"ASV_V1V2_01122"	"6320d42ef5eef216e5ddd3a10fcb5c10"	"V1V2"	"Bacteria"	"Firmicutes"	"Clostridia"	"MBA03"	"unknown_Fam MBA03 ord."	"unknown_Gen MBA03 ord."	"unkown_Spp_Gen_Fam_0033"
"ASV_V1V2_01123"	"b7c353e76baf046cfe1153291640336d"	"V1V2"	"Bacteria"	"Firmicutes"	"Clostridia"	"Clostridiales"	"Ruminococcaceae"	"Eubacterium coprostanoligenes gr."	"unknown_Spp Eubacterium coprostanoligenes gr. gen."
"ASV_V1V2_01124"	"98ab3d913952c12375cd56f24e1a9189"	"V1V2"	"Bacteria"	"Firmicutes"	"Clostridia"	"Clostridiales"	"Lachnospiraceae"	"Marvinbryantia"	"unknown_Spp Marvinbryantia gen."
"ASV_V1V2_01125"	"4be9ac1c1ad71acfefb98bdb6c066862"	"V1V2"	"Bacteria"	"Firmicutes"	"Clostridia"	"Clostridiales"	"Ruminococcaceae"	"unknown_Gen Ruminococcaceae fam."	"unknown_Spp Ruminococcaceae fam."
"ASV_V1V2_01126"	"9fd7dbb2b4dd5abc222853e83ccdeb27"	"V1V2"	"Bacteria"	"Firmicutes"	"Clostridia"	"Clostridiales"	"Lachnospiraceae"	"Roseburia"	"unknown_Spp Roseburia gen."
"ASV_V1V2_01127"	"5e465d972fce5e8ae9a8953f232ce99e"	"V1V2"	"Bacteria"	"Firmicutes"	"Clostridia"	"Clostridiales"	"Ruminococcaceae"	"Eubacterium coprostanoligenes gr."	"unknown_Spp Eubacterium coprostanoligenes gr. gen."
"ASV_V1V2_01128"	"48e74d54e972bdea0e4db5cd15753bd6"	"V1V2"	"Bacteria"	"Firmicutes"	"Clostridia"	"Clostridiales"	"Ruminococcaceae"	"Faecalibacterium"	"unknown_Spp Faecalibacterium gen."
"ASV_V1V2_01129"	"3e20e52bb7ddc32a35722a3d596cb7dd"	"V1V2"	"Bacteria"	"Firmicutes"	"Clostridia"	"Clostridiales"	"Lachnospiraceae"	"unknown_Gen Lachnospiraceae fam."	"unknown_Spp Lachnospiraceae fam."
"ASV_V1V2_01130"	"ceab1df3acd12b6a8d8cb64a4e88e0ee"	"V1V2"	"Bacteria"	"Firmicutes"	"Clostridia"	"MBA03"	"unknown_Fam MBA03 ord."	"unknown_Gen MBA03 ord."	"unkown_Spp_Gen_Fam_0034"
"ASV_V1V2_01131"	"b56f6492cb54a6b06862855051b1155b"	"V1V2"	"Bacteria"	"Firmicutes"	"Clostridia"	"Clostridiales"	"Ruminococcaceae"	"Ruminococcaceae UCG-014"	"unknown_Spp Ruminococcaceae UCG-014 gen."
"ASV_V1V2_01132"	"83167cf17a75a9e2be22de2e5c0a3fc4"	"V1V2"	"Bacteria"	"Firmicutes"	"Clostridia"	"MBA03"	"unknown_Fam MBA03 ord."	"unknown_Gen MBA03 ord."	"unkown_Spp_Gen_Fam_0035"
"ASV_V1V2_01133"	"7c4dbb7a2af9ee185d7e04fd1c734954"	"V1V2"	"Bacteria"	"Firmicutes"	"Clostridia"	"Clostridiales"	"Lachnospiraceae"	"unknown_Gen Lachnospiraceae fam."	"bacterium enrichment culture clone LA92"
"ASV_V1V2_01134"	"8ddead4c6fa87e36eceb13bef3c59db7"	"V1V2"	"Bacteria"	"Firmicutes"	"Clostridia"	"Clostridiales"	"Christensenellaceae"	"Christensenellaceae R-7 gr."	"unknown_Spp Christensenellaceae R-7 gr. gen."
"ASV_V1V2_01135"	"f5b3989c08bfb7d31ec28c9695cf33aa"	"V1V2"	"Bacteria"	"Firmicutes"	"Clostridia"	"Clostridiales"	"Ruminococcaceae"	"unknown_Gen Ruminococcaceae fam."	"unknown_Spp Ruminococcaceae fam."
"ASV_V1V2_01136"	"a845ca65a6cbcd1441367ca991737c94"	"V1V2"	"Bacteria"	"Firmicutes"	"Clostridia"	"MBA03"	"unknown_Fam MBA03 ord."	"unknown_Gen MBA03 ord."	"unkown_Spp_Gen_Fam_0036"
"ASV_V1V2_01137"	"d4bd142a542916a465640ca9585c8331"	"V1V2"	"Bacteria"	"Firmicutes"	"Erysipelotrichia"	"Erysipelotrichales"	"Erysipelotrichaceae"	"Asteroleplasma"	"unknown_Spp Asteroleplasma gen."
"ASV_V1V2_01138"	"69a01c9efc7c9af4caf02c49cf8e9a9b"	"V1V2"	"Bacteria"	"Firmicutes"	"Clostridia"	"Clostridiales"	"Ruminococcaceae"	"Faecalibacterium"	"unknown_Spp Faecalibacterium gen."
"ASV_V1V2_01139"	"47b81eac6c761aa1c2c67587f8f3244e"	"V1V2"	"Bacteria"	"Firmicutes"	"Clostridia"	"Clostridiales"	"Lachnospiraceae"	"Blautia"	"unknown_Spp Blautia gen."
"ASV_V1V2_01140"	"34d2294bb5f7aab36c80745a183617fa"	"V1V2"	"Bacteria"	"Firmicutes"	"Clostridia"	"Clostridiales"	"Lachnospiraceae"	"Blautia"	"unknown_Spp Blautia gen."
"ASV_V1V2_01141"	"d659277cbdd92a4ec9847d126b2d29b1"	"V1V2"	"Bacteria"	"Firmicutes"	"Clostridia"	"Clostridiales"	"Christensenellaceae"	"Christensenellaceae R-7 gr."	"unknown_Spp Christensenellaceae R-7 gr. gen."
"ASV_V1V2_01142"	"290e56df92ec3b52ff7f14b2abe30a01"	"V1V2"	"Bacteria"	"Firmicutes"	"Clostridia"	"Clostridiales"	"Family XIII"	"Family XIII AD3011 gr."	"unknown_Spp Family XIII AD3011 gr. gen."
"ASV_V1V2_01143"	"316ed82466a019dc1300e9741348f4af"	"V1V2"	"Bacteria"	"Firmicutes"	"Clostridia"	"Clostridiales"	"Family XIII"	"Family XIII AD3011 gr."	"unknown_Spp Family XIII AD3011 gr. gen."
"ASV_V1V2_01144"	"e6bd1109ff96c7205aa2ed041d30d424"	"V1V2"	"Bacteria"	"Bacteroidetes"	"Bacteroidia"	"Bacteroidales"	"Bacteroidaceae"	"Bacteroides"	"Bacteroides ovatus V975"
"ASV_V1V2_01145"	"c4b19ba0c2bd2789762b050b117329e5"	"V1V2"	"Bacteria"	"Firmicutes"	"Clostridia"	"Clostridiales"	"Lachnospiraceae"	"Lachnospiraceae NK4A136 gr."	"unknown_Spp Lachnospiraceae NK4A136 gr. gen."
"ASV_V1V2_01146"	"939b13f0bc3abf29f2bc1ef7e0ad8969"	"V1V2"	"Bacteria"	"Firmicutes"	"Clostridia"	"Clostridiales"	"Lachnospiraceae"	"Lachnospiraceae NK4A136 gr."	"unknown_Spp Lachnospiraceae NK4A136 gr. gen."
"ASV_V1V2_01147"	"ff6fa632b3172ab0494b2090b0e387b3"	"V1V2"	"Bacteria"	"Firmicutes"	"Clostridia"	"Clostridiales"	"Lachnospiraceae"	"Blautia"	"unknown_Spp Blautia gen."
"ASV_V1V2_01148"	"814b59f0c13f234d03713c0aae463340"	"V1V2"	"Bacteria"	"Firmicutes"	"Clostridia"	"Clostridiales"	"Lachnospiraceae"	"Blautia"	"Ruminococcus sp. Marseille-P328"
"ASV_V1V2_01149"	"34561c4fc90b3491db438a1ed873c8f7"	"V1V2"	"Bacteria"	"Firmicutes"	"Clostridia"	"Clostridiales"	"Lachnospiraceae"	"Lachnospiraceae UCG-010"	"unknown_Spp Lachnospiraceae UCG-010 gen."
"ASV_V1V2_01150"	"8b7d3a841dca46291d26fdc8a19e96ea"	"V1V2"	"Bacteria"	"Proteobacteria"	"Alphaproteobacteria"	"Rhodospirillales"	"unknown_Fam Rhodospirillales ord."	"unknown_Gen Rhodospirillales ord."	"unkown_Spp_Gen_Fam_0037"
"ASV_V1V2_01151"	"d563082841a600d161569b718e519d06"	"V1V2"	"Bacteria"	"Firmicutes"	"Clostridia"	"Clostridiales"	"Christensenellaceae"	"Christensenellaceae R-7 gr."	"unknown_Spp Christensenellaceae R-7 gr. gen."
"ASV_V1V2_01152"	"95f2e11400c28d3195d496066ab3e1a9"	"V1V2"	"Bacteria"	"Firmicutes"	"Clostridia"	"Clostridiales"	"Clostridiales vadinBB60 gr."	"unknown_Gen Clostridiales vadinBB60 gr. fam."	"unknown_Spp Clostridiales vadinBB60 gr. fam."
"ASV_V1V2_01153"	"d0665e07d4496f7906cf51ea00e5251f"	"V1V2"	"Bacteria"	"Firmicutes"	"Erysipelotrichia"	"Erysipelotrichales"	"Erysipelotrichaceae"	"Merdibacter"	"unknown_Spp Merdibacter gen."
"ASV_V1V2_01154"	"0e99be62a43f44950615b8caf32420b7"	"V1V2"	"Bacteria"	"Firmicutes"	"Clostridia"	"Clostridiales"	"Ruminococcaceae"	"Ruminococcaceae UCG-010"	"unknown_Spp Ruminococcaceae UCG-010 gen."
"ASV_V1V2_01155"	"e3688a8446bab8fcfebaf2ad28a29e36"	"V1V2"	"Bacteria"	"Firmicutes"	"Clostridia"	"MBA03"	"unknown_Fam MBA03 ord."	"unknown_Gen MBA03 ord."	"unkown_Spp_Gen_Fam_0038"
"ASV_V1V2_01156"	"a0ae74ce41eaf395fbc88b78984be4cd"	"V1V2"	"Bacteria"	"Firmicutes"	"Clostridia"	"Clostridiales"	"Ruminococcaceae"	"Eubacterium coprostanoligenes gr."	"unknown_Spp Eubacterium coprostanoligenes gr. gen."
"ASV_V1V2_01157"	"20451fbbe0566512fc44f3f2daa159f9"	"V1V2"	"Bacteria"	"Tenericutes"	"Mollicutes"	"Mollicutes RF39"	"unknown_Fam Mollicutes RF39 ord."	"unknown_Gen Mollicutes RF39 ord."	"unkown_Spp_Gen_Fam_0039"
"ASV_V1V2_01158"	"48f2763c46dd4cd36acc585362da5623"	"V1V2"	"Bacteria"	"Firmicutes"	"Clostridia"	"Clostridiales"	"Christensenellaceae"	"Christensenellaceae R-7 gr."	"unknown_Spp Christensenellaceae R-7 gr. gen."
"ASV_V1V2_01159"	"6b3b62bef55273085163516f02fcbb8a"	"V1V2"	"Bacteria"	"Firmicutes"	"Clostridia"	"Clostridiales"	"Ruminococcaceae"	"Ruminococcaceae UCG-010"	"unknown_Spp Ruminococcaceae UCG-010 gen."
"ASV_V1V2_01160"	"c7352f561fd12d7eabede042f7fe976a"	"V1V2"	"Bacteria"	"Bacteroidetes"	"Bacteroidia"	"Bacteroidales"	"Bacteroidaceae"	"Bacteroides"	"Bacteroides thetaiotaomicron"
"ASV_V1V2_01161"	"f5683feb272de4cb54c3ec5d9bb2eb06"	"V1V2"	"Bacteria"	"Firmicutes"	"Clostridia"	"Clostridiales"	"Christensenellaceae"	"Christensenellaceae R-7 gr."	"unknown_Spp Christensenellaceae R-7 gr. gen."
"ASV_V1V2_01162"	"d9ff7a368167fb8b0b9ed16a9a22abb4"	"V1V2"	"Bacteria"	"Firmicutes"	"Clostridia"	"Clostridiales"	"Ruminococcaceae"	"Ruminococcaceae UCG-013"	"unknown_Spp Ruminococcaceae UCG-013 gen."
"ASV_V1V2_01163"	"37b74e84972d4ebf453f3a71e72c31cb"	"V1V2"	"Bacteria"	"Firmicutes"	"Clostridia"	"MBA03"	"unknown_Fam MBA03 ord."	"unknown_Gen MBA03 ord."	"unkown_Spp_Gen_Fam_0040"
"ASV_V1V2_01164"	"f2a98133231400f555908a5e2c14e766"	"V1V2"	"Bacteria"	"Firmicutes"	"Clostridia"	"Clostridiales"	"Lachnospiraceae"	"Marvinbryantia"	"unknown_Spp Marvinbryantia gen."
"ASV_V1V2_01165"	"6f1faf251cf2a7d37fa25423608052b1"	"V1V2"	"Bacteria"	"Firmicutes"	"Clostridia"	"Clostridiales"	"Lachnospiraceae"	"Blautia"	"unknown_Spp Blautia gen."
"ASV_V1V2_01166"	"4367b6ad362d9912633b2cd179cce097"	"V1V2"	"Bacteria"	"Firmicutes"	"Clostridia"	"Clostridiales"	"Ruminococcaceae"	"Ruminococcaceae UCG-013"	"unknown_Spp Ruminococcaceae UCG-013 gen."
"ASV_V1V2_01167"	"1007fe8d03ed407e39e2dc2be16ceb45"	"V1V2"	"Bacteria"	"Firmicutes"	"Clostridia"	"Clostridiales"	"Lachnospiraceae"	"Blautia"	"unknown_Spp Blautia gen."
"ASV_V1V2_01168"	"5e0c17829b84f30acc08752fd50849ae"	"V1V2"	"Bacteria"	"Firmicutes"	"Clostridia"	"MBA03"	"unknown_Fam MBA03 ord."	"unknown_Gen MBA03 ord."	"unkown_Spp_Gen_Fam_0041"
"ASV_V1V2_01169"	"1721873fbbbc08e57e264c5014b1375a"	"V1V2"	"Bacteria"	"Firmicutes"	"Clostridia"	"MBA03"	"unknown_Fam MBA03 ord."	"unknown_Gen MBA03 ord."	"unkown_Spp_Gen_Fam_0042"
"ASV_V1V2_01170"	"1c472dcbaa853da9df43c7712a767640"	"V1V2"	"Bacteria"	"Firmicutes"	"Clostridia"	"MBA03"	"unknown_Fam MBA03 ord."	"unknown_Gen MBA03 ord."	"unkown_Spp_Gen_Fam_0043"
"ASV_V1V2_01171"	"7f2a15a178dddcca78af8d296734cd57"	"V1V2"	"Bacteria"	"Firmicutes"	"Clostridia"	"Clostridiales"	"Christensenellaceae"	"Christensenellaceae R-7 gr."	"unknown_Spp Christensenellaceae R-7 gr. gen."
"ASV_V1V2_01172"	"9427b0c030253705415ecf1c780efb0f"	"V1V2"	"Bacteria"	"Firmicutes"	"Clostridia"	"Clostridiales"	"Lachnospiraceae"	"Blautia"	"unknown_Spp Blautia gen."
"ASV_V1V2_01173"	"a7ec84ef7173ab985af4d3921eef6fa2"	"V1V2"	"Bacteria"	"Firmicutes"	"Clostridia"	"Clostridiales"	"Lachnospiraceae"	"unknown_Gen Lachnospiraceae fam."	"unknown_Spp Lachnospiraceae fam."
"ASV_V1V2_01174"	"77724ade472a8e3af2e7c617e18018b3"	"V1V2"	"Bacteria"	"Firmicutes"	"Clostridia"	"Clostridiales"	"Ruminococcaceae"	"Subdoligranulum"	"unknown_Spp Subdoligranulum gen."
"ASV_V1V2_01175"	"13b5e9490c6a81d52143b603f2775d76"	"V1V2"	"Bacteria"	"Tenericutes"	"Mollicutes"	"Mollicutes RF39"	"unknown_Fam Mollicutes RF39 ord."	"unknown_Gen Mollicutes RF39 ord."	"unkown_Spp_Gen_Fam_0044"
"ASV_V1V2_01176"	"3a38400fac08cc74976c90ede2ec9d0f"	"V1V2"	"Bacteria"	"Firmicutes"	"Clostridia"	"Clostridiales"	"unknown_Fam Clostridiales ord."	"unknown_Gen Clostridiales ord."	"unkown_Spp_Gen_Fam_0045"
"ASV_V1V2_01177"	"16bc950b036da80809eae038ff9c153d"	"V1V2"	"Bacteria"	"Firmicutes"	"Clostridia"	"Clostridiales"	"Lachnospiraceae"	"Blautia"	"unknown_Spp Blautia gen."
"ASV_V1V2_01178"	"505126773c007c4932665154ef2c6a1b"	"V1V2"	"Bacteria"	"Firmicutes"	"Clostridia"	"Clostridiales"	"Christensenellaceae"	"Christensenellaceae R-7 gr."	"unknown_Spp Christensenellaceae R-7 gr. gen."
"ASV_V1V2_01179"	"a49cbc5cfae385e56d465d16dd583005"	"V1V2"	"Bacteria"	"Bacteroidetes"	"Bacteroidia"	"Bacteroidales"	"Bacteroidaceae"	"Bacteroides"	"unknown_Spp Bacteroides gen."
"ASV_V1V2_01180"	"1d7e54f73f89991d9fe3dca73c37dffe"	"V1V2"	"Bacteria"	"Firmicutes"	"Clostridia"	"Clostridiales"	"Ruminococcaceae"	"Ruminococcaceae UCG-014"	"unknown_Spp Ruminococcaceae UCG-014 gen."
"ASV_V1V2_01181"	"4598dbe9ec9b1fe8162a6cd48e04029d"	"V1V2"	"Bacteria"	"Firmicutes"	"Clostridia"	"Clostridiales"	"Lachnospiraceae"	"Lachnospiraceae FCS020 gr."	"unknown_Spp Lachnospiraceae FCS020 gr. gen."
"ASV_V1V2_01182"	"452f99a27d9945ecb9294d71257d3186"	"V1V2"	"Bacteria"	"Tenericutes"	"Mollicutes"	"Mollicutes RF39"	"unknown_Fam Mollicutes RF39 ord."	"unknown_Gen Mollicutes RF39 ord."	"unkown_Spp_Gen_Fam_0046"
"ASV_V1V2_01183"	"f38a1c849df020b8c747846416d50dfc"	"V1V2"	"Bacteria"	"Firmicutes"	"Clostridia"	"Clostridiales"	"Ruminococcaceae"	"Ruminococcaceae UCG-010"	"unknown_Spp Ruminococcaceae UCG-010 gen."
"ASV_V1V2_01184"	"78f0ea060262a7b84e647d43596831b0"	"V1V2"	"Bacteria"	"Firmicutes"	"Clostridia"	"Clostridiales"	"Defluviitaleaceae"	"Defluviitaleaceae UCG-011"	"unknown_Spp Defluviitaleaceae UCG-011 gen."
"ASV_V1V2_01185"	"18f5ecfb4e481873b886a49897b1ea26"	"V1V2"	"Bacteria"	"Firmicutes"	"Clostridia"	"Clostridiales"	"Lachnospiraceae"	"Tyzzerella"	"unknown_Spp Tyzzerella gen."
"ASV_V1V2_01186"	"c29dce3796d54c4801f4c33e70414d74"	"V1V2"	"Bacteria"	"Firmicutes"	"Clostridia"	"Clostridiales"	"Ruminococcaceae"	"Ruminococcaceae UCG-014"	"unknown_Spp Ruminococcaceae UCG-014 gen."
"ASV_V1V2_01187"	"a77a284fb61ead3e833aadceb10ddc6e"	"V1V2"	"Bacteria"	"Firmicutes"	"Clostridia"	"Clostridiales"	"Christensenellaceae"	"unknown_Gen Christensenellaceae fam."	"unknown_Spp Christensenellaceae fam."
"ASV_V1V2_01188"	"7255b678fd881f9be495ab8d12ddb61e"	"V1V2"	"Bacteria"	"Bacteroidetes"	"Bacteroidia"	"Bacteroidales"	"Marinifilaceae"	"Butyricimonas"	"unknown_Spp Butyricimonas gen."
"ASV_V1V2_01189"	"42f8cb03a5fd6cec830f7a44d069a11c"	"V1V2"	"Bacteria"	"Firmicutes"	"Clostridia"	"Clostridiales"	"Lachnospiraceae"	"Coprococcus 3"	"unknown_Spp Coprococcus 3 gen."
"ASV_V1V2_01190"	"194a5b9fa2c9cd8dae8814238a946b79"	"V1V2"	"Bacteria"	"Firmicutes"	"Clostridia"	"Clostridiales"	"Ruminococcaceae"	"Ruminococcaceae UCG-010"	"unknown_Spp Ruminococcaceae UCG-010 gen."
"ASV_V1V2_01191"	"e75406d4237f7dd3116f29dcf058d4f5"	"V1V2"	"Bacteria"	"Bacteroidetes"	"Bacteroidia"	"Bacteroidales"	"Bacteroidaceae"	"Bacteroides"	"unknown_Spp Bacteroides gen."
"ASV_V1V2_01192"	"28bcb2d216fe84501d9eb1652a818183"	"V1V2"	"Bacteria"	"Firmicutes"	"Clostridia"	"Clostridiales"	"Lachnospiraceae"	"Blautia"	"unknown_Spp Blautia gen."
"ASV_V1V2_01193"	"780d9cb320f707990d0627ce964b8d2c"	"V1V2"	"Bacteria"	"Actinobacteria"	"Coriobacteriia"	"Coriobacteriales"	"Coriobacteriales Incertae Sedis"	"unknown_Gen Coriobacteriales Incertae Sedis fam."	"unknown_Spp Coriobacteriales Incertae Sedis fam."
"ASV_V1V2_01194"	"98f1e4cd6accc5284b8088774073efec"	"V1V2"	"Bacteria"	"Firmicutes"	"Clostridia"	"Clostridiales"	"Ruminococcaceae"	"Ruminococcus 1"	"Ruminococcus sp. Zagget7"
"ASV_V1V2_01195"	"e37500d52590708b03e555b508696f87"	"V1V2"	"Bacteria"	"Firmicutes"	"Clostridia"	"Clostridiales"	"Ruminococcaceae"	"Ruminococcaceae UCG-013"	"unknown_Spp Ruminococcaceae UCG-013 gen."
"ASV_V1V2_01196"	"3556321c70a5b1637d81f586c94f9252"	"V1V2"	"Bacteria"	"Firmicutes"	"Bacilli"	"Lactobacillales"	"Lactobacillaceae"	"Lactobacillus"	"Lactobacillus ruminis"
"ASV_V1V2_01197"	"21f0720ea8a657c7f2cc1062b54a2d3f"	"V1V2"	"Bacteria"	"Firmicutes"	"Clostridia"	"Clostridiales"	"Lachnospiraceae"	"Acetitomaculum"	"Firmicutes bacterium CAG 194 44 15"
"ASV_V1V2_01198"	"94ce1db2469498be73c1347ffd98a487"	"V1V2"	"Bacteria"	"Firmicutes"	"Clostridia"	"Clostridiales"	"Lachnospiraceae"	"Marvinbryantia"	"unknown_Spp Marvinbryantia gen."
"ASV_V1V2_01199"	"17505ed1c049848efce6bb815f3b80e5"	"V1V2"	"Bacteria"	"Firmicutes"	"Clostridia"	"Clostridiales"	"Lachnospiraceae"	"Roseburia"	"unknown_Spp Roseburia gen."
"ASV_V1V2_01200"	"1aa32fa377961a3220106aa9b79bf9a2"	"V1V2"	"Bacteria"	"Firmicutes"	"Clostridia"	"Clostridiales"	"Ruminococcaceae"	"Ruminococcaceae UCG-014"	"unknown_Spp Ruminococcaceae UCG-014 gen."
"ASV_V1V2_01201"	"2feb9c221e275504599f5f1552d2752e"	"V1V2"	"Bacteria"	"Firmicutes"	"Clostridia"	"Clostridiales"	"Lachnospiraceae"	"Lachnospiraceae NK4A136 gr."	"unknown_Spp Lachnospiraceae NK4A136 gr. gen."
"ASV_V1V2_01202"	"a0aa3909ea2404627ac214b577f708fd"	"V1V2"	"Bacteria"	"Firmicutes"	"Clostridia"	"Clostridiales"	"Ruminococcaceae"	"Ruminococcaceae UCG-004"	"unknown_Spp Ruminococcaceae UCG-004 gen."
"ASV_V1V2_01203"	"4206e259700d27d34988a9dbf33ed4f9"	"V1V2"	"Bacteria"	"Firmicutes"	"Clostridia"	"MBA03"	"unknown_Fam MBA03 ord."	"unknown_Gen MBA03 ord."	"unkown_Spp_Gen_Fam_0047"
"ASV_V1V2_01204"	"07a61d634a13be3dfcaa07fb821fb6bf"	"V1V2"	"Bacteria"	"Firmicutes"	"Clostridia"	"Clostridiales"	"Christensenellaceae"	"Christensenellaceae R-7 gr."	"unknown_Spp Christensenellaceae R-7 gr. gen."
"ASV_V1V2_01205"	"2ecd8106dbbfb8c74321cecd2f641305"	"V1V2"	"Bacteria"	"Firmicutes"	"Clostridia"	"Clostridiales"	"Lachnospiraceae"	"Lachnospiraceae UCG-004"	"unknown_Spp Lachnospiraceae UCG-004 gen."
"ASV_V1V2_01206"	"91cd68738ab4693590660a616d8b999e"	"V1V2"	"Bacteria"	"Firmicutes"	"Clostridia"	"Clostridiales"	"unknown_Fam Clostridiales ord."	"unknown_Gen Clostridiales ord."	"unkown_Spp_Gen_Fam_0048"
"ASV_V1V2_01207"	"2f24f5a49f5efbbce79278aaddaf97f8"	"V1V2"	"Bacteria"	"Firmicutes"	"Clostridia"	"Clostridiales"	"Christensenellaceae"	"Christensenellaceae R-7 gr."	"unknown_Spp Christensenellaceae R-7 gr. gen."
"ASV_V1V2_01208"	"793b0b48098cd2d87cd7eb279d208dc4"	"V1V2"	"Bacteria"	"Bacteroidetes"	"Bacteroidia"	"Bacteroidales"	"Prevotellaceae"	"Prevotella 9"	"unknown_Spp Prevotella 9 gen."
"ASV_V1V2_01209"	"39abd9f3d88b2de6ff79e52042d0caa8"	"V1V2"	"Bacteria"	"Firmicutes"	"Clostridia"	"Clostridiales"	"Christensenellaceae"	"Christensenellaceae R-7 gr."	"unknown_Spp Christensenellaceae R-7 gr. gen."
"ASV_V1V2_01210"	"3eb905ff1e6e2cba9c13dfce894eacf8"	"V1V2"	"Bacteria"	"Bacteroidetes"	"Bacteroidia"	"Bacteroidales"	"Prevotellaceae"	"Prevotella 9"	"unknown_Spp Prevotella 9 gen."
"ASV_V1V2_01211"	"6fd10cbb6fa43619d98cf702a62a3718"	"V1V2"	"Bacteria"	"Firmicutes"	"Erysipelotrichia"	"Erysipelotrichales"	"Erysipelotrichaceae"	"unknown_Gen Erysipelotrichaceae fam."	"unknown_Spp Erysipelotrichaceae fam."
"ASV_V1V2_01212"	"c1a632b4706d70aa3bb4753a9573bd23"	"V1V2"	"Bacteria"	"Firmicutes"	"Clostridia"	"Clostridiales"	"Ruminococcaceae"	"Ruminococcus 1"	"Ruminococcus callidus ATCC 27760"
"ASV_V1V2_01213"	"ef81132ccabfd0bfa3ca620d28cfb1b3"	"V1V2"	"Bacteria"	"Bacteroidetes"	"Bacteroidia"	"Bacteroidales"	"Tannerellaceae"	"Parabacteroides"	"unknown_Spp Parabacteroides gen."
"ASV_V1V2_01214"	"c4f2760b3e40904093eac0b02044b28d"	"V1V2"	"Bacteria"	"Firmicutes"	"Erysipelotrichia"	"Erysipelotrichales"	"Erysipelotrichaceae"	"Erysipelotrichaceae UCG-004"	"unknown_Spp Erysipelotrichaceae UCG-004 gen."
"ASV_V1V2_01215"	"f801ea7a32d33775a6720be9fe72f251"	"V1V2"	"Bacteria"	"Firmicutes"	"Clostridia"	"Clostridiales"	"Ruminococcaceae"	"unknown_Gen Ruminococcaceae fam."	"unknown_Spp Ruminococcaceae fam."
"ASV_V1V2_01216"	"fa5638bc9e0f1ae91a0fcd7fbf626377"	"V1V2"	"Bacteria"	"Firmicutes"	"Clostridia"	"Clostridiales"	"Christensenellaceae"	"Christensenellaceae R-7 gr."	"unknown_Spp Christensenellaceae R-7 gr. gen."
"ASV_V1V2_01217"	"426350c734c227a7d475ba9e6a43b8dc"	"V1V2"	"Bacteria"	"Firmicutes"	"Bacilli"	"Bacillales"	"Family XI"	"Gemella"	"unknown_Spp Gemella gen."
"ASV_V1V2_01218"	"8f0fa012f9879b3942fd605a0762bc1a"	"V1V2"	"Bacteria"	"Firmicutes"	"Clostridia"	"Clostridiales"	"Ruminococcaceae"	"Ruminococcaceae UCG-002"	"unknown_Spp Ruminococcaceae UCG-002 gen."
"ASV_V1V2_01219"	"0fcae39a80a0b85e8a340fc8b6e1eca3"	"V1V2"	"Bacteria"	"Firmicutes"	"Clostridia"	"Clostridiales"	"Lachnospiraceae"	"unknown_Gen Lachnospiraceae fam."	"unknown_Spp Lachnospiraceae fam."
"ASV_V1V2_01220"	"c9a34231b0a1206ea6caec847f15eccd"	"V1V2"	"Bacteria"	"Firmicutes"	"Clostridia"	"Clostridiales"	"Christensenellaceae"	"Christensenellaceae R-7 gr."	"unknown_Spp Christensenellaceae R-7 gr. gen."
"ASV_V1V2_01221"	"5f3f1c468fccba899b62b894266c2117"	"V1V2"	"Bacteria"	"Firmicutes"	"Clostridia"	"Clostridiales"	"Lachnospiraceae"	"Marvinbryantia"	"Lachnospiraceae bacterium DJF VR44"
"ASV_V1V2_01222"	"9f079e41ddde7431675b4a0a9cbb5b42"	"V1V2"	"Bacteria"	"Firmicutes"	"Clostridia"	"Clostridiales"	"Ruminococcaceae"	"Oscillibacter"	"unknown_Spp Oscillibacter gen."
"ASV_V1V2_01223"	"c38a44963425a2756db387405652e6fa"	"V1V2"	"Bacteria"	"Actinobacteria"	"Coriobacteriia"	"Coriobacteriales"	"Eggerthellaceae"	"Senegalimassilia"	"unknown_Spp Senegalimassilia gen."
"ASV_V1V2_01224"	"4a1dfaf6cb46a3aca08f5fe09d2c170f"	"V1V2"	"Bacteria"	"Firmicutes"	"Clostridia"	"Clostridiales"	"Ruminococcaceae"	"Ruminococcaceae UCG-010"	"unknown_Spp Ruminococcaceae UCG-010 gen."
"ASV_V1V2_01225"	"ab3a82d52d7345a398188fa8ae918e01"	"V1V2"	"Bacteria"	"Firmicutes"	"Clostridia"	"Clostridiales"	"Ruminococcaceae"	"Ruminococcaceae UCG-014"	"unknown_Spp Ruminococcaceae UCG-014 gen."
"ASV_V1V2_01226"	"30f0cc8b9f862d5d671d15f93b6ea691"	"V1V2"	"Bacteria"	"Proteobacteria"	"Alphaproteobacteria"	"Rhodospirillales"	"unknown_Fam Rhodospirillales ord."	"unknown_Gen Rhodospirillales ord."	"unkown_Spp_Gen_Fam_0049"
"ASV_V1V2_01227"	"fb898c17a08acd1343567d407f4a0404"	"V1V2"	"Bacteria"	"Firmicutes"	"Clostridia"	"Clostridiales"	"Christensenellaceae"	"Christensenellaceae R-7 gr."	"unknown_Spp Christensenellaceae R-7 gr. gen."
"ASV_V1V2_01228"	"5c1f2899c536aacc158be0f9dfcfc43c"	"V1V2"	"Bacteria"	"Actinobacteria"	"Coriobacteriia"	"Coriobacteriales"	"Eggerthellaceae"	"Gordonibacter"	"unknown_Spp Gordonibacter gen."
"ASV_V1V2_01229"	"047249bc2cdbe32e596bc50fdb3c9e0c"	"V1V2"	"Bacteria"	"Firmicutes"	"Erysipelotrichia"	"Erysipelotrichales"	"Erysipelotrichaceae"	"Erysipelotrichaceae UCG-004"	"unknown_Spp Erysipelotrichaceae UCG-004 gen."
"ASV_V1V2_01230"	"672c34219b2f4098c11ea8e8662bdd0c"	"V1V2"	"Bacteria"	"Firmicutes"	"Clostridia"	"Clostridiales"	"Lachnospiraceae"	"Lachnospira"	"unknown_Spp Lachnospira gen."
"ASV_V1V2_01231"	"302b1beaad3ec3fce76bfcbd3645765f"	"V1V2"	"Bacteria"	"Firmicutes"	"Clostridia"	"Clostridiales"	"Ruminococcaceae"	"Intestinimonas"	"unknown_Spp Intestinimonas gen."
"ASV_V1V2_01232"	"5422a537384b925533a642db07857e1e"	"V1V2"	"Bacteria"	"Firmicutes"	"Clostridia"	"Clostridiales"	"Ruminococcaceae"	"Ruminococcaceae UCG-014"	"unknown_Spp Ruminococcaceae UCG-014 gen."
"ASV_V1V2_01233"	"ada6f31c54333c4cea0935270515ba05"	"V1V2"	"Bacteria"	"Firmicutes"	"Clostridia"	"Clostridiales"	"Christensenellaceae"	"Christensenellaceae R-7 gr."	"unknown_Spp Christensenellaceae R-7 gr. gen."
"ASV_V1V2_01234"	"aa30106c350ed2d56080e189438c0357"	"V1V2"	"Bacteria"	"Firmicutes"	"Clostridia"	"Clostridiales"	"Ruminococcaceae"	"Faecalibacterium"	"unknown_Spp Faecalibacterium gen."
"ASV_V1V2_01235"	"99b6c4db49ef3086d0863baa2c82d826"	"V1V2"	"Bacteria"	"Tenericutes"	"Mollicutes"	"Mollicutes RF39"	"unknown_Fam Mollicutes RF39 ord."	"unknown_Gen Mollicutes RF39 ord."	"unkown_Spp_Gen_Fam_0050"
"ASV_V1V2_01236"	"625e392f931d08a1a8c303ee1585e1e2"	"V1V2"	"Bacteria"	"Firmicutes"	"Clostridia"	"MBA03"	"unknown_Fam MBA03 ord."	"unknown_Gen MBA03 ord."	"unkown_Spp_Gen_Fam_0051"
"ASV_V1V2_01237"	"1a78af2e82f091ecfd15d5d4d9c24ec3"	"V1V2"	"Bacteria"	"Firmicutes"	"Clostridia"	"Clostridiales"	"Christensenellaceae"	"Christensenellaceae R-7 gr."	"unknown_Spp Christensenellaceae R-7 gr. gen."
"ASV_V1V2_01238"	"58938b4806a83fed78f670ec6cf3668b"	"V1V2"	"Bacteria"	"Firmicutes"	"Clostridia"	"Clostridiales"	"Ruminococcaceae"	"Subdoligranulum"	"unknown_Spp Subdoligranulum gen."
"ASV_V1V2_01239"	"6d4fe5ca45fb3153c82fd8052c4405e1"	"V1V2"	"Bacteria"	"Proteobacteria"	"Gammaproteobacteria"	"Vibrionales"	"Vibrionaceae"	"Vibrio"	"Vibrio cyclitrophicus"
"ASV_V1V2_01240"	"76dd02a6572524b43c3713586d289740"	"V1V2"	"Bacteria"	"Tenericutes"	"Mollicutes"	"Mollicutes RF39"	"unknown_Fam Mollicutes RF39 ord."	"unknown_Gen Mollicutes RF39 ord."	"unkown_Spp_Gen_Fam_0052"
"ASV_V1V2_01241"	"6652a861319a7a14233afd6258cb58a6"	"V1V2"	"Bacteria"	"Firmicutes"	"Clostridia"	"Clostridiales"	"Christensenellaceae"	"Christensenellaceae R-7 gr."	"unknown_Spp Christensenellaceae R-7 gr. gen."
"ASV_V1V2_01242"	"86da2177575e28e3cffa6b523b423a73"	"V1V2"	"Bacteria"	"Firmicutes"	"Clostridia"	"Clostridiales"	"Christensenellaceae"	"Christensenellaceae R-7 gr."	"unknown_Spp Christensenellaceae R-7 gr. gen."
"ASV_V1V2_01243"	"5a98d9c367d39fca551dd5e1cdddbb37"	"V1V2"	"Bacteria"	"Firmicutes"	"Clostridia"	"Clostridiales"	"Ruminococcaceae"	"Candidatus Soleaferrea"	"unknown_Spp Candidatus Soleaferrea gen."
"ASV_V1V2_01244"	"649a4758cc12ed37bd237eea971c02f2"	"V1V2"	"Bacteria"	"Tenericutes"	"Mollicutes"	"Izimaplasmatales"	"unknown_Fam Izimaplasmatales ord."	"unknown_Gen Izimaplasmatales ord."	"unkown_Spp_Gen_Fam_0053"
"ASV_V1V2_01245"	"8de1e17e77a53c29a3541e559d584d3d"	"V1V2"	"Bacteria"	"Firmicutes"	"Clostridia"	"Clostridiales"	"Ruminococcaceae"	"Ruminiclostridium 9"	"unknown_Spp Ruminiclostridium 9 gen."
"ASV_V1V2_01246"	"25462ca4fee1c5aa032b6d10b0c66723"	"V1V2"	"Bacteria"	"Firmicutes"	"Clostridia"	"Clostridiales"	"Christensenellaceae"	"Christensenellaceae R-7 gr."	"unknown_Spp Christensenellaceae R-7 gr. gen."
"ASV_V1V2_01247"	"6554637571f0c26fd71cc62b3f70bd8f"	"V1V2"	"Bacteria"	"Firmicutes"	"Clostridia"	"Clostridiales"	"Ruminococcaceae"	"Ruminococcaceae UCG-002"	"unknown_Spp Ruminococcaceae UCG-002 gen."
"ASV_V1V2_01248"	"f820bd4049d92ccfd8818a492c0a8cb1"	"V1V2"	"Bacteria"	"Actinobacteria"	"Coriobacteriia"	"Coriobacteriales"	"Eggerthellaceae"	"Slackia"	"unknown_Spp Slackia gen."
"ASV_V1V2_01249"	"b399b4658c0b1c75633f0c59e15c9ba3"	"V1V2"	"Bacteria"	"Firmicutes"	"Clostridia"	"Clostridiales"	"Ruminococcaceae"	"Ruminococcaceae UCG-010"	"unknown_Spp Ruminococcaceae UCG-010 gen."
"ASV_V1V2_01250"	"c6576b1bf08652df69f19691529b62dd"	"V1V2"	"Bacteria"	"Firmicutes"	"Clostridia"	"MBA03"	"unknown_Fam MBA03 ord."	"unknown_Gen MBA03 ord."	"unkown_Spp_Gen_Fam_0054"
"ASV_V1V2_01251"	"349cc5d9dd424c2e2b6a3585100eaf6f"	"V1V2"	"Bacteria"	"Bacteroidetes"	"Bacteroidia"	"Bacteroidales"	"Barnesiellaceae"	"unknown_Gen Barnesiellaceae fam."	"unknown_Spp Barnesiellaceae fam."
"ASV_V1V2_01252"	"c734043ef967ad21ff9dc0a869595564"	"V1V2"	"Bacteria"	"Firmicutes"	"Clostridia"	"MBA03"	"unknown_Fam MBA03 ord."	"unknown_Gen MBA03 ord."	"unkown_Spp_Gen_Fam_0055"
"ASV_V1V2_01253"	"43a91b815e002d6f3349bf7e072295a5"	"V1V2"	"Bacteria"	"Bacteroidetes"	"Bacteroidia"	"Bacteroidales"	"Bacteroidaceae"	"Bacteroides"	"Bacteroides thetaiotaomicron"
"ASV_V1V2_01254"	"ad02d497b9389ee4a9bf80fa250c229a"	"V1V2"	"Bacteria"	"Firmicutes"	"Clostridia"	"Clostridiales"	"Lachnospiraceae"	"unknown_Gen Lachnospiraceae fam."	"unknown_Spp Lachnospiraceae fam."
"ASV_V1V2_01255"	"7fa298938258f04e3fbf49d9999c179a"	"V1V2"	"Bacteria"	"Firmicutes"	"Clostridia"	"Clostridiales"	"Ruminococcaceae"	"unknown_Gen Ruminococcaceae fam."	"unknown_Spp Ruminococcaceae fam."
"ASV_V1V2_01256"	"fd727e62f4c20cacb8875cfd1171a618"	"V1V2"	"Bacteria"	"Firmicutes"	"Clostridia"	"Clostridiales"	"Ruminococcaceae"	"Ruminococcaceae UCG-014"	"unknown_Spp Ruminococcaceae UCG-014 gen."
"ASV_V1V2_01257"	"62b16914afc4aea92662254543db1cd7"	"V1V2"	"Bacteria"	"Firmicutes"	"Clostridia"	"Clostridiales"	"Lachnospiraceae"	"Marvinbryantia"	"unknown_Spp Marvinbryantia gen."
"ASV_V1V2_01258"	"18a9496a0cc24860472a0797d444ad3a"	"V1V2"	"Bacteria"	"Bacteroidetes"	"Bacteroidia"	"Bacteroidales"	"Marinifilaceae"	"Butyricimonas"	"unknown_Spp Butyricimonas gen."
"ASV_V1V2_01259"	"f0d6b67059be9681a538f167053fcf2a"	"V1V2"	"Bacteria"	"Firmicutes"	"Clostridia"	"MBA03"	"unknown_Fam MBA03 ord."	"unknown_Gen MBA03 ord."	"unkown_Spp_Gen_Fam_0056"
"ASV_V1V2_01260"	"1eaf1f86e8fee0def9127a53614fe2c4"	"V1V2"	"Bacteria"	"Firmicutes"	"Clostridia"	"Clostridiales"	"Lachnospiraceae"	"Blautia"	"unknown_Spp Blautia gen."
"ASV_V1V2_01261"	"529c031aa89da7cccf414cf7d604d21f"	"V1V2"	"Bacteria"	"Bacteroidetes"	"Bacteroidia"	"Bacteroidales"	"Rikenellaceae"	"Alistipes"	"unknown_Spp Alistipes gen."
"ASV_V1V2_01262"	"7ddcbd5a1323b669b891544f866ca1c9"	"V1V2"	"Bacteria"	"Firmicutes"	"Clostridia"	"Clostridiales"	"Christensenellaceae"	"Christensenellaceae R-7 gr."	"unknown_Spp Christensenellaceae R-7 gr. gen."
"ASV_V1V2_01263"	"61590bb517fd9d24ec55ace4d1ae81ac"	"V1V2"	"Bacteria"	"Firmicutes"	"Clostridia"	"Clostridiales"	"Christensenellaceae"	"Christensenellaceae R-7 gr."	"unknown_Spp Christensenellaceae R-7 gr. gen."
"ASV_V1V2_01264"	"ebe4026d346a21c538668427e14bfd9d"	"V1V2"	"Bacteria"	"Firmicutes"	"Clostridia"	"MBA03"	"unknown_Fam MBA03 ord."	"unknown_Gen MBA03 ord."	"unkown_Spp_Gen_Fam_0057"
"ASV_V1V2_01265"	"88565d9fde2f45f8c15ee03e4c26e755"	"V1V2"	"Bacteria"	"Firmicutes"	"Clostridia"	"Clostridiales"	"Lachnospiraceae"	"Marvinbryantia"	"unknown_Spp Marvinbryantia gen."
"ASV_V1V2_01266"	"0dbb1e58d8ce317b717bff477cae555d"	"V1V2"	"Bacteria"	"Firmicutes"	"Clostridia"	"Clostridiales"	"Lachnospiraceae"	"Blautia"	"unknown_Spp Blautia gen."
"ASV_V1V2_01267"	"5f1067c496606dcc5918abb3a3d1e658"	"V1V2"	"Bacteria"	"Firmicutes"	"Erysipelotrichia"	"Erysipelotrichales"	"Erysipelotrichaceae"	"Holdemania"	"unknown_Spp Holdemania gen."
"ASV_V1V2_01268"	"6f7190c8db79644ebeccdc1f4e1f6cb6"	"V1V2"	"Bacteria"	"Firmicutes"	"Clostridia"	"Clostridiales"	"Ruminococcaceae"	"Subdoligranulum"	"unknown_Spp Subdoligranulum gen."
"ASV_V1V2_01269"	"e5f443cdd7928cadce681d1d6bc16b0b"	"V1V2"	"Bacteria"	"Firmicutes"	"Bacilli"	"Lactobacillales"	"Enterococcaceae"	"Enterococcus"	"unknown_Spp Enterococcus gen."
"ASV_V1V2_01270"	"5afca6dab5f32b627ec28bc270f2e12e"	"V1V2"	"Bacteria"	"Firmicutes"	"Clostridia"	"Clostridiales"	"Christensenellaceae"	"Christensenellaceae R-7 gr."	"unknown_Spp Christensenellaceae R-7 gr. gen."
"ASV_V1V2_01271"	"b99b4187f64ae8f67636246bc3bf563c"	"V1V2"	"Bacteria"	"Firmicutes"	"Clostridia"	"MBA03"	"unknown_Fam MBA03 ord."	"unknown_Gen MBA03 ord."	"unkown_Spp_Gen_Fam_0058"
"ASV_V1V2_01272"	"6ba81b7dc9149301f752c11953314a51"	"V1V2"	"Bacteria"	"Firmicutes"	"Clostridia"	"Clostridiales"	"Ruminococcaceae"	"Ruminococcaceae UCG-005"	"unknown_Spp Ruminococcaceae UCG-005 gen."
"ASV_V1V2_01273"	"daab6b6c2600e1f78a56bea47bf908a1"	"V1V2"	"Bacteria"	"Firmicutes"	"Clostridia"	"Clostridiales"	"Ruminococcaceae"	"unknown_Gen Ruminococcaceae fam."	"unknown_Spp Ruminococcaceae fam."
"ASV_V1V2_01274"	"0849cf39fa53021eb665e88560b90204"	"V1V2"	"Bacteria"	"Firmicutes"	"Clostridia"	"Clostridiales"	"Ruminococcaceae"	"Ruminococcaceae UCG-014"	"unknown_Spp Ruminococcaceae UCG-014 gen."
"ASV_V1V2_01275"	"e610fe2bb19fc7dfeb48f25f81fd256d"	"V1V2"	"Bacteria"	"Firmicutes"	"Clostridia"	"Clostridiales"	"Christensenellaceae"	"Christensenellaceae R-7 gr."	"unknown_Spp Christensenellaceae R-7 gr. gen."
"ASV_V1V2_01276"	"02c22f81687eb49e1c8a10393bfc92fa"	"V1V2"	"Bacteria"	"Firmicutes"	"Clostridia"	"Clostridiales"	"Ruminococcaceae"	"unknown_Gen Ruminococcaceae fam."	"unknown_Spp Ruminococcaceae fam."
"ASV_V1V2_01277"	"0a1b426dfbc0b032e60ba6a79cafa556"	"V1V2"	"Bacteria"	"Firmicutes"	"Clostridia"	"Clostridiales"	"Ruminococcaceae"	"Ruminococcaceae UCG-014"	"unknown_Spp Ruminococcaceae UCG-014 gen."
"ASV_V1V2_01278"	"94d608f7fb1dc9c298b904afe48d6b2d"	"V1V2"	"Bacteria"	"Firmicutes"	"Clostridia"	"Clostridiales"	"Lachnospiraceae"	"Lachnospiraceae NK4A136 gr."	"unknown_Spp Lachnospiraceae NK4A136 gr. gen."
"ASV_V1V2_01279"	"8ff3800dff256d8504bb22b564bc8ae5"	"V1V2"	"Bacteria"	"Firmicutes"	"Clostridia"	"MBA03"	"unknown_Fam MBA03 ord."	"unknown_Gen MBA03 ord."	"unkown_Spp_Gen_Fam_0059"
"ASV_V1V2_01280"	"eeefb422af4578aedcb941eec21ffe3c"	"V1V2"	"Bacteria"	"Firmicutes"	"Clostridia"	"MBA03"	"unknown_Fam MBA03 ord."	"unknown_Gen MBA03 ord."	"unkown_Spp_Gen_Fam_0060"
"ASV_V1V2_01281"	"52abae6fa36ba215a959ff6032cbb06c"	"V1V2"	"Bacteria"	"Firmicutes"	"Clostridia"	"Clostridiales"	"Lachnospiraceae"	"unknown_Gen Lachnospiraceae fam."	"unknown_Spp Lachnospiraceae fam."
"ASV_V1V2_01282"	"7be9524f5e356ed49b4d04c4a9e44ec8"	"V1V2"	"Bacteria"	"Firmicutes"	"Clostridia"	"Clostridiales"	"Lachnospiraceae"	"unknown_Gen Lachnospiraceae fam."	"unknown_Spp Lachnospiraceae fam."
"ASV_V1V2_01283"	"553ca41fa7726fb03ce652e751e84f09"	"V1V2"	"Bacteria"	"Firmicutes"	"Clostridia"	"Clostridiales"	"Ruminococcaceae"	"Ruminiclostridium 9"	"unknown_Spp Ruminiclostridium 9 gen."
"ASV_V1V2_01284"	"939c9fc9813857bf500a6332048803bb"	"V1V2"	"Bacteria"	"Firmicutes"	"Clostridia"	"Clostridiales"	"Ruminococcaceae"	"unknown_Gen Ruminococcaceae fam."	"unknown_Spp Ruminococcaceae fam."
"ASV_V1V2_01285"	"c78e3786a7277ebe46343dfff5a915de"	"V1V2"	"Bacteria"	"Firmicutes"	"Clostridia"	"Clostridiales"	"Lachnospiraceae"	"unknown_Gen Lachnospiraceae fam."	"unknown_Spp Lachnospiraceae fam."
"ASV_V1V2_01286"	"9b24584048a368ac22c621fd093e75ef"	"V1V2"	"Bacteria"	"Firmicutes"	"Clostridia"	"Clostridiales"	"Lachnospiraceae"	"Coprococcus 1"	"unknown_Spp Coprococcus 1 gen."
"ASV_V1V2_01287"	"9de397845b86da129e29227c38c684e6"	"V1V2"	"Bacteria"	"Tenericutes"	"Mollicutes"	"Mollicutes RF39"	"unknown_Fam Mollicutes RF39 ord."	"unknown_Gen Mollicutes RF39 ord."	"unkown_Spp_Gen_Fam_0061"
"ASV_V1V2_01288"	"c57f511cce2093f7ae6bcf2b803951e1"	"V1V2"	"Bacteria"	"Verrucomicrobia"	"Verrucomicrobiae"	"Verrucomicrobiales"	"Akkermansiaceae"	"Akkermansia"	"unknown_Spp Akkermansia gen."
"ASV_V1V2_01289"	"a20550e134ee473e371773fa88b5338b"	"V1V2"	"Bacteria"	"Proteobacteria"	"Alphaproteobacteria"	"Rhodospirillales"	"unknown_Fam Rhodospirillales ord."	"unknown_Gen Rhodospirillales ord."	"unkown_Spp_Gen_Fam_0062"
"ASV_V1V2_01290"	"035ec511403464f15fa4d7944f8b9ae0"	"V1V2"	"Bacteria"	"Firmicutes"	"Clostridia"	"Clostridiales"	"Christensenellaceae"	"Christensenellaceae R-7 gr."	"unknown_Spp Christensenellaceae R-7 gr. gen."
"ASV_V1V2_01291"	"a28f77457d198e2b40dd0c6068c3e1fd"	"V1V2"	"Bacteria"	"Firmicutes"	"Clostridia"	"Clostridiales"	"Ruminococcaceae"	"Ruminococcaceae UCG-013"	"unknown_Spp Ruminococcaceae UCG-013 gen."
"ASV_V1V2_01292"	"9b7b1850e1a7e12c7efd61cff2826495"	"V1V2"	"Bacteria"	"Firmicutes"	"Clostridia"	"Clostridiales"	"Christensenellaceae"	"Christensenellaceae R-7 gr."	"unknown_Spp Christensenellaceae R-7 gr. gen."
"ASV_V1V2_01293"	"e54845a1983f8baa58bc12fe7c3dfc38"	"V1V2"	"Bacteria"	"Proteobacteria"	"Deltaproteobacteria"	"Desulfovibrionales"	"Desulfovibrionaceae"	"Bilophila"	"unknown_Spp Bilophila gen."
"ASV_V1V2_01294"	"7818d0aa527b9f4857346da3b4e8cf01"	"V1V2"	"Bacteria"	"Firmicutes"	"Clostridia"	"Clostridiales"	"Ruminococcaceae"	"Ruminococcaceae UCG-009"	"unknown_Spp Ruminococcaceae UCG-009 gen."
"ASV_V1V2_01295"	"72a3b9f0810f90dcb1ddb4bf0f0fd4b0"	"V1V2"	"Bacteria"	"Firmicutes"	"Clostridia"	"Clostridiales"	"Ruminococcaceae"	"unknown_Gen Ruminococcaceae fam."	"unknown_Spp Ruminococcaceae fam."
"ASV_V1V2_01296"	"bc988a39abc5f01def406e95159dc013"	"V1V2"	"Bacteria"	"Firmicutes"	"Clostridia"	"Clostridiales"	"Lachnospiraceae"	"Lachnospiraceae UCG-008"	"unknown_Spp Lachnospiraceae UCG-008 gen."
"ASV_V1V2_01297"	"2582dce04855e2077da66206fcb6e006"	"V1V2"	"Bacteria"	"Firmicutes"	"Clostridia"	"Clostridiales"	"Lachnospiraceae"	"Lachnospiraceae UCG-010"	"unknown_Spp Lachnospiraceae UCG-010 gen."
"ASV_V1V2_01298"	"e27ca86c0899a35fa2616df2b92f276f"	"V1V2"	"Bacteria"	"Firmicutes"	"Clostridia"	"MBA03"	"unknown_Fam MBA03 ord."	"unknown_Gen MBA03 ord."	"unkown_Spp_Gen_Fam_0063"
"ASV_V1V2_01299"	"8a07f6c097fa209b21d0c37a5e440452"	"V1V2"	"Bacteria"	"Firmicutes"	"Clostridia"	"MBA03"	"unknown_Fam MBA03 ord."	"unknown_Gen MBA03 ord."	"unkown_Spp_Gen_Fam_0064"
"ASV_V1V2_01300"	"c052a9625d599dde6d3bc63a9e1d056a"	"V1V2"	"Bacteria"	"Firmicutes"	"Clostridia"	"Clostridiales"	"Christensenellaceae"	"Christensenellaceae R-7 gr."	"unknown_Spp Christensenellaceae R-7 gr. gen."
"ASV_V1V2_01301"	"4e9cf1f451d743a6ee06436bdad8e42c"	"V1V2"	"Bacteria"	"Firmicutes"	"Clostridia"	"MBA03"	"unknown_Fam MBA03 ord."	"unknown_Gen MBA03 ord."	"unkown_Spp_Gen_Fam_0065"
"ASV_V1V2_01302"	"eceb7ef44c1ffa7437e4e32befbc30a0"	"V1V2"	"Bacteria"	"Firmicutes"	"Clostridia"	"Clostridiales"	"Christensenellaceae"	"Christensenellaceae R-7 gr."	"unknown_Spp Christensenellaceae R-7 gr. gen."
"ASV_V1V2_01303"	"93e225d873e972cb7a5f11105f832e18"	"V1V2"	"Bacteria"	"Firmicutes"	"Clostridia"	"Clostridiales"	"Lachnospiraceae"	"Lachnospiraceae UCG-001"	"unknown_Spp Lachnospiraceae UCG-001 gen."
"ASV_V1V2_01304"	"de1eb6fc14ebbe6c98492b44d4b0027b"	"V1V2"	"Bacteria"	"Firmicutes"	"Clostridia"	"MBA03"	"unknown_Fam MBA03 ord."	"unknown_Gen MBA03 ord."	"unkown_Spp_Gen_Fam_0066"
"ASV_V1V2_01305"	"7fbfe79673dd7bcae019c639fb69cfec"	"V1V2"	"Bacteria"	"Bacteroidetes"	"Bacteroidia"	"Bacteroidales"	"Marinifilaceae"	"Butyricimonas"	"unknown_Spp Butyricimonas gen."
"ASV_V1V2_01306"	"fb5f248262f19ee6346e473887d039d8"	"V1V2"	"Bacteria"	"Lentisphaerae"	"Lentisphaeria"	"Victivallales"	"vadinBE97"	"unknown_Gen vadinBE97 fam."	"unknown_Spp vadinBE97 fam."
"ASV_V1V2_01307"	"3ed5e010991bbe47060e0a2ca9acd5df"	"V1V2"	"Bacteria"	"Firmicutes"	"Clostridia"	"Clostridiales"	"Ruminococcaceae"	"Ruminococcaceae UCG-010"	"unknown_Spp Ruminococcaceae UCG-010 gen."
"ASV_V1V2_01308"	"7cee99933c6b9e154e91419677403c26"	"V1V2"	"Bacteria"	"Firmicutes"	"Clostridia"	"Clostridiales"	"Ruminococcaceae"	"Ruminococcaceae UCG-010"	"unknown_Spp Ruminococcaceae UCG-010 gen."
"ASV_V1V2_01309"	"af1285f321290002fb53fb45cae7a4f1"	"V1V2"	"Bacteria"	"Proteobacteria"	"Gammaproteobacteria"	"Enterobacteriales"	"Enterobacteriaceae"	"Escherichia-Shigella"	"unknown_Spp Escherichia-Shigella gen."
"ASV_V1V2_01310"	"8fb1951ebdd1450622aa5e09e9c5d206"	"V1V2"	"Bacteria"	"Firmicutes"	"Clostridia"	"Clostridiales"	"Lachnospiraceae"	"unknown_Gen Lachnospiraceae fam."	"unknown_Spp Lachnospiraceae fam."
"ASV_V1V2_01311"	"1e5949029d9f3ce5fa04c415729aaa77"	"V1V2"	"Bacteria"	"Firmicutes"	"Bacilli"	"Lactobacillales"	"Streptococcaceae"	"Streptococcus"	"Streptococcus parasanguinis"
"ASV_V1V2_01312"	"46a8a2c581d721bc7c441894151347e4"	"V1V2"	"Bacteria"	"Firmicutes"	"Clostridia"	"Clostridiales"	"Lachnospiraceae"	"unknown_Gen Lachnospiraceae fam."	"unknown_Spp Lachnospiraceae fam."
"ASV_V1V2_01313"	"3a7cb8eb79be8852f210af09e3cd2f36"	"V1V2"	"Bacteria"	"Firmicutes"	"Clostridia"	"Clostridiales"	"Lachnospiraceae"	"Eubacterium eligens gr."	"unknown_Spp Eubacterium eligens gr. gen."
"ASV_V1V2_01314"	"be5ecd35f57611eb65abc292a53d1f44"	"V1V2"	"Bacteria"	"Firmicutes"	"Clostridia"	"Clostridiales"	"Ruminococcaceae"	"Flavonifractor"	"unknown_Spp Flavonifractor gen."
"ASV_V1V2_01315"	"b88c8189475759fefd49867e1de4ef59"	"V1V2"	"Bacteria"	"Firmicutes"	"Clostridia"	"Clostridiales"	"Christensenellaceae"	"Christensenellaceae R-7 gr."	"unknown_Spp Christensenellaceae R-7 gr. gen."
"ASV_V1V2_01316"	"3fe69deece615cc830495d4fa6427c80"	"V1V2"	"Bacteria"	"Firmicutes"	"Clostridia"	"Clostridiales"	"unknown_Fam Clostridiales ord."	"unknown_Gen Clostridiales ord."	"unkown_Spp_Gen_Fam_0067"
"ASV_V1V2_01317"	"38ab7470962bde560a8e08a491d7a8f5"	"V1V2"	"Bacteria"	"Bacteroidetes"	"Bacteroidia"	"Bacteroidales"	"Prevotellaceae"	"Prevotella 9"	"unknown_Spp Prevotella 9 gen."
"ASV_V1V2_01318"	"c5186658d7f8619a3375e8b298bf837b"	"V1V2"	"Bacteria"	"Firmicutes"	"Clostridia"	"Clostridiales"	"Lachnospiraceae"	"unknown_Gen Lachnospiraceae fam."	"unknown_Spp Lachnospiraceae fam."
"ASV_V1V2_01319"	"a34a45edf5a1d8d2bda5d24c08181023"	"V1V2"	"Bacteria"	"Firmicutes"	"Clostridia"	"Clostridiales"	"Lachnospiraceae"	"Blautia"	"unknown_Spp Blautia gen."
"ASV_V1V2_01320"	"4294c02f937e2bed2916b3723f9a98bc"	"V1V2"	"Bacteria"	"Tenericutes"	"Mollicutes"	"Mollicutes RF39"	"unknown_Fam Mollicutes RF39 ord."	"unknown_Gen Mollicutes RF39 ord."	"unkown_Spp_Gen_Fam_0068"
"ASV_V1V2_01321"	"dbccd45a52528519f7de76d962062fc7"	"V1V2"	"Bacteria"	"Firmicutes"	"Clostridia"	"MBA03"	"unknown_Fam MBA03 ord."	"unknown_Gen MBA03 ord."	"unkown_Spp_Gen_Fam_0069"
"ASV_V1V2_01322"	"05f15387ab35b3ac4d32cdb3d2f3a1e8"	"V1V2"	"Bacteria"	"Firmicutes"	"Clostridia"	"Clostridiales"	"Lachnospiraceae"	"Coprococcus 3"	"unknown_Spp Coprococcus 3 gen."
"ASV_V1V2_01323"	"75185aeceafb45b5b66fa1eb2a777731"	"V1V2"	"Bacteria"	"Firmicutes"	"Clostridia"	"Clostridiales"	"Ruminococcaceae"	"Ruminococcaceae UCG-010"	"unknown_Spp Ruminococcaceae UCG-010 gen."
"ASV_V1V2_01324"	"503961766fe68c28478e328bb5858e44"	"V1V2"	"Bacteria"	"Firmicutes"	"Clostridia"	"MBA03"	"unknown_Fam MBA03 ord."	"unknown_Gen MBA03 ord."	"unkown_Spp_Gen_Fam_0070"
"ASV_V1V2_01325"	"265a88cc2aef7aa078de4c0fafa9871d"	"V1V2"	"Bacteria"	"Firmicutes"	"Clostridia"	"Clostridiales"	"Lachnospiraceae"	"Eubacterium eligens gr."	"unknown_Spp Eubacterium eligens gr. gen."
"ASV_V1V2_01326"	"77e7e19b9cd7aa0a7b2f025ff14a36ac"	"V1V2"	"Bacteria"	"Cyanobacteria"	"Melainabacteria"	"Gastranaerophilales"	"unknown_Fam Gastranaerophilales ord."	"unknown_Gen Gastranaerophilales ord."	"unkown_Spp_Gen_Fam_0071"
"ASV_V1V2_01327"	"c9499b1e723eeb74665e6e34b45229a3"	"V1V2"	"Bacteria"	"Firmicutes"	"Clostridia"	"Clostridiales"	"unknown_Fam Clostridiales ord."	"unknown_Gen Clostridiales ord."	"unkown_Spp_Gen_Fam_0072"
"ASV_V1V2_01328"	"2d47cd8e06705fec47d81235f1a38c20"	"V1V2"	"Bacteria"	"Firmicutes"	"Clostridia"	"MBA03"	"unknown_Fam MBA03 ord."	"unknown_Gen MBA03 ord."	"unkown_Spp_Gen_Fam_0073"
"ASV_V1V2_01329"	"7ad0177c717a7acd38a0edb6d425e147"	"V1V2"	"Bacteria"	"Firmicutes"	"Clostridia"	"Clostridiales"	"Lachnospiraceae"	"Eubacterium oxidoreducens gr."	"unknown_Spp Eubacterium oxidoreducens gr. gen."
"ASV_V1V2_01330"	"064d1ee4828b5ad48a1db3eedcf0c64f"	"V1V2"	"Bacteria"	"Firmicutes"	"Clostridia"	"Clostridiales"	"Ruminococcaceae"	"Ruminococcaceae UCG-005"	"unknown_Spp Ruminococcaceae UCG-005 gen."
"ASV_V1V2_01331"	"c2f6ce6f9eb17914ab70337aadf65649"	"V1V2"	"Bacteria"	"Firmicutes"	"Clostridia"	"MBA03"	"unknown_Fam MBA03 ord."	"unknown_Gen MBA03 ord."	"unkown_Spp_Gen_Fam_0074"
"ASV_V1V2_01332"	"f6de6f7bae960e868b8895f39fa3d65a"	"V1V2"	"Bacteria"	"Firmicutes"	"Clostridia"	"Clostridiales"	"Defluviitaleaceae"	"Defluviitaleaceae UCG-011"	"unknown_Spp Defluviitaleaceae UCG-011 gen."
"ASV_V1V2_01333"	"1e083c4f8af74a76f090e66ee4a9ef68"	"V1V2"	"Bacteria"	"Tenericutes"	"Mollicutes"	"Mollicutes RF39"	"unknown_Fam Mollicutes RF39 ord."	"unknown_Gen Mollicutes RF39 ord."	"unkown_Spp_Gen_Fam_0075"
"ASV_V1V2_01334"	"c64950f433c90d6e9333a9317a405c48"	"V1V2"	"Bacteria"	"Firmicutes"	"Clostridia"	"Clostridiales"	"Ruminococcaceae"	"Ruminococcaceae UCG-005"	"unknown_Spp Ruminococcaceae UCG-005 gen."
"ASV_V1V2_01335"	"7a71681aac15c74bd386338a0538be88"	"V1V2"	"Bacteria"	"Tenericutes"	"Mollicutes"	"Mollicutes RF39"	"unknown_Fam Mollicutes RF39 ord."	"unknown_Gen Mollicutes RF39 ord."	"unkown_Spp_Gen_Fam_0076"
"ASV_V1V2_01336"	"a58a6ae700409cd44c4675a5bf59a428"	"V1V2"	"Bacteria"	"Firmicutes"	"Negativicutes"	"Selenomonadales"	"Veillonellaceae"	"Veillonella"	"unknown_Spp Veillonella gen."
"ASV_V1V2_01337"	"961d489c3b7bda3915e9cb3f05d18fb2"	"V1V2"	"Bacteria"	"Firmicutes"	"Clostridia"	"MBA03"	"unknown_Fam MBA03 ord."	"unknown_Gen MBA03 ord."	"unkown_Spp_Gen_Fam_0077"
"ASV_V1V2_01338"	"7aaf4dd101fd330ce5bf6c5d61d58e5f"	"V1V2"	"Bacteria"	"Firmicutes"	"Clostridia"	"Clostridiales"	"Lachnospiraceae"	"Blautia"	"unknown_Spp Blautia gen."
"ASV_V1V2_01339"	"50ba28d831a93bb30f5d51e82998ee1e"	"V1V2"	"Bacteria"	"Firmicutes"	"Clostridia"	"Clostridiales"	"Ruminococcaceae"	"Ruminococcaceae UCG-010"	"unknown_Spp Ruminococcaceae UCG-010 gen."
"ASV_V1V2_01340"	"f851a6e70c2f46157b483fd34ac2aa5b"	"V1V2"	"Bacteria"	"Firmicutes"	"Clostridia"	"Clostridiales"	"Clostridiales vadinBB60 gr."	"unknown_Gen Clostridiales vadinBB60 gr. fam."	"unknown_Spp Clostridiales vadinBB60 gr. fam."
"ASV_V1V2_01341"	"06cea5db7ec626781980c11f35350a09"	"V1V2"	"Bacteria"	"Firmicutes"	"Clostridia"	"Clostridiales"	"Ruminococcaceae"	"Subdoligranulum"	"unknown_Spp Subdoligranulum gen."
"ASV_V1V2_01342"	"d008319b5b6b3322a1486570f4aa0ed9"	"V1V2"	"Bacteria"	"Bacteroidetes"	"Bacteroidia"	"Bacteroidales"	"Bacteroidaceae"	"Bacteroides"	"unknown_Spp Bacteroides gen."
"ASV_V1V2_01343"	"b0b881026aa06c56646a56bccfa95e81"	"V1V2"	"Bacteria"	"Firmicutes"	"Clostridia"	"Clostridiales"	"Family XIII"	"Family XIII AD3011 gr."	"unknown_Spp Family XIII AD3011 gr. gen."
"ASV_V1V2_01344"	"af8fea597d75f617e39064840a3bfd51"	"V1V2"	"Bacteria"	"Proteobacteria"	"Gammaproteobacteria"	"Pasteurellales"	"Pasteurellaceae"	"Haemophilus"	"unknown_Spp Haemophilus gen."
"ASV_V1V2_01345"	"57e442f2de4779031652e4a64c46d06e"	"V1V2"	"Bacteria"	"Firmicutes"	"Clostridia"	"Clostridiales"	"Christensenellaceae"	"Christensenellaceae R-7 gr."	"unknown_Spp Christensenellaceae R-7 gr. gen."
"ASV_V1V2_01346"	"b222e739ef394b4659d8ee38a4eb7e43"	"V1V2"	"Bacteria"	"Firmicutes"	"Clostridia"	"Clostridiales"	"Lachnospiraceae"	"Tyzzerella"	"unknown_Spp Tyzzerella gen."
"ASV_V1V2_01347"	"46fd0775eeeffa31b02cd4b2feb72da1"	"V1V2"	"Bacteria"	"Actinobacteria"	"Actinobacteria"	"Micrococcales"	"Micrococcaceae"	"Rothia"	"unknown_Spp Rothia gen."
"ASV_V1V2_01348"	"ce4ff19a59db84fd18f6ac4c83876b0d"	"V1V2"	"Bacteria"	"Firmicutes"	"Clostridia"	"Clostridiales"	"Clostridiales vadinBB60 gr."	"unknown_Gen Clostridiales vadinBB60 gr. fam."	"unknown_Spp Clostridiales vadinBB60 gr. fam."
"ASV_V1V2_01349"	"bdaf5ec2a48e19cb5b4dae57f7e6edda"	"V1V2"	"Bacteria"	"Firmicutes"	"Clostridia"	"MBA03"	"unknown_Fam MBA03 ord."	"unknown_Gen MBA03 ord."	"unkown_Spp_Gen_Fam_0078"
"ASV_V1V2_01350"	"28d270cb8e489b95e760fb55a4a841a2"	"V1V2"	"Bacteria"	"Firmicutes"	"Clostridia"	"Clostridiales"	"Lachnospiraceae"	"Marvinbryantia"	"unknown_Spp Marvinbryantia gen."
"ASV_V1V2_01351"	"34c4db91d61545cec6e808c9b702b729"	"V1V2"	"Bacteria"	"Firmicutes"	"Bacilli"	"Lactobacillales"	"Streptococcaceae"	"Streptococcus"	"unknown_Spp Streptococcus gen."
"ASV_V1V2_01352"	"806effdae6cde8176ea322a60e5fb6bc"	"V1V2"	"Bacteria"	"Bacteroidetes"	"Bacteroidia"	"Bacteroidales"	"Tannerellaceae"	"Parabacteroides"	"Parabacteroides distasonis"
"ASV_V1V2_01353"	"e842aeeec30832921598195507acaebf"	"V1V2"	"Bacteria"	"Firmicutes"	"Clostridia"	"Clostridiales"	"unknown_Fam Clostridiales ord."	"unknown_Gen Clostridiales ord."	"unkown_Spp_Gen_Fam_0079"
"ASV_V1V2_01354"	"c8119362b60c6bf503262dcca963bf12"	"V1V2"	"Bacteria"	"Firmicutes"	"Clostridia"	"Clostridiales"	"Lachnospiraceae"	"Lachnospiraceae ND3007 gr."	"unknown_Spp Lachnospiraceae ND3007 gr. gen."
"ASV_V1V2_01355"	"12c3b641f355a66c66c05ae4eb92207a"	"V1V2"	"Bacteria"	"Firmicutes"	"Clostridia"	"Clostridiales"	"Ruminococcaceae"	"unknown_Gen Ruminococcaceae fam."	"unknown_Spp Ruminococcaceae fam."
"ASV_V1V2_01356"	"3d869fb85b33fc5782f11e60ced04e95"	"V1V2"	"Bacteria"	"Firmicutes"	"Clostridia"	"Clostridiales"	"Ruminococcaceae"	"unknown_Gen Ruminococcaceae fam."	"Gorbachella massiliensis"
"ASV_V1V2_01357"	"4dd4c98ebb8aeded658a3f6adcfc47fb"	"V1V2"	"Bacteria"	"Firmicutes"	"Clostridia"	"MBA03"	"unknown_Fam MBA03 ord."	"unknown_Gen MBA03 ord."	"unkown_Spp_Gen_Fam_0080"
"ASV_V1V2_01358"	"b40edfd455997274b5800fdc8a585ce7"	"V1V2"	"Bacteria"	"Firmicutes"	"Clostridia"	"Clostridiales"	"Ruminococcaceae"	"Ruminococcaceae UCG-009"	"unknown_Spp Ruminococcaceae UCG-009 gen."
"ASV_V1V2_01359"	"7ee0e25080746cc9b29cc3895d3727ee"	"V1V2"	"Bacteria"	"Proteobacteria"	"Alphaproteobacteria"	"Rhodospirillales"	"unknown_Fam Rhodospirillales ord."	"unknown_Gen Rhodospirillales ord."	"unkown_Spp_Gen_Fam_0081"
"ASV_V1V2_01360"	"bcdabed048637e9ffcdd0387485642e0"	"V1V2"	"Bacteria"	"Firmicutes"	"Clostridia"	"Clostridiales"	"Lachnospiraceae"	"Blautia"	"unknown_Spp Blautia gen."
"ASV_V1V2_01361"	"80783578b2c9b4ee66d49724eb4fe89c"	"V1V2"	"Bacteria"	"Firmicutes"	"Clostridia"	"Clostridiales"	"Clostridiaceae 1"	"Clostridium sensu stricto 3"	"unknown_Spp Clostridium sensu stricto 3 gen."
"ASV_V1V2_01362"	"b335767c32818949136a6ec519a2fe7e"	"V1V2"	"Bacteria"	"Firmicutes"	"Clostridia"	"Clostridiales"	"Ruminococcaceae"	"Ruminococcaceae UCG-010"	"unknown_Spp Ruminococcaceae UCG-010 gen."
"ASV_V1V2_01363"	"b8a042fcbd2b1e13d155e06ad38908e3"	"V1V2"	"Bacteria"	"Firmicutes"	"Clostridia"	"MBA03"	"unknown_Fam MBA03 ord."	"unknown_Gen MBA03 ord."	"unkown_Spp_Gen_Fam_0082"
"ASV_V1V2_01364"	"254318287147de1674f42713ed422606"	"V1V2"	"Bacteria"	"Firmicutes"	"Clostridia"	"Clostridiales"	"Ruminococcaceae"	"unknown_Gen Ruminococcaceae fam."	"unknown_Spp Ruminococcaceae fam."
"ASV_V1V2_01365"	"3a913e0d60a88ab69a95b5b241b47e29"	"V1V2"	"Bacteria"	"Firmicutes"	"Clostridia"	"Clostridiales"	"Ruminococcaceae"	"Ruminococcaceae UCG-010"	"unknown_Spp Ruminococcaceae UCG-010 gen."
"ASV_V1V2_01366"	"d9d8398be7dc928cc281d91103b493ce"	"V1V2"	"Bacteria"	"Firmicutes"	"Clostridia"	"Clostridiales"	"Ruminococcaceae"	"Ruminiclostridium"	"unknown_Spp Ruminiclostridium gen."
"ASV_V1V2_01367"	"d92ce00b1c4244199d43790cfa8931f0"	"V1V2"	"Bacteria"	"Firmicutes"	"Clostridia"	"MBA03"	"unknown_Fam MBA03 ord."	"unknown_Gen MBA03 ord."	"unkown_Spp_Gen_Fam_0083"
"ASV_V1V2_01368"	"d1e072cf6405a8674e9789022a5306b9"	"V1V2"	"Bacteria"	"Firmicutes"	"Clostridia"	"Clostridiales"	"Ruminococcaceae"	"unknown_Gen Ruminococcaceae fam."	"unknown_Spp Ruminococcaceae fam."
"ASV_V1V2_01369"	"41071b6f291b5b2bf6fb282f382bc528"	"V1V2"	"Bacteria"	"Firmicutes"	"Clostridia"	"Clostridiales"	"Ruminococcaceae"	"Ruminococcaceae UCG-014"	"unknown_Spp Ruminococcaceae UCG-014 gen."
"ASV_V1V2_01370"	"8431995d0acce638fc35259a3debb79e"	"V1V2"	"Bacteria"	"Firmicutes"	"Clostridia"	"MBA03"	"unknown_Fam MBA03 ord."	"unknown_Gen MBA03 ord."	"unkown_Spp_Gen_Fam_0084"
"ASV_V1V2_01371"	"a9a442a7ebc9ab198e0138d2f7f05eb9"	"V1V2"	"Bacteria"	"Firmicutes"	"Clostridia"	"Clostridiales"	"Christensenellaceae"	"Christensenellaceae R-7 gr."	"unknown_Spp Christensenellaceae R-7 gr. gen."
"ASV_V1V2_01372"	"2b6408e2563e0e56558fd277509dd2ce"	"V1V2"	"Bacteria"	"Firmicutes"	"Clostridia"	"Clostridiales"	"Ruminococcaceae"	"Ruminiclostridium 9"	"unknown_Spp Ruminiclostridium 9 gen."
"ASV_V1V2_01373"	"aaf9234920f6f090028e004f146d04c0"	"V1V2"	"Bacteria"	"Firmicutes"	"Clostridia"	"Clostridiales"	"Ruminococcaceae"	"Ruminococcaceae UCG-010"	"unknown_Spp Ruminococcaceae UCG-010 gen."
"ASV_V1V2_01374"	"f88faafa531c8dfde4cdd0ac14adc522"	"V1V2"	"Bacteria"	"Firmicutes"	"Clostridia"	"Clostridiales"	"Christensenellaceae"	"Christensenellaceae R-7 gr."	"unknown_Spp Christensenellaceae R-7 gr. gen."
"ASV_V1V2_01375"	"54067a4d904c18740ce76af34dc98c59"	"V1V2"	"Bacteria"	"Firmicutes"	"Clostridia"	"Clostridiales"	"Lachnospiraceae"	"unknown_Gen Lachnospiraceae fam."	"bacterium enrichment culture clone LA92"
"ASV_V1V2_01376"	"27ab037a43dd4cff124c561d9040483b"	"V1V2"	"Bacteria"	"Firmicutes"	"Clostridia"	"Clostridiales"	"Christensenellaceae"	"Christensenellaceae R-7 gr."	"unknown_Spp Christensenellaceae R-7 gr. gen."
"ASV_V1V2_01377"	"8c070f36b07fcdadf12de7f1175ba81b"	"V1V2"	"Bacteria"	"Firmicutes"	"Erysipelotrichia"	"Erysipelotrichales"	"Erysipelotrichaceae"	"Erysipelotrichaceae UCG-004"	"unknown_Spp Erysipelotrichaceae UCG-004 gen."
"ASV_V1V2_01378"	"4020f6b3a8cda6b33db4369c19bf9d43"	"V1V2"	"Bacteria"	"Firmicutes"	"Clostridia"	"Clostridiales"	"Ruminococcaceae"	"Ruminococcaceae UCG-014"	"unknown_Spp Ruminococcaceae UCG-014 gen."
"ASV_V1V2_01379"	"bec9b01fe4aa18621dc3fb29da451945"	"V1V2"	"Bacteria"	"Firmicutes"	"Clostridia"	"MBA03"	"unknown_Fam MBA03 ord."	"unknown_Gen MBA03 ord."	"unkown_Spp_Gen_Fam_0085"
"ASV_V1V2_01380"	"42a21f1b8459d652cb1bc39feae49f09"	"V1V2"	"Bacteria"	"Proteobacteria"	"Deltaproteobacteria"	"Desulfovibrionales"	"Desulfovibrionaceae"	"Desulfovibrio"	"Desulfovibrio piger"
"ASV_V1V2_01381"	"bda5884b49b0890861bf074ecdfd116a"	"V1V2"	"Bacteria"	"Firmicutes"	"Bacilli"	"Lactobacillales"	"unknown_Fam Lactobacillales ord."	"unknown_Gen Lactobacillales ord."	"unkown_Spp_Gen_Fam_0086"
"ASV_V1V2_01382"	"2a739dade6dcc331977f7539158c9924"	"V1V2"	"Bacteria"	"Firmicutes"	"Clostridia"	"Clostridiales"	"Lachnospiraceae"	"Blautia"	"unknown_Spp Blautia gen."
"ASV_V1V2_01383"	"36ac54771d4ed3efdc2a6b6cdd05c10e"	"V1V2"	"Bacteria"	"Firmicutes"	"Clostridia"	"Clostridiales"	"Christensenellaceae"	"Christensenellaceae R-7 gr."	"unknown_Spp Christensenellaceae R-7 gr. gen."
"ASV_V1V2_01384"	"40df9f993ce78273bfd6c736bbf8d852"	"V1V2"	"Bacteria"	"Firmicutes"	"Clostridia"	"Clostridiales"	"Lachnospiraceae"	"unknown_Gen Lachnospiraceae fam."	"bacterium enrichment culture clone LA92"
"ASV_V1V2_01385"	"dcba0b81c9aa743b7b2966494b0f0a1a"	"V1V2"	"Bacteria"	"Firmicutes"	"Clostridia"	"Clostridiales"	"Ruminococcaceae"	"Ruminococcaceae UCG-005"	"unknown_Spp Ruminococcaceae UCG-005 gen."
"ASV_V1V2_01386"	"c351e8f4c0e3b821b4af8de6ae7f817c"	"V1V2"	"Bacteria"	"Firmicutes"	"Clostridia"	"MBA03"	"unknown_Fam MBA03 ord."	"unknown_Gen MBA03 ord."	"unkown_Spp_Gen_Fam_0087"
"ASV_V1V2_01387"	"ff5a59704f3b4a901d0785e2c6234ffb"	"V1V2"	"Bacteria"	"Firmicutes"	"Clostridia"	"Clostridiales"	"Lachnospiraceae"	"unknown_Gen Lachnospiraceae fam."	"unknown_Spp Lachnospiraceae fam."
"ASV_V1V2_01388"	"e5562e90f84d3e94b4a6d3344b0648e5"	"V1V2"	"Bacteria"	"Proteobacteria"	"Deltaproteobacteria"	"Desulfovibrionales"	"Desulfovibrionaceae"	"unknown_Gen Desulfovibrionaceae fam."	"unknown_Spp Desulfovibrionaceae fam."
"ASV_V1V2_01389"	"4994c41bc156d816dfbaa7807b586d42"	"V1V2"	"Bacteria"	"Firmicutes"	"Clostridia"	"Clostridiales"	"Clostridiales vadinBB60 gr."	"unknown_Gen Clostridiales vadinBB60 gr. fam."	"unknown_Spp Clostridiales vadinBB60 gr. fam."
"ASV_V1V2_01390"	"841bf3b80bd05f26ccbcf0b8022684e8"	"V1V2"	"Bacteria"	"Bacteroidetes"	"Bacteroidia"	"Bacteroidales"	"Marinifilaceae"	"Butyricimonas"	"unknown_Spp Butyricimonas gen."
"ASV_V1V2_01391"	"169774de4991e2209208cbedf0541178"	"V1V2"	"Bacteria"	"Firmicutes"	"Clostridia"	"Clostridiales"	"Ruminococcaceae"	"Ruminococcaceae UCG-005"	"unknown_Spp Ruminococcaceae UCG-005 gen."
"ASV_V1V2_01392"	"20e3f9d603594313c3e65abbc5ab359a"	"V1V2"	"Bacteria"	"Firmicutes"	"Clostridia"	"Clostridiales"	"Lachnospiraceae"	"Lachnospiraceae FCS020 gr."	"unknown_Spp Lachnospiraceae FCS020 gr. gen."
"ASV_V1V2_01393"	"2f0e6c2aa5e895155a17ee39cbb20b8b"	"V1V2"	"Bacteria"	"Firmicutes"	"Clostridia"	"Clostridiales"	"Ruminococcaceae"	"Ruminococcaceae UCG-005"	"unknown_Spp Ruminococcaceae UCG-005 gen."
"ASV_V1V2_01394"	"c858f22babfd5bb3820718e5e7b5af83"	"V1V2"	"Bacteria"	"Firmicutes"	"Clostridia"	"Clostridiales"	"Ruminococcaceae"	"unknown_Gen Ruminococcaceae fam."	"unknown_Spp Ruminococcaceae fam."
"ASV_V1V2_01395"	"85f26309fe0705ed8258a69539f879ac"	"V1V2"	"Bacteria"	"Firmicutes"	"Clostridia"	"Clostridiales"	"Family XIII"	"Family XIII AD3011 gr."	"unknown_Spp Family XIII AD3011 gr. gen."
"ASV_V1V2_01396"	"27d071822628ce99ef453659ce93bfef"	"V1V2"	"Bacteria"	"Firmicutes"	"Clostridia"	"Clostridiales"	"Christensenellaceae"	"Christensenellaceae R-7 gr."	"unknown_Spp Christensenellaceae R-7 gr. gen."
"ASV_V1V2_01397"	"c0f28be41cae1843787875d2c6444546"	"V1V2"	"Bacteria"	"Firmicutes"	"Clostridia"	"MBA03"	"unknown_Fam MBA03 ord."	"unknown_Gen MBA03 ord."	"unkown_Spp_Gen_Fam_0088"
"ASV_V1V2_01398"	"4dc98b0df2c219d4bca010e0b5a82dee"	"V1V2"	"Bacteria"	"Firmicutes"	"Clostridia"	"MBA03"	"unknown_Fam MBA03 ord."	"unknown_Gen MBA03 ord."	"unkown_Spp_Gen_Fam_0089"
"ASV_V1V2_01399"	"85f7eab9b712fb3e4876e65f0fa3c92a"	"V1V2"	"Bacteria"	"Firmicutes"	"Clostridia"	"MBA03"	"unknown_Fam MBA03 ord."	"unknown_Gen MBA03 ord."	"unkown_Spp_Gen_Fam_0090"
"ASV_V1V2_01400"	"0848f564f93ff8de777aacbdc90a4be5"	"V1V2"	"Bacteria"	"Firmicutes"	"Negativicutes"	"Selenomonadales"	"Veillonellaceae"	"Megasphaera"	"unknown_Spp Megasphaera gen."
"ASV_V1V2_01401"	"d467aed1e06c19aa2e75aee3451dfc3a"	"V1V2"	"Bacteria"	"Firmicutes"	"Clostridia"	"Clostridiales"	"Lachnospiraceae"	"Blautia"	"Blautia massiliensis"
"ASV_V1V2_01402"	"a012ab00e8004dbabd459e8c059f30ca"	"V1V2"	"Bacteria"	"Firmicutes"	"Clostridia"	"Clostridiales"	"Ruminococcaceae"	"Ruminiclostridium 5"	"unknown_Spp Ruminiclostridium 5 gen."
"ASV_V1V2_01403"	"ba9742a190f5191a5de5b76376cc47cb"	"V1V2"	"Bacteria"	"Lentisphaerae"	"Lentisphaeria"	"Victivallales"	"Victivallaceae"	"Victivallis"	"unknown_Spp Victivallis gen."
"ASV_V1V2_01404"	"ffe8c17c015de539852704f144470429"	"V1V2"	"Bacteria"	"Firmicutes"	"Clostridia"	"Clostridiales"	"Christensenellaceae"	"Christensenellaceae R-7 gr."	"unknown_Spp Christensenellaceae R-7 gr. gen."
"ASV_V1V2_01405"	"9a4a89133d8858df23e6a2353c47dd74"	"V1V2"	"Bacteria"	"Tenericutes"	"Mollicutes"	"Mollicutes RF39"	"unknown_Fam Mollicutes RF39 ord."	"unknown_Gen Mollicutes RF39 ord."	"unkown_Spp_Gen_Fam_0091"
"ASV_V1V2_01406"	"71ba5a1291d7a29e7d0ec088346baa65"	"V1V2"	"Bacteria"	"Firmicutes"	"Clostridia"	"Clostridiales"	"Lachnospiraceae"	"Marvinbryantia"	"unknown_Spp Marvinbryantia gen."
"ASV_V1V2_01407"	"d2408c6c274411ed79725a74be0dc7eb"	"V1V2"	"Bacteria"	"Firmicutes"	"Clostridia"	"Clostridiales"	"Ruminococcaceae"	"Subdoligranulum"	"unknown_Spp Subdoligranulum gen."
"ASV_V1V2_01408"	"042324c13536c66a5af932b00d04899f"	"V1V2"	"Bacteria"	"Firmicutes"	"Clostridia"	"Clostridiales"	"Lachnospiraceae"	"unknown_Gen Lachnospiraceae fam."	"unknown_Spp Lachnospiraceae fam."
"ASV_V1V2_01409"	"0991b3a93adab2ec6bd56562dad58525"	"V1V2"	"Bacteria"	"Firmicutes"	"Clostridia"	"Clostridiales"	"Clostridiales vadinBB60 gr."	"unknown_Gen Clostridiales vadinBB60 gr. fam."	"unknown_Spp Clostridiales vadinBB60 gr. fam."
"ASV_V1V2_01410"	"067a2eb86aed400b95e1567997c2e786"	"V1V2"	"Bacteria"	"Proteobacteria"	"Gammaproteobacteria"	"Betaproteobacteriales"	"Burkholderiaceae"	"Parasutterella"	"unknown_Spp Parasutterella gen."
"ASV_V1V2_01411"	"bc88dec8a9866dbd666fbb2f1049a942"	"V1V2"	"Bacteria"	"Firmicutes"	"Clostridia"	"MBA03"	"unknown_Fam MBA03 ord."	"unknown_Gen MBA03 ord."	"unkown_Spp_Gen_Fam_0092"
"ASV_V1V2_01412"	"b66923e5711f4454ced2420cc3aecaa1"	"V1V2"	"Bacteria"	"Firmicutes"	"Clostridia"	"Clostridiales"	"Lachnospiraceae"	"Lachnospiraceae ND3007 gr."	"unknown_Spp Lachnospiraceae ND3007 gr. gen."
"ASV_V1V2_01413"	"cea8ea44af5fe935b312653f160b6215"	"V1V2"	"Bacteria"	"Firmicutes"	"Clostridia"	"Clostridiales"	"Christensenellaceae"	"Christensenellaceae R-7 gr."	"unknown_Spp Christensenellaceae R-7 gr. gen."
"ASV_V1V2_01414"	"8f5ad17ef753a712e30d42403f2cf3ab"	"V1V2"	"Bacteria"	"Firmicutes"	"Clostridia"	"Clostridiales"	"Peptococcaceae"	"unknown_Gen Peptococcaceae fam."	"unknown_Spp Peptococcaceae fam."
"ASV_V1V2_01415"	"d62df5884902e30e19ba89d5cde54267"	"V1V2"	"Bacteria"	"Firmicutes"	"Clostridia"	"Clostridiales"	"Ruminococcaceae"	"unknown_Gen Ruminococcaceae fam."	"unknown_Spp Ruminococcaceae fam."
"ASV_V1V2_01416"	"d080bec7373556d43ef418e4c40b002c"	"V1V2"	"Bacteria"	"Bacteroidetes"	"Bacteroidia"	"Bacteroidales"	"Marinifilaceae"	"Sanguibacteroides"	"unknown_Spp Sanguibacteroides gen."
"ASV_V1V2_01417"	"1a1d8279b9f8a4c0e34478786254c3d4"	"V1V2"	"Bacteria"	"Firmicutes"	"Clostridia"	"Clostridiales"	"Peptococcaceae"	"unknown_Gen Peptococcaceae fam."	"unknown_Spp Peptococcaceae fam."
"ASV_V1V2_01418"	"52f5161dc80ff12b11101e9e84f3fb55"	"V1V2"	"Bacteria"	"Firmicutes"	"Negativicutes"	"Selenomonadales"	"Veillonellaceae"	"Megasphaera"	"unknown_Spp Megasphaera gen."
"ASV_V1V2_01419"	"07f7c81304b1c3bd5aa21902700682f4"	"V1V2"	"Bacteria"	"Firmicutes"	"Clostridia"	"Clostridiales"	"Lachnospiraceae"	"Lachnoclostridium"	"unknown_Spp Lachnoclostridium gen."
"ASV_V1V2_01420"	"a83b1cd4dfd5a1ffab7836834994f66a"	"V1V2"	"Bacteria"	"Firmicutes"	"Clostridia"	"Clostridiales"	"Ruminococcaceae"	"Ruminiclostridium 9"	"Colidextribacter massiliensis"
"ASV_V1V2_01421"	"8cc29415f667cc5e22199b2c64dadc26"	"V1V2"	"Bacteria"	"Actinobacteria"	"Actinobacteria"	"Bifidobacteriales"	"Bifidobacteriaceae"	"Bifidobacterium"	"unknown_Spp Bifidobacterium gen."
"ASV_V1V2_01422"	"85866c461cb66709e648ee9e2f6fcf69"	"V1V2"	"Bacteria"	"Firmicutes"	"Clostridia"	"Clostridiales"	"Ruminococcaceae"	"Ruminococcaceae UCG-005"	"unknown_Spp Ruminococcaceae UCG-005 gen."
"ASV_V1V2_01423"	"2369d95c2d11ecf4532e9e47f739b588"	"V1V2"	"Bacteria"	"Firmicutes"	"Clostridia"	"Clostridiales"	"Ruminococcaceae"	"unknown_Gen Ruminococcaceae fam."	"unknown_Spp Ruminococcaceae fam."
"ASV_V1V2_01424"	"d3360f255551dcd67ccc7d345e016d29"	"V1V2"	"Bacteria"	"Firmicutes"	"Clostridia"	"Clostridiales"	"Ruminococcaceae"	"unknown_Gen Ruminococcaceae fam."	"unknown_Spp Ruminococcaceae fam."
"ASV_V1V2_01425"	"cf260f19e59f51bbb9344a586d1359c8"	"V1V2"	"Bacteria"	"Firmicutes"	"Clostridia"	"Clostridiales"	"Ruminococcaceae"	"Ruminococcaceae UCG-013"	"unknown_Spp Ruminococcaceae UCG-013 gen."
"ASV_V1V2_01426"	"d7a080461db509402d037664d72fe87b"	"V1V2"	"Bacteria"	"Firmicutes"	"Clostridia"	"MBA03"	"unknown_Fam MBA03 ord."	"unknown_Gen MBA03 ord."	"unkown_Spp_Gen_Fam_0093"
"ASV_V1V2_01427"	"264986a74128c129cc5100238cad73cf"	"V1V2"	"Bacteria"	"Firmicutes"	"Negativicutes"	"Selenomonadales"	"Veillonellaceae"	"Allisonella"	"unknown_Spp Allisonella gen."
"ASV_V1V2_01428"	"a0940ecc0adfd5710b47ab3a3d24f7b5"	"V1V2"	"Bacteria"	"Firmicutes"	"Clostridia"	"Clostridiales"	"Ruminococcaceae"	"Ruminococcaceae UCG-014"	"unknown_Spp Ruminococcaceae UCG-014 gen."
"ASV_V1V2_01429"	"84469fe89966f26014e8b065416dde8d"	"V1V2"	"Bacteria"	"Firmicutes"	"Clostridia"	"Clostridiales"	"Christensenellaceae"	"Christensenellaceae R-7 gr."	"unknown_Spp Christensenellaceae R-7 gr. gen."
"ASV_V1V2_01430"	"cfecbf0eadb0e6c8083f7abb1cf6826a"	"V1V2"	"Bacteria"	"Firmicutes"	"Clostridia"	"Clostridiales"	"Ruminococcaceae"	"Ruminococcaceae UCG-002"	"unknown_Spp Ruminococcaceae UCG-002 gen."
"ASV_V1V2_01431"	"a743f63fa3f537b6b68a891e70b2098b"	"V1V2"	"Bacteria"	"Firmicutes"	"Clostridia"	"MBA03"	"unknown_Fam MBA03 ord."	"unknown_Gen MBA03 ord."	"unkown_Spp_Gen_Fam_0094"
"ASV_V1V2_01432"	"bd38a2119d4225c4a1a39ea8b8640afb"	"V1V2"	"Bacteria"	"Firmicutes"	"Clostridia"	"Clostridiales"	"Lachnospiraceae"	"Lachnospiraceae FCS020 gr."	"unknown_Spp Lachnospiraceae FCS020 gr. gen."
"ASV_V1V2_01433"	"76806a7cffa316ac9c24900c63979e36"	"V1V2"	"Bacteria"	"Firmicutes"	"Erysipelotrichia"	"Erysipelotrichales"	"Erysipelotrichaceae"	"Merdibacter"	"Merdibacter massiliensis"
"ASV_V1V2_01434"	"4f41f9db10ce745e50ca6c5fb80c6fe7"	"V1V2"	"Bacteria"	"Firmicutes"	"Clostridia"	"Clostridiales"	"Ruminococcaceae"	"unknown_Gen Ruminococcaceae fam."	"unknown_Spp Ruminococcaceae fam."
"ASV_V1V2_01435"	"fbf67228e39adba371646c2d554df520"	"V1V2"	"Bacteria"	"Firmicutes"	"Clostridia"	"Clostridiales"	"Clostridiaceae 1"	"Clostridium sensu stricto 1"	"unknown_Spp Clostridium sensu stricto 1 gen."
"ASV_V1V2_01436"	"f75c3de5c5e61447dd547b2345cae918"	"V1V2"	"Bacteria"	"Firmicutes"	"Clostridia"	"Clostridiales"	"Lachnospiraceae"	"Marvinbryantia"	"unknown_Spp Marvinbryantia gen."
"ASV_V1V2_01437"	"0ec9484c725dcbade9be631f8319c092"	"V1V2"	"Bacteria"	"Firmicutes"	"Clostridia"	"MBA03"	"unknown_Fam MBA03 ord."	"unknown_Gen MBA03 ord."	"unkown_Spp_Gen_Fam_0095"
"ASV_V1V2_01438"	"34da4651de66e6d62e838a76e13c3e10"	"V1V2"	"Bacteria"	"Firmicutes"	"Clostridia"	"Clostridiales"	"Ruminococcaceae"	"Ruminococcaceae UCG-014"	"unknown_Spp Ruminococcaceae UCG-014 gen."
"ASV_V1V2_01439"	"ef541a7b7077e16dc47402fc41e7921c"	"V1V2"	"Bacteria"	"Firmicutes"	"Clostridia"	"Clostridiales"	"Peptococcaceae"	"unknown_Gen Peptococcaceae fam."	"unknown_Spp Peptococcaceae fam."
"ASV_V1V2_01440"	"7ee5d71db1c65cc01e0641ea971b8a3c"	"V1V2"	"Bacteria"	"Firmicutes"	"Clostridia"	"Clostridiales"	"Ruminococcaceae"	"Ruminococcaceae UCG-010"	"unknown_Spp Ruminococcaceae UCG-010 gen."
"ASV_V1V2_01441"	"ca3f44f9f6fc91ca7a37702797405da8"	"V1V2"	"Bacteria"	"Firmicutes"	"Clostridia"	"Clostridiales"	"Ruminococcaceae"	"Ruminococcaceae UCG-013"	"unknown_Spp Ruminococcaceae UCG-013 gen."
"ASV_V1V2_01442"	"17f6d59716cf186717570e92fa6904bf"	"V1V2"	"Bacteria"	"Bacteroidetes"	"Bacteroidia"	"Bacteroidales"	"Rikenellaceae"	"Alistipes"	"Alistipes sp. N15.MGS-157"
"ASV_V1V2_01443"	"7a45e39fad9290ed25f333b733e13f55"	"V1V2"	"Bacteria"	"Firmicutes"	"Clostridia"	"Clostridiales"	"Ruminococcaceae"	"Ruminococcaceae UCG-009"	"unknown_Spp Ruminococcaceae UCG-009 gen."
"ASV_V1V2_01444"	"1563ff06f450cf65d3f243a6afc67700"	"V1V2"	"Bacteria"	"Firmicutes"	"Clostridia"	"Clostridiales"	"Ruminococcaceae"	"unknown_Gen Ruminococcaceae fam."	"unknown_Spp Ruminococcaceae fam."
"ASV_V1V2_01445"	"8e82d6389be24ddfb0aec68fae55a6ab"	"V1V2"	"Bacteria"	"Firmicutes"	"Clostridia"	"MBA03"	"unknown_Fam MBA03 ord."	"unknown_Gen MBA03 ord."	"unkown_Spp_Gen_Fam_0096"
"ASV_V1V2_01446"	"02327d3fecce642acceaaea263f94741"	"V1V2"	"Bacteria"	"Firmicutes"	"Clostridia"	"Clostridiales"	"Ruminococcaceae"	"unknown_Gen Ruminococcaceae fam."	"unknown_Spp Ruminococcaceae fam."
"ASV_V1V2_01447"	"9c2f443ec795cb7e48979f11554fe951"	"V1V2"	"Bacteria"	"Firmicutes"	"Clostridia"	"MBA03"	"unknown_Fam MBA03 ord."	"unknown_Gen MBA03 ord."	"unkown_Spp_Gen_Fam_0097"
"ASV_V1V2_01448"	"c4b6df9da00aed5f5dc5e901089d614f"	"V1V2"	"Bacteria"	"Bacteroidetes"	"Bacteroidia"	"Bacteroidales"	"Prevotellaceae"	"Prevotella 9"	"unknown_Spp Prevotella 9 gen."
"ASV_V1V2_01449"	"cf3d0ab380c96f9efd09ae93e666f7b9"	"V1V2"	"Bacteria"	"Firmicutes"	"Clostridia"	"Clostridiales"	"Ruminococcaceae"	"Ruminococcaceae UCG-009"	"unknown_Spp Ruminococcaceae UCG-009 gen."
"ASV_V1V2_01450"	"466e06a0983f633081eaff084d79803c"	"V1V2"	"Bacteria"	"Firmicutes"	"Clostridia"	"Clostridiales"	"Ruminococcaceae"	"Ruminococcaceae UCG-010"	"unknown_Spp Ruminococcaceae UCG-010 gen."
"ASV_V1V2_01451"	"f78e0f0e51fb15feecd59982ee81e490"	"V1V2"	"Bacteria"	"Firmicutes"	"Clostridia"	"Clostridiales"	"Lachnospiraceae"	"Fusicatenibacter"	"unknown_Spp Fusicatenibacter gen."
"ASV_V1V2_01452"	"2ed76ce6dfead3bbb6c3c2e69cde6755"	"V1V2"	"Bacteria"	"Firmicutes"	"Negativicutes"	"Selenomonadales"	"Veillonellaceae"	"Veillonella"	"unknown_Spp Veillonella gen."
"ASV_V1V2_01453"	"461609410339c97ebed2a3946dba6cc4"	"V1V2"	"Bacteria"	"Firmicutes"	"Clostridia"	"Clostridiales"	"Ruminococcaceae"	"Eubacterium coprostanoligenes gr."	"unknown_Spp Eubacterium coprostanoligenes gr. gen."
"ASV_V1V2_01454"	"7cca9aedc830ab37ff0dc362a74501b4"	"V1V2"	"Bacteria"	"Bacteroidetes"	"Bacteroidia"	"Bacteroidales"	"Tannerellaceae"	"Parabacteroides"	"unknown_Spp Parabacteroides gen."
"ASV_V1V2_01455"	"2996dff20ecea8fe46d5e65e92001411"	"V1V2"	"Bacteria"	"Firmicutes"	"Clostridia"	"Clostridiales"	"Ruminococcaceae"	"Ruminococcaceae UCG-009"	"unknown_Spp Ruminococcaceae UCG-009 gen."
"ASV_V1V2_01456"	"8af1fac5b33008fb0aeb672144c3af3f"	"V1V2"	"Bacteria"	"Firmicutes"	"Clostridia"	"MBA03"	"unknown_Fam MBA03 ord."	"unknown_Gen MBA03 ord."	"unkown_Spp_Gen_Fam_0098"
"ASV_V1V2_01457"	"e1627d45bc8319e61419fbdca1be5d98"	"V1V2"	"Bacteria"	"Firmicutes"	"Negativicutes"	"Selenomonadales"	"Veillonellaceae"	"Veillonella"	"unknown_Spp Veillonella gen."
"ASV_V1V2_01458"	"84e9f672af1a6a1d1ca28b479bb5bea3"	"V1V2"	"Bacteria"	"Firmicutes"	"Clostridia"	"Clostridiales"	"Ruminococcaceae"	"unknown_Gen Ruminococcaceae fam."	"unknown_Spp Ruminococcaceae fam."
"ASV_V1V2_01459"	"23785e36f45089fd87fe833a1a1dda61"	"V1V2"	"Bacteria"	"Firmicutes"	"Clostridia"	"Clostridiales"	"Christensenellaceae"	"unknown_Gen Christensenellaceae fam."	"unknown_Spp Christensenellaceae fam."
"ASV_V1V2_01460"	"ec64b191a0a61cdf10d27f8d89222f70"	"V1V2"	"Bacteria"	"Firmicutes"	"Clostridia"	"Clostridiales"	"Lachnospiraceae"	"unknown_Gen Lachnospiraceae fam."	"unknown_Spp Lachnospiraceae fam."
"ASV_V1V2_01461"	"23c5460a09d40246a7c568514fb9cdea"	"V1V2"	"Bacteria"	"Firmicutes"	"Clostridia"	"Clostridiales"	"Ruminococcaceae"	"Ruminococcaceae UCG-010"	"unknown_Spp Ruminococcaceae UCG-010 gen."
"ASV_V1V2_01462"	"2061b456a8c8163cf0a4afe6c997006f"	"V1V2"	"Bacteria"	"Bacteroidetes"	"Bacteroidia"	"Flavobacteriales"	"Flavobacteriaceae"	"unknown_Gen Flavobacteriaceae fam."	"unknown_Spp Flavobacteriaceae fam."
"ASV_V1V2_01463"	"8ec1c94c56678ed1f9c262b1a46225f9"	"V1V2"	"Bacteria"	"Firmicutes"	"Clostridia"	"MBA03"	"unknown_Fam MBA03 ord."	"unknown_Gen MBA03 ord."	"unkown_Spp_Gen_Fam_0099"
"ASV_V1V2_01464"	"fbe898e0b8d398a0d431e698641fca78"	"V1V2"	"Bacteria"	"Firmicutes"	"Clostridia"	"Clostridiales"	"Christensenellaceae"	"Christensenellaceae R-7 gr."	"unknown_Spp Christensenellaceae R-7 gr. gen."
"ASV_V1V2_01465"	"2fc10d30a4388edfca7a81f01671003f"	"V1V2"	"Bacteria"	"Firmicutes"	"Clostridia"	"MBA03"	"unknown_Fam MBA03 ord."	"unknown_Gen MBA03 ord."	"unkown_Spp_Gen_Fam_0100"
"ASV_V1V2_01466"	"7911da00f47713617fcb3029708644fc"	"V1V2"	"Bacteria"	"Bacteroidetes"	"Bacteroidia"	"Bacteroidales"	"Marinifilaceae"	"Butyricimonas"	"unknown_Spp Butyricimonas gen."
"ASV_V1V2_01467"	"7db102cbf3fa06781be62eb152d69211"	"V1V2"	"Bacteria"	"Firmicutes"	"Clostridia"	"Clostridiales"	"Christensenellaceae"	"Christensenellaceae R-7 gr."	"unknown_Spp Christensenellaceae R-7 gr. gen."
"ASV_V1V2_01468"	"5699c2ee2eaaada0ce1b6e67fdeeb1bf"	"V1V2"	"Bacteria"	"Firmicutes"	"Clostridia"	"Clostridiales"	"Ruminococcaceae"	"unknown_Gen Ruminococcaceae fam."	"unknown_Spp Ruminococcaceae fam."
"ASV_V1V2_01469"	"9b721f95147df8f945ac3cc44227e5cb"	"V1V2"	"Bacteria"	"Firmicutes"	"Clostridia"	"Clostridiales"	"Ruminococcaceae"	"unknown_Gen Ruminococcaceae fam."	"unknown_Spp Ruminococcaceae fam."
"ASV_V1V2_01470"	"ab472e3a538dce417a0e610b2934586f"	"V1V2"	"Bacteria"	"Firmicutes"	"Clostridia"	"Clostridiales"	"Ruminococcaceae"	"Phocea"	"unknown_Spp Phocea gen."
"ASV_V1V2_01471"	"78b98a83068f249e829dbf4f7905d868"	"V1V2"	"Bacteria"	"Proteobacteria"	"Deltaproteobacteria"	"Desulfovibrionales"	"Desulfovibrionaceae"	"Desulfovibrio"	"unknown_Spp Desulfovibrio gen."
"ASV_V1V2_01472"	"4dd92b51c28730d423e899263eb4a764"	"V1V2"	"Bacteria"	"Firmicutes"	"Clostridia"	"Clostridiales"	"Christensenellaceae"	"Christensenellaceae R-7 gr."	"unknown_Spp Christensenellaceae R-7 gr. gen."
"ASV_V1V2_01473"	"002f1f4ef306161375fd947a888a7aa1"	"V1V2"	"Bacteria"	"Firmicutes"	"Clostridia"	"Clostridiales"	"Clostridiales vadinBB60 gr."	"unknown_Gen Clostridiales vadinBB60 gr. fam."	"unknown_Spp Clostridiales vadinBB60 gr. fam."
"ASV_V1V2_01474"	"322a18a2b39644c643ce5d44dff20df1"	"V1V2"	"Bacteria"	"Proteobacteria"	"Gammaproteobacteria"	"Betaproteobacteriales"	"Burkholderiaceae"	"Parasutterella"	"unknown_Spp Parasutterella gen."
"ASV_V1V2_01475"	"c8c3d2c25ef6375a212cdfedb9cdd354"	"V1V2"	"Bacteria"	"Bacteroidetes"	"Bacteroidia"	"Bacteroidales"	"Tannerellaceae"	"Parabacteroides"	"unknown_Spp Parabacteroides gen."
"ASV_V1V2_01476"	"92674e5b3b769d2541e26bd59b873af7"	"V1V2"	"Bacteria"	"Firmicutes"	"Clostridia"	"Clostridiales"	"Ruminococcaceae"	"unknown_Gen Ruminococcaceae fam."	"unknown_Spp Ruminococcaceae fam."
"ASV_V1V2_01477"	"de504abd8bb739ce9b4259d5e3a6f96b"	"V1V2"	"Bacteria"	"Firmicutes"	"Clostridia"	"Clostridiales"	"Family XIII"	"unknown_Gen Family XIII fam."	"unknown_Spp Family XIII fam."
"ASV_V1V2_01478"	"06bf8321e93c6ed7e7045ec7cd54d327"	"V1V2"	"Bacteria"	"Firmicutes"	"Clostridia"	"Clostridiales"	"Ruminococcaceae"	"Ruminococcaceae UCG-005"	"unknown_Spp Ruminococcaceae UCG-005 gen."
"ASV_V1V2_01479"	"076af0973ab15f8040efcba5adbc2ce4"	"V1V2"	"Bacteria"	"Firmicutes"	"Clostridia"	"Clostridiales"	"Ruminococcaceae"	"Ruminococcaceae UCG-009"	"unknown_Spp Ruminococcaceae UCG-009 gen."
"ASV_V1V2_01480"	"b0f8e96013b75cdba95281bf3ddd309f"	"V1V2"	"Bacteria"	"Firmicutes"	"Clostridia"	"Clostridiales"	"Ruminococcaceae"	"Ruminococcaceae UCG-014"	"unknown_Spp Ruminococcaceae UCG-014 gen."
"ASV_V1V2_01481"	"5737b6d5bd14c4d10f2b509f7a4f24bf"	"V1V2"	"Bacteria"	"Firmicutes"	"Clostridia"	"Clostridiales"	"Ruminococcaceae"	"unknown_Gen Ruminococcaceae fam."	"unknown_Spp Ruminococcaceae fam."
"ASV_V1V2_01482"	"c3a4c32924f65966cf4831d22a30a184"	"V1V2"	"Bacteria"	"Firmicutes"	"Clostridia"	"Clostridiales"	"Christensenellaceae"	"Christensenellaceae R-7 gr."	"unknown_Spp Christensenellaceae R-7 gr. gen."
"ASV_V1V2_01483"	"58e2a1659352a299dbe880fffa2b3a9d"	"V1V2"	"Bacteria"	"Actinobacteria"	"Coriobacteriia"	"Coriobacteriales"	"Coriobacteriales Incertae Sedis"	"Raoultibacter"	"Raoultibacter massiliensis"
"ASV_V1V2_01484"	"b2ba26face8c8bb33ad250fdc8c9ad1a"	"V1V2"	"Bacteria"	"Firmicutes"	"Erysipelotrichia"	"Erysipelotrichales"	"Erysipelotrichaceae"	"Holdemania"	"unknown_Spp Holdemania gen."
"ASV_V1V2_01485"	"be080cbb26541a689c712d5b239fa1dd"	"V1V2"	"Bacteria"	"Firmicutes"	"Clostridia"	"MBA03"	"unknown_Fam MBA03 ord."	"unknown_Gen MBA03 ord."	"unkown_Spp_Gen_Fam_0101"
"ASV_V1V2_01486"	"b43edd46a3c10a1187ab39c4cf99e880"	"V1V2"	"Bacteria"	"Firmicutes"	"Clostridia"	"Clostridiales"	"Ruminococcaceae"	"Ruminococcaceae UCG-010"	"unknown_Spp Ruminococcaceae UCG-010 gen."
"ASV_V1V2_01487"	"6d76582b8348ba824f975419a97e66db"	"V1V2"	"Bacteria"	"Firmicutes"	"Clostridia"	"Clostridiales"	"Ruminococcaceae"	"Ruminiclostridium 9"	"unknown_Spp Ruminiclostridium 9 gen."
"ASV_V1V2_01488"	"91fd5beafa7625e4998cb43f53485b2d"	"V1V2"	"Bacteria"	"Firmicutes"	"Clostridia"	"Clostridiales"	"Christensenellaceae"	"unknown_Gen Christensenellaceae fam."	"unknown_Spp Christensenellaceae fam."
"ASV_V1V2_01489"	"0bc83ce3ebd4df213969362f18ceb2d2"	"V1V2"	"Bacteria"	"Verrucomicrobia"	"Verrucomicrobiae"	"Opitutales"	"Puniceicoccaceae"	"unknown_Gen Puniceicoccaceae fam."	"unknown_Spp Puniceicoccaceae fam."
"ASV_V1V2_01490"	"b691e1eb1b72a4adf9898a00db279f7e"	"V1V2"	"Bacteria"	"Firmicutes"	"Clostridia"	"Clostridiales"	"Lachnospiraceae"	"Eisenbergiella"	"unknown_Spp Eisenbergiella gen."
"ASV_V1V2_01491"	"2c9d12f8084436042d61ba404822a386"	"V1V2"	"Bacteria"	"Firmicutes"	"Clostridia"	"Clostridiales"	"Ruminococcaceae"	"Ruminococcaceae UCG-010"	"unknown_Spp Ruminococcaceae UCG-010 gen."
"ASV_V1V2_01492"	"72ab1660fad40f78f6a579f78c7e5dca"	"V1V2"	"Bacteria"	"Firmicutes"	"Clostridia"	"Clostridiales"	"Ruminococcaceae"	"unknown_Gen Ruminococcaceae fam."	"unknown_Spp Ruminococcaceae fam."
"ASV_V1V2_01493"	"5588ad2289f0080e1a6d2628bde5e1d7"	"V1V2"	"Bacteria"	"Firmicutes"	"Clostridia"	"Clostridiales"	"Ruminococcaceae"	"Ruminococcaceae UCG-010"	"unknown_Spp Ruminococcaceae UCG-010 gen."
"ASV_V1V2_01494"	"77d49428d423d407bb3dfe0daa263935"	"V1V2"	"Bacteria"	"Firmicutes"	"Bacilli"	"Lactobacillales"	"Streptococcaceae"	"Streptococcus"	"Streptococcus anginosus subsp. anginosus"
"ASV_V1V2_01495"	"d9f7d93f4ad1c0141e924d3a53bd2146"	"V1V2"	"Bacteria"	"Tenericutes"	"Mollicutes"	"Mollicutes RF39"	"unknown_Fam Mollicutes RF39 ord."	"unknown_Gen Mollicutes RF39 ord."	"unkown_Spp_Gen_Fam_0102"
"ASV_V1V2_01496"	"5597a7851e7233f4d7864783daf8f7dc"	"V1V2"	"Bacteria"	"Firmicutes"	"Clostridia"	"Clostridiales"	"Lachnospiraceae"	"Blautia"	"unknown_Spp Blautia gen."
"ASV_V1V2_01497"	"55cbe139af34404bba34462f1152a7f7"	"V1V2"	"Bacteria"	"Actinobacteria"	"Coriobacteriia"	"Coriobacteriales"	"Eggerthellaceae"	"unknown_Gen Eggerthellaceae fam."	"unknown_Spp Eggerthellaceae fam."
"ASV_V1V2_01498"	"40bed297e8dbe57684ebc5ce6ce55479"	"V1V2"	"Bacteria"	"Firmicutes"	"Bacilli"	"Lactobacillales"	"Lactobacillaceae"	"Lactobacillus"	"bacterium Te52A"
"ASV_V1V2_01499"	"7ba93ce336be606a2b8deb661bd9bf7a"	"V1V2"	"Bacteria"	"Firmicutes"	"Clostridia"	"Clostridiales"	"Christensenellaceae"	"Christensenellaceae R-7 gr."	"unknown_Spp Christensenellaceae R-7 gr. gen."
"ASV_V1V2_01500"	"2c0d5c343d07b044abf8544f7aed325e"	"V1V2"	"Bacteria"	"Bacteroidetes"	"Bacteroidia"	"Bacteroidales"	"Marinifilaceae"	"Butyricimonas"	"unknown_Spp Butyricimonas gen."
"ASV_V1V2_01501"	"f5cdfe5067396604e427522cb930a35f"	"V1V2"	"Bacteria"	"Firmicutes"	"Clostridia"	"Clostridiales"	"Ruminococcaceae"	"unknown_Gen Ruminococcaceae fam."	"unknown_Spp Ruminococcaceae fam."
"ASV_V1V2_01502"	"15184b99a576ebd09998e20e58e890e4"	"V1V2"	"Bacteria"	"Firmicutes"	"Clostridia"	"Clostridiales"	"Ruminococcaceae"	"Ruminococcaceae UCG-013"	"unknown_Spp Ruminococcaceae UCG-013 gen."
"ASV_V1V2_01503"	"667209175dc407e3aab73816eecb4d8c"	"V1V2"	"Bacteria"	"Cyanobacteria"	"Melainabacteria"	"Gastranaerophilales"	"unknown_Fam Gastranaerophilales ord."	"unknown_Gen Gastranaerophilales ord."	"unkown_Spp_Gen_Fam_0103"
"ASV_V1V2_01504"	"a6d7d37530bc87c535bfaf9be9c6e932"	"V1V2"	"Bacteria"	"Cyanobacteria"	"Melainabacteria"	"Gastranaerophilales"	"unknown_Fam Gastranaerophilales ord."	"unknown_Gen Gastranaerophilales ord."	"unkown_Spp_Gen_Fam_0104"
"ASV_V1V2_01505"	"769b0b1711b514c4d3f4d13710082c06"	"V1V2"	"Bacteria"	"Firmicutes"	"Clostridia"	"Clostridiales"	"Lachnospiraceae"	"Blautia"	"unknown_Spp Blautia gen."
"ASV_V1V2_01506"	"fe8121f0ef8b13467a193ad7ba905483"	"V1V2"	"Bacteria"	"Firmicutes"	"Clostridia"	"Clostridiales"	"Ruminococcaceae"	"Anaerofilum"	"unknown_Spp Anaerofilum gen."
"ASV_V1V2_01507"	"0910b4263f95e7622d0dd911705d6449"	"V1V2"	"Bacteria"	"Bacteroidetes"	"Bacteroidia"	"Bacteroidales"	"Tannerellaceae"	"Parabacteroides"	"unknown_Spp Parabacteroides gen."
"ASV_V1V2_01508"	"77f3aeb83d435d5db7cacfae2bc9ce42"	"V1V2"	"Bacteria"	"Firmicutes"	"Clostridia"	"Clostridiales"	"Ruminococcaceae"	"Ruminococcaceae NK4A214 gr."	"unknown_Spp Ruminococcaceae NK4A214 gr. gen."
"ASV_V1V2_01509"	"bd8aa5f8496e325534c2f1c1eff22971"	"V1V2"	"Bacteria"	"Firmicutes"	"Clostridia"	"Clostridiales"	"Ruminococcaceae"	"unknown_Gen Ruminococcaceae fam."	"unknown_Spp Ruminococcaceae fam."
"ASV_V1V2_01510"	"4bf6043deee5582bc0a3ac82ef470294"	"V1V2"	"Bacteria"	"Tenericutes"	"Mollicutes"	"Mollicutes RF39"	"unknown_Fam Mollicutes RF39 ord."	"unknown_Gen Mollicutes RF39 ord."	"unkown_Spp_Gen_Fam_0105"
"ASV_V1V2_01511"	"9f8799ebcda45069c70abf61cacbba30"	"V1V2"	"Bacteria"	"Firmicutes"	"Clostridia"	"Clostridiales"	"Family XI"	"Anaerococcus"	"unknown_Spp Anaerococcus gen."
"ASV_V1V2_01512"	"da355c101297b9eb5e068e3a437da469"	"V1V2"	"Bacteria"	"Firmicutes"	"Clostridia"	"Clostridiales"	"Lachnospiraceae"	"Blautia"	"unknown_Spp Blautia gen."
"ASV_V1V2_01513"	"3cbaddae93e41c796044399b1d9ca67f"	"V1V2"	"Bacteria"	"Tenericutes"	"Mollicutes"	"Mollicutes RF39"	"unknown_Fam Mollicutes RF39 ord."	"unknown_Gen Mollicutes RF39 ord."	"unkown_Spp_Gen_Fam_0106"
"ASV_V1V2_01514"	"b3eb2c922f43773459865db365ebc9b2"	"V1V2"	"Bacteria"	"Firmicutes"	"Clostridia"	"Clostridiales"	"Ruminococcaceae"	"Ruminiclostridium 1"	"unknown_Spp Ruminiclostridium 1 gen."
"ASV_V1V2_01515"	"08a86d8826a537be89799a359b847761"	"V1V2"	"Bacteria"	"Firmicutes"	"Clostridia"	"Clostridiales"	"Lachnospiraceae"	"unknown_Gen Lachnospiraceae fam."	"unknown_Spp Lachnospiraceae fam."
"ASV_V1V2_01516"	"777dbb4fe0022c19efafc47839ae302e"	"V1V2"	"Bacteria"	"Firmicutes"	"Clostridia"	"Clostridiales"	"Ruminococcaceae"	"unknown_Gen Ruminococcaceae fam."	"unknown_Spp Ruminococcaceae fam."
"ASV_V1V2_01517"	"667a0f160edc82eeda6e4fcfd95bb58f"	"V1V2"	"Bacteria"	"Firmicutes"	"Erysipelotrichia"	"Erysipelotrichales"	"Erysipelotrichaceae"	"Holdemania"	"unknown_Spp Holdemania gen."
"ASV_V1V2_01518"	"05efaaa8f85d3bd2556f4f2a4d3a4118"	"V1V2"	"Bacteria"	"Firmicutes"	"Clostridia"	"Clostridiales"	"Lachnospiraceae"	"Fusicatenibacter"	"unknown_Spp Fusicatenibacter gen."
"ASV_V1V2_01519"	"c544dc700f1cb079ecc43cf67a76cde0"	"V1V2"	"Bacteria"	"Firmicutes"	"Clostridia"	"Clostridiales"	"Ruminococcaceae"	"Hydrogenoanaerobacterium"	"unknown_Spp Hydrogenoanaerobacterium gen."
"ASV_V1V2_01520"	"cc7ea7b2a1674ffd68268f08452a809b"	"V1V2"	"Bacteria"	"Firmicutes"	"Clostridia"	"Clostridiales"	"Lachnospiraceae"	"Blautia"	"unknown_Spp Blautia gen."
"ASV_V1V2_01521"	"dd4a753f692fae1cbcb0e9428d21cb98"	"V1V2"	"Bacteria"	"Bacteroidetes"	"Bacteroidia"	"Bacteroidales"	"Marinifilaceae"	"Sanguibacteroides"	"unknown_Spp Sanguibacteroides gen."
"ASV_V1V2_01522"	"c3f39cc6caff1ea6ee92442cfe460781"	"V1V2"	"Bacteria"	"Firmicutes"	"Clostridia"	"Clostridiales"	"Lachnospiraceae"	"Tyzzerella"	"unknown_Spp Tyzzerella gen."
"ASV_V1V2_01523"	"757d45ea9ba418769e3f063e11ea8e39"	"V1V2"	"Bacteria"	"Firmicutes"	"Clostridia"	"MBA03"	"unknown_Fam MBA03 ord."	"unknown_Gen MBA03 ord."	"unkown_Spp_Gen_Fam_0107"
"ASV_V1V2_01524"	"bb072661f76cefd1dc38e601301f62bf"	"V1V2"	"Bacteria"	"Firmicutes"	"Clostridia"	"Clostridiales"	"Ruminococcaceae"	"unknown_Gen Ruminococcaceae fam."	"unknown_Spp Ruminococcaceae fam."
"ASV_V1V2_01525"	"9c6aa9084056d86e1d3eb1b0182445c4"	"V1V2"	"Bacteria"	"Bacteroidetes"	"Bacteroidia"	"Bacteroidales"	"Tannerellaceae"	"Parabacteroides"	"unknown_Spp Parabacteroides gen."
"ASV_V1V2_01526"	"05900ee1d2004cc9083f0f363d965460"	"V1V2"	"Bacteria"	"Bacteroidetes"	"Bacteroidia"	"Bacteroidales"	"Bacteroidaceae"	"Bacteroides"	"Bacteroides uniformis CL03T12C37"
"ASV_V1V2_01527"	"f1250acf04d7339bb3ca2bfc24fb69eb"	"V1V2"	"Bacteria"	"Firmicutes"	"Clostridia"	"MBA03"	"unknown_Fam MBA03 ord."	"unknown_Gen MBA03 ord."	"unkown_Spp_Gen_Fam_0108"
"ASV_V1V2_01528"	"19af04c91353e25a344540e27395be34"	"V1V2"	"Bacteria"	"Firmicutes"	"Clostridia"	"Clostridiales"	"Ruminococcaceae"	"unknown_Gen Ruminococcaceae fam."	"unknown_Spp Ruminococcaceae fam."
"ASV_V1V2_01529"	"05010d5316efd46bf042f100c8db3748"	"V1V2"	"Bacteria"	"Firmicutes"	"Clostridia"	"Clostridiales"	"Ruminococcaceae"	"Faecalibacterium"	"unknown_Spp Faecalibacterium gen."
"ASV_V1V2_01530"	"1997ce98f1bfceb98b7d66c6eb02a023"	"V1V2"	"Bacteria"	"Firmicutes"	"Clostridia"	"Clostridiales"	"Lachnospiraceae"	"unknown_Gen Lachnospiraceae fam."	"unknown_Spp Lachnospiraceae fam."
"ASV_V1V2_01531"	"f8740aab4585f255d43784db84d5250d"	"V1V2"	"Bacteria"	"Firmicutes"	"Clostridia"	"Clostridiales"	"Lachnospiraceae"	"Blautia"	"unknown_Spp Blautia gen."
"ASV_V1V2_01532"	"003ba636c0519862c3bf3fc83945df0d"	"V1V2"	"Bacteria"	"Firmicutes"	"Clostridia"	"Clostridiales"	"Ruminococcaceae"	"Ruminococcaceae NK4A214 gr."	"unknown_Spp Ruminococcaceae NK4A214 gr. gen."
"ASV_V1V2_01533"	"546f6167f4be71111f5309947cbc96f3"	"V1V2"	"Bacteria"	"Firmicutes"	"Clostridia"	"Clostridiales"	"Lachnospiraceae"	"Blautia"	"unknown_Spp Blautia gen."
"ASV_V1V2_01534"	"79d654a1d2527d59d2330a4ac18550f5"	"V1V2"	"Bacteria"	"Actinobacteria"	"Coriobacteriia"	"Coriobacteriales"	"Atopobiaceae"	"unknown_Gen Atopobiaceae fam."	"unknown_Spp Atopobiaceae fam."
"ASV_V1V2_01535"	"7d1cabb5a801cd281ccd1e6b0e67ffc8"	"V1V2"	"Bacteria"	"Firmicutes"	"Clostridia"	"Clostridiales"	"Ruminococcaceae"	"Ruminococcaceae NK4A214 gr."	"unknown_Spp Ruminococcaceae NK4A214 gr. gen."
"ASV_V1V2_01536"	"c7d170d817637a1a398f6daa8fdfe8ee"	"V1V2"	"Bacteria"	"Bacteroidetes"	"Bacteroidia"	"Bacteroidales"	"Tannerellaceae"	"Parabacteroides"	"unknown_Spp Parabacteroides gen."
"ASV_V1V2_01537"	"0293cdc9a6f7e7b8afed531fb04b4386"	"V1V2"	"Bacteria"	"Firmicutes"	"Clostridia"	"Clostridiales"	"Lachnospiraceae"	"Blautia"	"unknown_Spp Blautia gen."
"ASV_V1V2_01538"	"e91fd36e5980f620275bee8e40472ac5"	"V1V2"	"Bacteria"	"Actinobacteria"	"Actinobacteria"	"Bifidobacteriales"	"Bifidobacteriaceae"	"Bifidobacterium"	"Bifidobacterium adolescentis"
"ASV_V1V2_01539"	"9048271227bfa92133c73a4fa1168063"	"V1V2"	"Bacteria"	"Firmicutes"	"Clostridia"	"Clostridiales"	"Lachnospiraceae"	"Blautia"	"unknown_Spp Blautia gen."
"ASV_V1V2_01540"	"1d93e6484f2ba4ef627cd7d82041e01a"	"V1V2"	"Bacteria"	"Firmicutes"	"Clostridia"	"Clostridiales"	"Lachnospiraceae"	"Fusicatenibacter"	"unknown_Spp Fusicatenibacter gen."
"ASV_V1V2_01541"	"2f0151905e00195d22a0622f010f617b"	"V1V2"	"Bacteria"	"Firmicutes"	"Clostridia"	"Clostridiales"	"Peptostreptococcaceae"	"Romboutsia"	"unknown_Spp Romboutsia gen."
"ASV_V1V2_01542"	"ac8a0c64328c81f72e49e37f8f7e80bf"	"V1V2"	"Bacteria"	"Firmicutes"	"Clostridia"	"Clostridiales"	"Ruminococcaceae"	"Subdoligranulum"	"unknown_Spp Subdoligranulum gen."
"ASV_V1V2_01543"	"b5c90c9aa9793c3183f4bc61f0c97778"	"V1V2"	"Bacteria"	"Firmicutes"	"Clostridia"	"Clostridiales"	"Ruminococcaceae"	"Faecalibacterium"	"unknown_Spp Faecalibacterium gen."
"ASV_V1V2_01544"	"9d03f0ff2ed70c601d9e90b7a6f03e0d"	"V1V2"	"Bacteria"	"Firmicutes"	"Clostridia"	"Clostridiales"	"Lachnospiraceae"	"Dorea"	"unknown_Spp Dorea gen."
"ASV_V1V2_01545"	"0b9da3699aa5089523ae03bb7847e8a3"	"V1V2"	"Bacteria"	"Firmicutes"	"Clostridia"	"Clostridiales"	"Lachnospiraceae"	"Blautia"	"unknown_Spp Blautia gen."
"ASV_V1V2_01546"	"0956e7efbd63ae5213317bdb6cfef5e1"	"V1V2"	"Bacteria"	"Firmicutes"	"Clostridia"	"Clostridiales"	"Ruminococcaceae"	"Faecalibacterium"	"unknown_Spp Faecalibacterium gen."
"ASV_V1V2_01547"	"b65848b0a36690bf053a5610bff35e02"	"V1V2"	"Bacteria"	"Firmicutes"	"Clostridia"	"Clostridiales"	"Ruminococcaceae"	"Faecalibacterium"	"unknown_Spp Faecalibacterium gen."
"ASV_V1V2_01548"	"81988eb99e52b8db6f0d5fb213f485ef"	"V1V2"	"Bacteria"	"Firmicutes"	"Clostridia"	"Clostridiales"	"Ruminococcaceae"	"Faecalibacterium"	"unknown_Spp Faecalibacterium gen."
"ASV_V1V2_01549"	"e45d08eff6d6d9503bce9931abec1a0e"	"V1V2"	"Bacteria"	"Bacteroidetes"	"Bacteroidia"	"Bacteroidales"	"Prevotellaceae"	"Prevotella 9"	"unknown_Spp Prevotella 9 gen."
"ASV_V1V2_01550"	"ec8e2d20c2b73f872ad4fa5664009c4d"	"V1V2"	"Bacteria"	"Firmicutes"	"Clostridia"	"Clostridiales"	"Lachnospiraceae"	"Anaerostipes"	"unknown_Spp Anaerostipes gen."
"ASV_V1V2_01551"	"e90b192096525b4ac94bd896059b6ea0"	"V1V2"	"Bacteria"	"Actinobacteria"	"Actinobacteria"	"Bifidobacteriales"	"Bifidobacteriaceae"	"Bifidobacterium"	"unknown_Spp Bifidobacterium gen."
"ASV_V1V2_01552"	"a8270830796455829c56521a5151e186"	"V1V2"	"Bacteria"	"Firmicutes"	"Clostridia"	"Clostridiales"	"Lachnospiraceae"	"Blautia"	"unknown_Spp Blautia gen."
"ASV_V1V2_01553"	"fcde9b394c9012d06ef1054d2f41da37"	"V1V2"	"Bacteria"	"Firmicutes"	"Clostridia"	"Clostridiales"	"Lachnospiraceae"	"Coprococcus 2"	"unknown_Spp Coprococcus 2 gen."
"ASV_V1V2_01554"	"59db740d5da84c54ae3ae20378d4a983"	"V1V2"	"Bacteria"	"Firmicutes"	"Clostridia"	"Clostridiales"	"Lachnospiraceae"	"Eubacterium hallii gr."	"unknown_Spp Eubacterium hallii gr. gen."
"ASV_V1V2_01555"	"d143911adc34680dc095ab0cf4dbf56d"	"V1V2"	"Bacteria"	"Firmicutes"	"Erysipelotrichia"	"Erysipelotrichales"	"Erysipelotrichaceae"	"Erysipelotrichaceae UCG-003"	"unknown_Spp Erysipelotrichaceae UCG-003 gen."
"ASV_V1V2_01556"	"caf054cceb1c54cd05114de24c4eee3c"	"V1V2"	"Bacteria"	"Firmicutes"	"Clostridia"	"Clostridiales"	"Lachnospiraceae"	"Eubacterium hallii gr."	"unknown_Spp Eubacterium hallii gr. gen."
"ASV_V1V2_01557"	"c4a7f1bc8b2c1b6a873a0bd1635eb7d2"	"V1V2"	"Bacteria"	"Firmicutes"	"Clostridia"	"Clostridiales"	"Lachnospiraceae"	"Anaerostipes"	"unknown_Spp Anaerostipes gen."
"ASV_V1V2_01558"	"b06549a816c94af4c1509bebbc2d947a"	"V1V2"	"Bacteria"	"Firmicutes"	"Clostridia"	"Clostridiales"	"Lachnospiraceae"	"Blautia"	"unknown_Spp Blautia gen."
"ASV_V1V2_01559"	"113971101442ee554e8afc1c86c1ee66"	"V1V2"	"Bacteria"	"Bacteroidetes"	"Bacteroidia"	"Bacteroidales"	"Bacteroidaceae"	"Bacteroides"	"Bacteroides uniformis"
"ASV_V1V2_01560"	"e4be41e9dac5bef72d62656b3f54021e"	"V1V2"	"Bacteria"	"Firmicutes"	"Erysipelotrichia"	"Erysipelotrichales"	"Erysipelotrichaceae"	"Holdemanella"	"unknown_Spp Holdemanella gen."
"ASV_V1V2_01561"	"4463bec230352a2cdc5544e65ae8313f"	"V1V2"	"Bacteria"	"Firmicutes"	"Clostridia"	"Clostridiales"	"Ruminococcaceae"	"Subdoligranulum"	"unknown_Spp Subdoligranulum gen."
"ASV_V1V2_01562"	"cbbfcee781883c34e9584666da21c9d4"	"V1V2"	"Bacteria"	"Firmicutes"	"Clostridia"	"Clostridiales"	"Lachnospiraceae"	"Roseburia"	"unknown_Spp Roseburia gen."
"ASV_V1V2_01563"	"39e1d8b753a362d4db69d424f6e01f51"	"V1V2"	"Bacteria"	"Firmicutes"	"Clostridia"	"Clostridiales"	"Lachnospiraceae"	"Blautia"	"unknown_Spp Blautia gen."
"ASV_V1V2_01564"	"8db708121c0002bea58843fe2d2b34a0"	"V1V2"	"Bacteria"	"Bacteroidetes"	"Bacteroidia"	"Bacteroidales"	"Prevotellaceae"	"Prevotella 9"	"unknown_Spp Prevotella 9 gen."
"ASV_V1V2_01565"	"fc189a037413005b79a3a284eaaf508f"	"V1V2"	"Bacteria"	"Firmicutes"	"Clostridia"	"Clostridiales"	"Ruminococcaceae"	"Faecalibacterium"	"unknown_Spp Faecalibacterium gen."
"ASV_V1V2_01566"	"1b02d4fb50b376de5c8cf10fa77957a3"	"V1V2"	"Bacteria"	"Firmicutes"	"Clostridia"	"Clostridiales"	"Lachnospiraceae"	"Anaerostipes"	"unknown_Spp Anaerostipes gen."
"ASV_V1V2_01567"	"7e22a2b407708352d16bf8e0648dc3a4"	"V1V2"	"Bacteria"	"Firmicutes"	"Negativicutes"	"Selenomonadales"	"Veillonellaceae"	"Veillonella"	"unknown_Spp Veillonella gen."
"ASV_V1V2_01568"	"a9545afe516a08b219d17132237f1c36"	"V1V2"	"Bacteria"	"Firmicutes"	"Clostridia"	"Clostridiales"	"Lachnospiraceae"	"Dorea"	"unknown_Spp Dorea gen."
"ASV_V1V2_01569"	"ff52657d16b09603c6c1741c983c46e1"	"V1V2"	"Bacteria"	"Verrucomicrobia"	"Verrucomicrobiae"	"Verrucomicrobiales"	"Akkermansiaceae"	"Akkermansia"	"unknown_Spp Akkermansia gen."
"ASV_V1V2_01570"	"6a1246debb9ad76c1b7147d0f0c5339a"	"V1V2"	"Bacteria"	"Firmicutes"	"Clostridia"	"Clostridiales"	"Lachnospiraceae"	"Anaerostipes"	"unknown_Spp Anaerostipes gen."
"ASV_V1V2_01571"	"736ac8b3837dd4fba9aaa336535e0af2"	"V1V2"	"Bacteria"	"Firmicutes"	"Bacilli"	"Lactobacillales"	"Streptococcaceae"	"Streptococcus"	"Streptococcus salivarius subsp. thermophilus"
"ASV_V1V2_01572"	"a29ed34940ba0813df063ce385f5c3a5"	"V1V2"	"Bacteria"	"Bacteroidetes"	"Bacteroidia"	"Bacteroidales"	"Bacteroidaceae"	"Bacteroides"	"unknown_Spp Bacteroides gen."
"ASV_V1V2_01573"	"7124d05df6dfdc7b14a7540110fc5278"	"V1V2"	"Bacteria"	"Firmicutes"	"Clostridia"	"Clostridiales"	"Lachnospiraceae"	"Blautia"	"unknown_Spp Blautia gen."
"ASV_V1V2_01574"	"42ad80a0f2aa31a52eb7bcef85a53001"	"V1V2"	"Bacteria"	"Bacteroidetes"	"Bacteroidia"	"Bacteroidales"	"Rikenellaceae"	"Alistipes"	"unknown_Spp Alistipes gen."
"ASV_V1V2_01575"	"68605f302617de1e8528611743cfe442"	"V1V2"	"Bacteria"	"Firmicutes"	"Clostridia"	"Clostridiales"	"Ruminococcaceae"	"Faecalibacterium"	"unknown_Spp Faecalibacterium gen."
"ASV_V1V2_01576"	"f47f647a76b50ac6501cc2923b51fb73"	"V1V2"	"Bacteria"	"Firmicutes"	"Clostridia"	"Clostridiales"	"Lachnospiraceae"	"Fusicatenibacter"	"unknown_Spp Fusicatenibacter gen."
"ASV_V1V2_01577"	"06309736ec1d78977ce1b950aa6fcbac"	"V1V2"	"Bacteria"	"Firmicutes"	"Clostridia"	"Clostridiales"	"Lachnospiraceae"	"Anaerostipes"	"unknown_Spp Anaerostipes gen."
"ASV_V1V2_01578"	"bffcc5c37ad142f26978de33b6aeeff8"	"V1V2"	"Bacteria"	"Firmicutes"	"Clostridia"	"Clostridiales"	"Lachnospiraceae"	"Agathobacter"	"unknown_Spp Agathobacter gen."
"ASV_V1V2_01579"	"75cd0d9d23c28989dbeedb216297c5e3"	"V1V2"	"Bacteria"	"Firmicutes"	"Clostridia"	"Clostridiales"	"Ruminococcaceae"	"Eubacterium coprostanoligenes gr."	"unknown_Spp Eubacterium coprostanoligenes gr. gen."
"ASV_V1V2_01580"	"1987ed2ad10f92de0911471def246779"	"V1V2"	"Bacteria"	"Firmicutes"	"Clostridia"	"Clostridiales"	"Ruminococcaceae"	"Subdoligranulum"	"unknown_Spp Subdoligranulum gen."
"ASV_V1V2_01581"	"f5a6f7b8ad6ba0e5d309aad014473725"	"V1V2"	"Bacteria"	"Firmicutes"	"Clostridia"	"Clostridiales"	"Lachnospiraceae"	"Agathobacter"	"unknown_Spp Agathobacter gen."
"ASV_V1V2_01582"	"942778b6bceb14cbf42c2a2a6871ad3a"	"V1V2"	"Bacteria"	"Firmicutes"	"Clostridia"	"Clostridiales"	"Lachnospiraceae"	"Ruminococcus torques gr."	"unknown_Spp Ruminococcus torques gr. gen."
"ASV_V1V2_01583"	"ecde5b0122565680cec17ddecf92688c"	"V1V2"	"Bacteria"	"Firmicutes"	"Clostridia"	"Clostridiales"	"Lachnospiraceae"	"Agathobacter"	"unknown_Spp Agathobacter gen."
"ASV_V1V2_01584"	"02ef7b1320ce0c36033539656b2e1765"	"V1V2"	"Bacteria"	"Firmicutes"	"Erysipelotrichia"	"Erysipelotrichales"	"Erysipelotrichaceae"	"Erysipelotrichaceae UCG-003"	"unknown_Spp Erysipelotrichaceae UCG-003 gen."
"ASV_V1V2_01585"	"aded4548ca97513d17cd963b97ef60e0"	"V1V2"	"Bacteria"	"Actinobacteria"	"Actinobacteria"	"Bifidobacteriales"	"Bifidobacteriaceae"	"Bifidobacterium"	"unknown_Spp Bifidobacterium gen."
"ASV_V1V2_01586"	"2bdf1ace2b715764f371099c53db77d7"	"V1V2"	"Bacteria"	"Firmicutes"	"Clostridia"	"Clostridiales"	"Lachnospiraceae"	"Blautia"	"unknown_Spp Blautia gen."
"ASV_V1V2_01587"	"223143da0bf9ffffe8340ac0883255b6"	"V1V2"	"Bacteria"	"Bacteroidetes"	"Bacteroidia"	"Bacteroidales"	"Prevotellaceae"	"Prevotella 9"	"unknown_Spp Prevotella 9 gen."
"ASV_V1V2_01588"	"81f8729086a3d316ba5932d99adfb7ac"	"V1V2"	"Bacteria"	"Firmicutes"	"Clostridia"	"Clostridiales"	"Lachnospiraceae"	"Ruminococcus torques gr."	"unknown_Spp Ruminococcus torques gr. gen."
"ASV_V1V2_01589"	"853298df677d25f3497e2794da7d82f4"	"V1V2"	"Bacteria"	"Firmicutes"	"Clostridia"	"Clostridiales"	"Lachnospiraceae"	"Eubacterium eligens gr."	"unknown_Spp Eubacterium eligens gr. gen."
"ASV_V1V2_01590"	"317ff762ea30d46a400feb9397335143"	"V1V2"	"Bacteria"	"Firmicutes"	"Clostridia"	"Clostridiales"	"Ruminococcaceae"	"Faecalibacterium"	"unknown_Spp Faecalibacterium gen."
"ASV_V1V2_01591"	"6a0ebca23c806574ea1cd7b646282ce9"	"V1V2"	"Bacteria"	"Firmicutes"	"Clostridia"	"Clostridiales"	"Lachnospiraceae"	"Roseburia"	"unknown_Spp Roseburia gen."
"ASV_V1V2_01592"	"e9b74a5919821120464cff84f0074590"	"V1V2"	"Bacteria"	"Firmicutes"	"Clostridia"	"Clostridiales"	"Ruminococcaceae"	"Faecalibacterium"	"unknown_Spp Faecalibacterium gen."
"ASV_V1V2_01593"	"0d16f1af0311c2e247227dc2ab86554f"	"V1V2"	"Bacteria"	"Firmicutes"	"Clostridia"	"Clostridiales"	"Lachnospiraceae"	"Eubacterium hallii gr."	"unknown_Spp Eubacterium hallii gr. gen."
"ASV_V1V2_01594"	"7e1726b24d8870c7d4d692fe35e93d08"	"V1V2"	"Bacteria"	"Firmicutes"	"Clostridia"	"Clostridiales"	"Ruminococcaceae"	"Ruminococcaceae NK4A214 gr."	"unknown_Spp Ruminococcaceae NK4A214 gr. gen."
"ASV_V1V2_01595"	"faaa1f9e3cff4afa2dfcf248d6f77705"	"V1V2"	"Bacteria"	"Firmicutes"	"Erysipelotrichia"	"Erysipelotrichales"	"Erysipelotrichaceae"	"Erysipelotrichaceae UCG-003"	"unknown_Spp Erysipelotrichaceae UCG-003 gen."
"ASV_V1V2_01596"	"27d78bb3a59d248be7a1eddb8a446142"	"V1V2"	"Bacteria"	"Bacteroidetes"	"Bacteroidia"	"Bacteroidales"	"Bacteroidaceae"	"Bacteroides"	"Bacteroides dorei"
"ASV_V1V2_01597"	"413c9aeaabf47ab69962017391341092"	"V1V2"	"Bacteria"	"Bacteroidetes"	"Bacteroidia"	"Bacteroidales"	"Bacteroidaceae"	"Bacteroides"	"Bacteroides uniformis"
"ASV_V1V2_01598"	"742a2925e4d9d7f42bf76f9e0499fdb3"	"V1V2"	"Bacteria"	"Bacteroidetes"	"Bacteroidia"	"Bacteroidales"	"Prevotellaceae"	"Prevotella 9"	"unknown_Spp Prevotella 9 gen."
"ASV_V1V2_01599"	"d854f6598fdb55a520f9b0ec95a352ea"	"V1V2"	"Bacteria"	"Firmicutes"	"Clostridia"	"Clostridiales"	"Ruminococcaceae"	"Faecalibacterium"	"unknown_Spp Faecalibacterium gen."
"ASV_V1V2_01600"	"82d02ca940a2b2f90aa6ab61c0c05764"	"V1V2"	"Bacteria"	"Firmicutes"	"Clostridia"	"Clostridiales"	"Lachnospiraceae"	"Lachnospiraceae NK4A136 gr."	"unknown_Spp Lachnospiraceae NK4A136 gr. gen."
"ASV_V1V2_01601"	"c618ca0a9dc79bded08b107ef39c6f49"	"V1V2"	"Bacteria"	"Bacteroidetes"	"Bacteroidia"	"Bacteroidales"	"Prevotellaceae"	"Prevotella 9"	"unknown_Spp Prevotella 9 gen."
"ASV_V1V2_01602"	"edb30c628ea954b6f37d426d58e9b14a"	"V1V2"	"Bacteria"	"Bacteroidetes"	"Bacteroidia"	"Bacteroidales"	"Prevotellaceae"	"Prevotella 9"	"unknown_Spp Prevotella 9 gen."
"ASV_V1V2_01603"	"0fc5723252101836f380bf5fff9e8dd7"	"V1V2"	"Bacteria"	"Firmicutes"	"Clostridia"	"Clostridiales"	"Peptostreptococcaceae"	"Terrisporobacter"	"unknown_Spp Terrisporobacter gen."
"ASV_V1V2_01604"	"8d71ba119a7f6eaaab8333e56693d746"	"V1V2"	"Bacteria"	"Firmicutes"	"Clostridia"	"Clostridiales"	"Lachnospiraceae"	"Ruminococcus gauvreauii gr."	"unknown_Spp Ruminococcus gauvreauii gr. gen."
"ASV_V1V2_01605"	"1b7bc583023ec0f2409356b51e58a4a4"	"V1V2"	"Bacteria"	"Firmicutes"	"Clostridia"	"Clostridiales"	"Ruminococcaceae"	"Ruminococcaceae NK4A214 gr."	"unknown_Spp Ruminococcaceae NK4A214 gr. gen."
"ASV_V1V2_01606"	"0f3835a72e6c7005f7b2cc65b1c85042"	"V1V2"	"Bacteria"	"Bacteroidetes"	"Bacteroidia"	"Bacteroidales"	"Prevotellaceae"	"Prevotella 9"	"unknown_Spp Prevotella 9 gen."
"ASV_V1V2_01607"	"cace38a427eeb4f5dd3acb7040d189d1"	"V1V2"	"Bacteria"	"Firmicutes"	"Clostridia"	"Clostridiales"	"Lachnospiraceae"	"Dorea"	"unknown_Spp Dorea gen."
"ASV_V1V2_01608"	"3c3053b4f8ea3ede25694075b02f8d15"	"V1V2"	"Bacteria"	"Firmicutes"	"Clostridia"	"Clostridiales"	"Ruminococcaceae"	"Ruminococcaceae UCG-002"	"unknown_Spp Ruminococcaceae UCG-002 gen."
"ASV_V1V2_01609"	"ad0bca08bfbfad616b9822095ddb553c"	"V1V2"	"Bacteria"	"Firmicutes"	"Clostridia"	"Clostridiales"	"Lachnospiraceae"	"CAG-56"	"unknown_Spp CAG-56 gen."
"ASV_V1V2_01610"	"cf7042222853d1910ec36edf2e64a6aa"	"V1V2"	"Bacteria"	"Firmicutes"	"Clostridia"	"Clostridiales"	"Lachnospiraceae"	"Eubacterium ruminantium gr."	"unknown_Spp Eubacterium ruminantium gr. gen."
"ASV_V1V2_01611"	"faee3973f7e2a663697e40afb0f68e3f"	"V1V2"	"Bacteria"	"Firmicutes"	"Clostridia"	"Clostridiales"	"Lachnospiraceae"	"unknown_Gen Lachnospiraceae fam."	"unknown_Spp Lachnospiraceae fam."
"ASV_V1V2_01612"	"a3215bfe3ccb4daf9b7596c6ac2eff8c"	"V1V2"	"Bacteria"	"Bacteroidetes"	"Bacteroidia"	"Bacteroidales"	"Bacteroidaceae"	"Bacteroides"	"Bacteroides fragilis"
"ASV_V1V2_01613"	"ac404f3a5e262beea927bcdc90169a85"	"V1V2"	"Bacteria"	"Firmicutes"	"Clostridia"	"Clostridiales"	"Ruminococcaceae"	"Faecalibacterium"	"unknown_Spp Faecalibacterium gen."
"ASV_V1V2_01614"	"1118eb3598c2627a707a6bc71617e18e"	"V1V2"	"Bacteria"	"Firmicutes"	"Clostridia"	"Clostridiales"	"Lachnospiraceae"	"Lachnospiraceae NK4A136 gr."	"unknown_Spp Lachnospiraceae NK4A136 gr. gen."
"ASV_V1V2_01615"	"d958cb55589e9a7494f9409e925a8f51"	"V1V2"	"Bacteria"	"Firmicutes"	"Clostridia"	"Clostridiales"	"Lachnospiraceae"	"Anaerostipes"	"unknown_Spp Anaerostipes gen."
"ASV_V1V2_01616"	"dfb5e104f25425d382e45fdb4064579e"	"V1V2"	"Bacteria"	"Firmicutes"	"Clostridia"	"Clostridiales"	"Clostridiaceae 1"	"Clostridium sensu stricto 1"	"unknown_Spp Clostridium sensu stricto 1 gen."
"ASV_V1V2_01617"	"42e2838efa163ecdf63770dbbc597878"	"V1V2"	"Bacteria"	"Firmicutes"	"Clostridia"	"Clostridiales"	"Lachnospiraceae"	"Lachnospiraceae FCS020 gr."	"unknown_Spp Lachnospiraceae FCS020 gr. gen."
"ASV_V1V2_01618"	"5aa9511045f4d7393f4a92000c468c3a"	"V1V2"	"Bacteria"	"Firmicutes"	"Clostridia"	"Clostridiales"	"Ruminococcaceae"	"Faecalibacterium"	"unknown_Spp Faecalibacterium gen."
"ASV_V1V2_01619"	"7886472178340dfc16a1cb60487fdea0"	"V1V2"	"Bacteria"	"Firmicutes"	"Clostridia"	"Clostridiales"	"Lachnospiraceae"	"Blautia"	"Blautia massiliensis"
"ASV_V1V2_01620"	"607bf772d2e0a5150a075d5456a3221b"	"V1V2"	"Bacteria"	"Firmicutes"	"Clostridia"	"Clostridiales"	"Lachnospiraceae"	"Blautia"	"unknown_Spp Blautia gen."
"ASV_V1V2_01621"	"f76fa86c2dace8a643c9a7823d3c48fb"	"V1V2"	"Bacteria"	"Firmicutes"	"Clostridia"	"Clostridiales"	"Lachnospiraceae"	"Blautia"	"unknown_Spp Blautia gen."
"ASV_V1V2_01622"	"9cd18db9dc6d8d8f15327b2e8c9d85de"	"V1V2"	"Bacteria"	"Firmicutes"	"Clostridia"	"Clostridiales"	"Lachnospiraceae"	"Blautia"	"unknown_Spp Blautia gen."
"ASV_V1V2_01623"	"b37d2719aba6927a80aa3767491ecba3"	"V1V2"	"Bacteria"	"Firmicutes"	"Clostridia"	"Clostridiales"	"Ruminococcaceae"	"Ruminococcus 1"	"unknown_Spp Ruminococcus 1 gen."
"ASV_V1V2_01624"	"ba3566856e5ce3f6a5829e458d5df72d"	"V1V2"	"Bacteria"	"Firmicutes"	"Clostridia"	"Clostridiales"	"Ruminococcaceae"	"Faecalibacterium"	"unknown_Spp Faecalibacterium gen."
"ASV_V1V2_01625"	"5ab59c8f9ddabd5cc910949397c56b7a"	"V1V2"	"Bacteria"	"Firmicutes"	"Clostridia"	"Clostridiales"	"Lachnospiraceae"	"Blautia"	"unknown_Spp Blautia gen."
"ASV_V1V2_01626"	"1d7d721b82236e5a298e97e8aaa43685"	"V1V2"	"Bacteria"	"Firmicutes"	"Clostridia"	"Clostridiales"	"Ruminococcaceae"	"Ruminococcaceae UCG-005"	"unknown_Spp Ruminococcaceae UCG-005 gen."
"ASV_V1V2_01627"	"37c90f5a0271ade39c95007199d36fde"	"V1V2"	"Bacteria"	"Firmicutes"	"Clostridia"	"Clostridiales"	"Lachnospiraceae"	"Lachnospiraceae ND3007 gr."	"unknown_Spp Lachnospiraceae ND3007 gr. gen."
"ASV_V1V2_01628"	"d3889fb75b049c8a3185249e066bcb34"	"V1V2"	"Bacteria"	"Firmicutes"	"Clostridia"	"Clostridiales"	"Lachnospiraceae"	"Eubacterium hallii gr."	"unknown_Spp Eubacterium hallii gr. gen."
"ASV_V1V2_01629"	"d080a1be6ccaf2d2313a2a887b6ec334"	"V1V2"	"Bacteria"	"Firmicutes"	"Clostridia"	"Clostridiales"	"Lachnospiraceae"	"Coprococcus 3"	"unknown_Spp Coprococcus 3 gen."
"ASV_V1V2_01630"	"efdc30168886b12de2e55c99fbb44d9a"	"V1V2"	"Bacteria"	"Firmicutes"	"Clostridia"	"Clostridiales"	"Ruminococcaceae"	"Ruminococcaceae UCG-005"	"unknown_Spp Ruminococcaceae UCG-005 gen."
"ASV_V1V2_01631"	"f7c7bd7a32690e502f1d881a05ffdcd0"	"V1V2"	"Bacteria"	"Bacteroidetes"	"Bacteroidia"	"Bacteroidales"	"Prevotellaceae"	"Prevotella 9"	"unknown_Spp Prevotella 9 gen."
"ASV_V1V2_01632"	"a520c36acb4ba47b6cd6616245ee17d5"	"V1V2"	"Bacteria"	"Firmicutes"	"Clostridia"	"Clostridiales"	"Lachnospiraceae"	"Lachnospiraceae ND3007 gr."	"unknown_Spp Lachnospiraceae ND3007 gr. gen."
"ASV_V1V2_01633"	"429bb42d06cdaac28f99c675636b3681"	"V1V2"	"Bacteria"	"Firmicutes"	"Clostridia"	"Clostridiales"	"Lachnospiraceae"	"Roseburia"	"unknown_Spp Roseburia gen."
"ASV_V1V2_01634"	"70f3cb76a2ede7701cdc013c1064376f"	"V1V2"	"Bacteria"	"Firmicutes"	"Clostridia"	"Clostridiales"	"Lachnospiraceae"	"Blautia"	"Blautia massiliensis"
"ASV_V1V2_01635"	"5118c7d039598bef6a5ed03aa414319b"	"V1V2"	"Bacteria"	"Firmicutes"	"Negativicutes"	"Selenomonadales"	"Veillonellaceae"	"Megamonas"	"unknown_Spp Megamonas gen."
"ASV_V1V2_01636"	"555fa0d7c5e284317ec020877bc9da81"	"V1V2"	"Bacteria"	"Firmicutes"	"Clostridia"	"Clostridiales"	"Lachnospiraceae"	"Agathobacter"	"unknown_Spp Agathobacter gen."
"ASV_V1V2_01637"	"ce0b9e559f5d976beeac99a1ae49aa99"	"V1V2"	"Bacteria"	"Firmicutes"	"Clostridia"	"Clostridiales"	"Lachnospiraceae"	"Blautia"	"unknown_Spp Blautia gen."
"ASV_V1V2_01638"	"12a3b2aad674bac2ae06a887c8e49016"	"V1V2"	"Bacteria"	"Bacteroidetes"	"Bacteroidia"	"Bacteroidales"	"Bacteroidaceae"	"Bacteroides"	"unknown_Spp Bacteroides gen."
"ASV_V1V2_01639"	"54ea75cc620b37b550487a771f4d8136"	"V1V2"	"Bacteria"	"Firmicutes"	"Clostridia"	"Clostridiales"	"Ruminococcaceae"	"Eubacterium coprostanoligenes gr."	"unknown_Spp Eubacterium coprostanoligenes gr. gen."
"ASV_V1V2_01640"	"71ecf20aa60ed7e213ad11092ce14356"	"V1V2"	"Bacteria"	"Firmicutes"	"Clostridia"	"Clostridiales"	"Lachnospiraceae"	"Fusicatenibacter"	"unknown_Spp Fusicatenibacter gen."
"ASV_V1V2_01641"	"a2885f05b73431b28b74ed344e580fea"	"V1V2"	"Bacteria"	"Bacteroidetes"	"Bacteroidia"	"Bacteroidales"	"Bacteroidaceae"	"Bacteroides"	"unknown_Spp Bacteroides gen."
"ASV_V1V2_01642"	"16eb28279369ec13be55d8f057a64963"	"V1V2"	"Bacteria"	"Firmicutes"	"Clostridia"	"Clostridiales"	"Lachnospiraceae"	"Coprococcus 3"	"unknown_Spp Coprococcus 3 gen."
"ASV_V1V2_01643"	"6c662f7634994fb38774882a904a652c"	"V1V2"	"Bacteria"	"Actinobacteria"	"Coriobacteriia"	"Coriobacteriales"	"Coriobacteriaceae"	"Collinsella"	"unknown_Spp Collinsella gen."
"ASV_V1V2_01644"	"fceb7d30647d72d6c6aedf8d3732a462"	"V1V2"	"Bacteria"	"Firmicutes"	"Clostridia"	"Clostridiales"	"Ruminococcaceae"	"Ruminococcaceae UCG-002"	"unknown_Spp Ruminococcaceae UCG-002 gen."
"ASV_V1V2_01645"	"4543334b535ebd7414ca92480459683b"	"V1V2"	"Bacteria"	"Firmicutes"	"Clostridia"	"Clostridiales"	"Lachnospiraceae"	"Anaerostipes"	"unknown_Spp Anaerostipes gen."
"ASV_V1V2_01646"	"e464954478a7abe9c6e446b47869e681"	"V1V2"	"Bacteria"	"Firmicutes"	"Clostridia"	"Clostridiales"	"Lachnospiraceae"	"Lachnospira"	"unknown_Spp Lachnospira gen."
"ASV_V1V2_01647"	"10ecf44078fbe6558aa1e33287db1f5c"	"V1V2"	"Bacteria"	"Actinobacteria"	"Coriobacteriia"	"Coriobacteriales"	"Eggerthellaceae"	"unknown_Gen Eggerthellaceae fam."	"unknown_Spp Eggerthellaceae fam."
"ASV_V1V2_01648"	"0133adb3e634ab312e68a5b38d3cfe75"	"V1V2"	"Bacteria"	"Firmicutes"	"Clostridia"	"Clostridiales"	"Lachnospiraceae"	"Ruminococcus gauvreauii gr."	"unknown_Spp Ruminococcus gauvreauii gr. gen."
"ASV_V1V2_01649"	"b5eb0eb3e1f2f7310ecbadc3af7fb891"	"V1V2"	"Bacteria"	"Firmicutes"	"Clostridia"	"Clostridiales"	"Lachnospiraceae"	"Blautia"	"Blautia sp. Marseille-P3387"
"ASV_V1V2_01650"	"2825500b7111b8b7d0033fe8da033273"	"V1V2"	"Bacteria"	"Firmicutes"	"Clostridia"	"Clostridiales"	"Lachnospiraceae"	"Blautia"	"unknown_Spp Blautia gen."
"ASV_V1V2_01651"	"e67ba98c28b87e4432d7bcc7faf97f07"	"V1V2"	"Bacteria"	"Firmicutes"	"Clostridia"	"Clostridiales"	"Lachnospiraceae"	"Roseburia"	"unknown_Spp Roseburia gen."
"ASV_V1V2_01652"	"d8f48b176046f2caedfc8295ae383932"	"V1V2"	"Bacteria"	"Firmicutes"	"Clostridia"	"Clostridiales"	"Lachnospiraceae"	"Blautia"	"unknown_Spp Blautia gen."
"ASV_V1V2_01653"	"ec1b99be2403501d1c6f2ba79ea32d7a"	"V1V2"	"Bacteria"	"Firmicutes"	"Clostridia"	"Clostridiales"	"Ruminococcaceae"	"Ruminococcaceae UCG-014"	"unknown_Spp Ruminococcaceae UCG-014 gen."
"ASV_V1V2_01654"	"4f6baadb3c3110f7359a363cab2af0d0"	"V1V2"	"Bacteria"	"Firmicutes"	"Clostridia"	"Clostridiales"	"Ruminococcaceae"	"Eubacterium coprostanoligenes gr."	"unknown_Spp Eubacterium coprostanoligenes gr. gen."
"ASV_V1V2_01655"	"8eb3a3ce633cbb4d53f0b6bc8415c913"	"V1V2"	"Bacteria"	"Firmicutes"	"Clostridia"	"Clostridiales"	"Lachnospiraceae"	"Roseburia"	"unknown_Spp Roseburia gen."
"ASV_V1V2_01656"	"f899935a5a6fde70612d8ee5b33aed98"	"V1V2"	"Bacteria"	"Firmicutes"	"Clostridia"	"Clostridiales"	"Ruminococcaceae"	"Faecalibacterium"	"unknown_Spp Faecalibacterium gen."
"ASV_V1V2_01657"	"52ff5136aed8ab67c41725a315599583"	"V1V2"	"Bacteria"	"Firmicutes"	"Clostridia"	"Clostridiales"	"Christensenellaceae"	"Christensenellaceae R-7 gr."	"unknown_Spp Christensenellaceae R-7 gr. gen."
"ASV_V1V2_01658"	"aa2918ffe30dfa9f6a32908d91594cfd"	"V1V2"	"Bacteria"	"Firmicutes"	"Clostridia"	"Clostridiales"	"Clostridiaceae 1"	"Clostridium sensu stricto 1"	"unknown_Spp Clostridium sensu stricto 1 gen."
"ASV_V1V2_01659"	"21192cf40e9a57120aa7e30f369731fb"	"V1V2"	"Bacteria"	"Firmicutes"	"Clostridia"	"Clostridiales"	"Lachnospiraceae"	"Eubacterium eligens gr."	"unknown_Spp Eubacterium eligens gr. gen."
"ASV_V1V2_01660"	"f9f4b27b913a4783cf144b5741741417"	"V1V2"	"Bacteria"	"Firmicutes"	"Clostridia"	"Clostridiales"	"Lachnospiraceae"	"Blautia"	"unknown_Spp Blautia gen."
"ASV_V1V2_01661"	"86c53ae5e77abc37bc8789144c31bd6f"	"V1V2"	"Bacteria"	"Firmicutes"	"Clostridia"	"Clostridiales"	"Lachnospiraceae"	"Roseburia"	"unknown_Spp Roseburia gen."
"ASV_V1V2_01662"	"ece6c39f75ee91ed3fca249c94729ab2"	"V1V2"	"Bacteria"	"Firmicutes"	"Clostridia"	"Clostridiales"	"Lachnospiraceae"	"Blautia"	"unknown_Spp Blautia gen."
"ASV_V1V2_01663"	"e1b15586a19330749661671cf913f6f8"	"V1V2"	"Bacteria"	"Firmicutes"	"Clostridia"	"Clostridiales"	"Ruminococcaceae"	"Ruminococcaceae UCG-003"	"unknown_Spp Ruminococcaceae UCG-003 gen."
"ASV_V1V2_01664"	"d7804348bde01178ff09e59d17d527f4"	"V1V2"	"Bacteria"	"Firmicutes"	"Clostridia"	"Clostridiales"	"Lachnospiraceae"	"Roseburia"	"unknown_Spp Roseburia gen."
"ASV_V1V2_01665"	"778c00af32ff270f879ced747bea0472"	"V1V2"	"Bacteria"	"Firmicutes"	"Clostridia"	"Clostridiales"	"Lachnospiraceae"	"Coprococcus 2"	"unknown_Spp Coprococcus 2 gen."
"ASV_V1V2_01666"	"ed5dd1cd6356c9a2ee8dd13513576286"	"V1V2"	"Bacteria"	"Bacteroidetes"	"Bacteroidia"	"Bacteroidales"	"Bacteroidaceae"	"Bacteroides"	"unknown_Spp Bacteroides gen."
"ASV_V1V2_01667"	"907698dd866763e37dc8a1f8a582c889"	"V1V2"	"Bacteria"	"Firmicutes"	"Clostridia"	"Clostridiales"	"Ruminococcaceae"	"Ruminococcaceae UCG-002"	"unknown_Spp Ruminococcaceae UCG-002 gen."
"ASV_V1V2_01668"	"dc4f76df68c3ee0d10f5d8eebeb68613"	"V1V2"	"Bacteria"	"Firmicutes"	"Clostridia"	"Clostridiales"	"Lachnospiraceae"	"Eubacterium ventriosum gr."	"unknown_Spp Eubacterium ventriosum gr. gen."
"ASV_V1V2_01669"	"c0440589760e1e7254c4298fd00b47e5"	"V1V2"	"Bacteria"	"Firmicutes"	"Clostridia"	"Clostridiales"	"Lachnospiraceae"	"unknown_Gen Lachnospiraceae fam."	"unknown_Spp Lachnospiraceae fam."
"ASV_V1V2_01670"	"111710a5354205081dda82322f54b2b5"	"V1V2"	"Bacteria"	"Firmicutes"	"Clostridia"	"Clostridiales"	"Lachnospiraceae"	"Roseburia"	"unknown_Spp Roseburia gen."
"ASV_V1V2_01671"	"8bb3a25e2fa9dcd38bf1d4ce7c76e503"	"V1V2"	"Bacteria"	"Firmicutes"	"Clostridia"	"Clostridiales"	"Ruminococcaceae"	"Faecalibacterium"	"unknown_Spp Faecalibacterium gen."
"ASV_V1V2_01672"	"e3273bf8fbdc77f1ac75f717ca49a159"	"V1V2"	"Bacteria"	"Firmicutes"	"Clostridia"	"Clostridiales"	"Lachnospiraceae"	"Butyrivibrio"	"unknown_Spp Butyrivibrio gen."
"ASV_V1V2_01673"	"1af46d9ad9d138e91118c376284a6a9c"	"V1V2"	"Bacteria"	"Firmicutes"	"Clostridia"	"Clostridiales"	"Lachnospiraceae"	"Blautia"	"unknown_Spp Blautia gen."
"ASV_V1V2_01674"	"1235ccabb35e6c01b837ab7a4036e27f"	"V1V2"	"Bacteria"	"Firmicutes"	"Clostridia"	"Clostridiales"	"Lachnospiraceae"	"Blautia"	"unknown_Spp Blautia gen."
"ASV_V1V2_01675"	"b92c02039d21534405bd8f1d0bbf431f"	"V1V2"	"Bacteria"	"Firmicutes"	"Clostridia"	"Clostridiales"	"Lachnospiraceae"	"Coprococcus 2"	"unknown_Spp Coprococcus 2 gen."
"ASV_V1V2_01676"	"4eecbb9fc95e09ff731e19bd0d4ff845"	"V1V2"	"Bacteria"	"Firmicutes"	"Clostridia"	"Clostridiales"	"Christensenellaceae"	"Christensenellaceae R-7 gr."	"unknown_Spp Christensenellaceae R-7 gr. gen."
"ASV_V1V2_01677"	"e93a826fca51f1da103879cbd1f4f577"	"V1V2"	"Bacteria"	"Firmicutes"	"Clostridia"	"Clostridiales"	"Ruminococcaceae"	"Ruminiclostridium 5"	"unknown_Spp Ruminiclostridium 5 gen."
"ASV_V1V2_01678"	"22f2e89a6375b36f6cdc0e1fc0f42304"	"V1V2"	"Bacteria"	"Firmicutes"	"Clostridia"	"Clostridiales"	"Lachnospiraceae"	"Blautia"	"unknown_Spp Blautia gen."
"ASV_V1V2_01679"	"ec927206d0b802588620fa886a7a1d3c"	"V1V2"	"Bacteria"	"Firmicutes"	"Clostridia"	"Clostridiales"	"Lachnospiraceae"	"Blautia"	"unknown_Spp Blautia gen."
"ASV_V1V2_01680"	"0d839287239653e0f38e23d87f5c0a54"	"V1V2"	"Bacteria"	"Bacteroidetes"	"Bacteroidia"	"Bacteroidales"	"Bacteroidaceae"	"Bacteroides"	"unknown_Spp Bacteroides gen."
"ASV_V1V2_01681"	"e6dcbdbb6b13f6c334b2795c91dfc605"	"V1V2"	"Bacteria"	"Firmicutes"	"Bacilli"	"Lactobacillales"	"Lactobacillaceae"	"Lactobacillus"	"Lactobacillus ruminis"
"ASV_V1V2_01682"	"88b506c0d9a754b8513b01f49d22d056"	"V1V2"	"Bacteria"	"Bacteroidetes"	"Bacteroidia"	"Bacteroidales"	"Rikenellaceae"	"Alistipes"	"unknown_Spp Alistipes gen."
"ASV_V1V2_01683"	"923e4778b0cd0c46d4ba2a0ea037d245"	"V1V2"	"Bacteria"	"Firmicutes"	"Negativicutes"	"Selenomonadales"	"Veillonellaceae"	"Dialister"	"unknown_Spp Dialister gen."
"ASV_V1V2_01684"	"d85eae55582bc73b64658336b2365262"	"V1V2"	"Bacteria"	"Firmicutes"	"Clostridia"	"Clostridiales"	"Lachnospiraceae"	"Anaerostipes"	"unknown_Spp Anaerostipes gen."
"ASV_V1V2_01685"	"1a3ce0a0eddc3816d2f95784fa4b97c9"	"V1V2"	"Bacteria"	"Firmicutes"	"Clostridia"	"Clostridiales"	"Lachnospiraceae"	"Blautia"	"unknown_Spp Blautia gen."
"ASV_V1V2_01686"	"acdf32002d1be689919c71f60a433e0d"	"V1V2"	"Bacteria"	"Firmicutes"	"Clostridia"	"Clostridiales"	"Ruminococcaceae"	"Ruminococcaceae UCG-002"	"unknown_Spp Ruminococcaceae UCG-002 gen."
"ASV_V1V2_01687"	"1bc5be88e89bbef7ce58ada47939ef6c"	"V1V2"	"Bacteria"	"Firmicutes"	"Clostridia"	"Clostridiales"	"Ruminococcaceae"	"Faecalibacterium"	"unknown_Spp Faecalibacterium gen."
"ASV_V1V2_01688"	"ef7b9e4fdc46238864ae79b000d7db01"	"V1V2"	"Bacteria"	"Firmicutes"	"Clostridia"	"Clostridiales"	"Lachnospiraceae"	"Anaerostipes"	"unknown_Spp Anaerostipes gen."
"ASV_V1V2_01689"	"507b00d454c10bb49c1759b243c7870b"	"V1V2"	"Bacteria"	"Firmicutes"	"Clostridia"	"Clostridiales"	"Christensenellaceae"	"Christensenellaceae R-7 gr."	"unknown_Spp Christensenellaceae R-7 gr. gen."
"ASV_V1V2_01690"	"43c0ab42aba970f5dd8de1ca7f2626fa"	"V1V2"	"Bacteria"	"Firmicutes"	"Clostridia"	"Clostridiales"	"Ruminococcaceae"	"Ruminococcaceae UCG-002"	"unknown_Spp Ruminococcaceae UCG-002 gen."
"ASV_V1V2_01691"	"87e641989060c6837c0deeb6114f3471"	"V1V2"	"Bacteria"	"Firmicutes"	"Clostridia"	"Clostridiales"	"Lachnospiraceae"	"Blautia"	"Ruminococcus sp. 5 1 39BFAA"
"ASV_V1V2_01692"	"00c392d34bde35f8c93866d4f72d28ed"	"V1V2"	"Bacteria"	"Firmicutes"	"Clostridia"	"Clostridiales"	"Lachnospiraceae"	"unknown_Gen Lachnospiraceae fam."	"unknown_Spp Lachnospiraceae fam."
"ASV_V1V2_01693"	"4fa776f0013cd50e5204115bc8b975ba"	"V1V2"	"Bacteria"	"Firmicutes"	"Clostridia"	"Clostridiales"	"Lachnospiraceae"	"Lachnospiraceae NK4A136 gr."	"unknown_Spp Lachnospiraceae NK4A136 gr. gen."
"ASV_V1V2_01694"	"e48395d85908f0f8a3852b0c2a8dda1b"	"V1V2"	"Bacteria"	"Firmicutes"	"Erysipelotrichia"	"Erysipelotrichales"	"Erysipelotrichaceae"	"Turicibacter"	"unknown_Spp Turicibacter gen."
"ASV_V1V2_01695"	"23e40b001d2792991e0d16d2dd95d51d"	"V1V2"	"Bacteria"	"Firmicutes"	"Clostridia"	"Clostridiales"	"Lachnospiraceae"	"Fusicatenibacter"	"unknown_Spp Fusicatenibacter gen."
"ASV_V1V2_01696"	"4ccb911f988dd8dd057e88a3d02d8341"	"V1V2"	"Bacteria"	"Firmicutes"	"Clostridia"	"Clostridiales"	"Ruminococcaceae"	"Faecalibacterium"	"unknown_Spp Faecalibacterium gen."
"ASV_V1V2_01697"	"a78a3b4998303fe29a5e243c5d2f7f40"	"V1V2"	"Bacteria"	"Fusobacteria"	"Fusobacteriia"	"Fusobacteriales"	"Fusobacteriaceae"	"Fusobacterium"	"unknown_Spp Fusobacterium gen."
"ASV_V1V2_01698"	"59633209ab5f651bbb78b42259bceb4b"	"V1V2"	"Bacteria"	"Firmicutes"	"Clostridia"	"Clostridiales"	"Ruminococcaceae"	"Butyricicoccus"	"unknown_Spp Butyricicoccus gen."
"ASV_V1V2_01699"	"64067dfe975c8cf194c00bea1680e32b"	"V1V2"	"Bacteria"	"Actinobacteria"	"Actinobacteria"	"Bifidobacteriales"	"Bifidobacteriaceae"	"Bifidobacterium"	"unknown_Spp Bifidobacterium gen."
"ASV_V1V2_01700"	"8f3b7c594f27a6f566970c7db1c836c7"	"V1V2"	"Bacteria"	"Firmicutes"	"Clostridia"	"Clostridiales"	"Lachnospiraceae"	"Lachnospira"	"unknown_Spp Lachnospira gen."
"ASV_V1V2_01701"	"5f36195d030880a8e747119da565a67f"	"V1V2"	"Bacteria"	"Firmicutes"	"Clostridia"	"Clostridiales"	"Lachnospiraceae"	"Roseburia"	"unknown_Spp Roseburia gen."
"ASV_V1V2_01702"	"ad108e92a1b525b399fcef2c48723ccc"	"V1V2"	"Bacteria"	"Firmicutes"	"Clostridia"	"Clostridiales"	"Christensenellaceae"	"Christensenellaceae R-7 gr."	"unknown_Spp Christensenellaceae R-7 gr. gen."
"ASV_V1V2_01703"	"6d1aa4d54ee623bcae2b9cb94f068135"	"V1V2"	"Bacteria"	"Firmicutes"	"Clostridia"	"Clostridiales"	"Ruminococcaceae"	"Ruminococcaceae UCG-014"	"unknown_Spp Ruminococcaceae UCG-014 gen."
"ASV_V1V2_01704"	"6c693007d8bd51dea2752c70e4143ada"	"V1V2"	"Bacteria"	"Firmicutes"	"Clostridia"	"Clostridiales"	"Ruminococcaceae"	"Faecalibacterium"	"unknown_Spp Faecalibacterium gen."
"ASV_V1V2_01705"	"8e6fe4e9fff62df4382066da343f70da"	"V1V2"	"Bacteria"	"Bacteroidetes"	"Bacteroidia"	"Bacteroidales"	"Prevotellaceae"	"Prevotella 7"	"unknown_Spp Prevotella 7 gen."
"ASV_V1V2_01706"	"80c9dcfecf28377538fb97cb8fb59034"	"V1V2"	"Bacteria"	"Firmicutes"	"Clostridia"	"Clostridiales"	"Ruminococcaceae"	"Eubacterium coprostanoligenes gr."	"unknown_Spp Eubacterium coprostanoligenes gr. gen."
"ASV_V1V2_01707"	"b1eba8d830421dbf9077057403fbba81"	"V1V2"	"Bacteria"	"Proteobacteria"	"Gammaproteobacteria"	"Enterobacteriales"	"Enterobacteriaceae"	"Escherichia-Shigella"	"unknown_Spp Escherichia-Shigella gen."
"ASV_V1V2_01708"	"464bde73dda20648f3919f70f2f5d572"	"V1V2"	"Bacteria"	"Firmicutes"	"Clostridia"	"Clostridiales"	"Ruminococcaceae"	"Ruminococcus 1"	"unknown_Spp Ruminococcus 1 gen."
"ASV_V1V2_01709"	"1c57f0e2647a8d20336ed74df107d89a"	"V1V2"	"Bacteria"	"Firmicutes"	"Clostridia"	"Clostridiales"	"Lachnospiraceae"	"Roseburia"	"unknown_Spp Roseburia gen."
"ASV_V1V2_01710"	"a9598bfab337acb6c1be077fef4f0dab"	"V1V2"	"Bacteria"	"Firmicutes"	"Clostridia"	"Clostridiales"	"Lachnospiraceae"	"Lachnospiraceae ND3007 gr."	"unknown_Spp Lachnospiraceae ND3007 gr. gen."
"ASV_V1V2_01711"	"47250401729aaf5cc992c2b9124dbac6"	"V1V2"	"Bacteria"	"Firmicutes"	"Clostridia"	"Clostridiales"	"Lachnospiraceae"	"Blautia"	"unknown_Spp Blautia gen."
"ASV_V1V2_01712"	"93a4e818c7444f04c59b23b993c3f664"	"V1V2"	"Bacteria"	"Firmicutes"	"Clostridia"	"Clostridiales"	"Ruminococcaceae"	"Ruminiclostridium 9"	"unknown_Spp Ruminiclostridium 9 gen."
"ASV_V1V2_01713"	"69fe9a9f6cc4f3d3057e07e4a31641c2"	"V1V2"	"Bacteria"	"Firmicutes"	"Clostridia"	"Clostridiales"	"Ruminococcaceae"	"Ruminococcus 1"	"unknown_Spp Ruminococcus 1 gen."
"ASV_V1V2_01714"	"43f9abc0943475449e89fd187ad90c0f"	"V1V2"	"Bacteria"	"Firmicutes"	"Bacilli"	"Lactobacillales"	"Lactobacillaceae"	"Lactobacillus"	"Lactobacillus fermentum"
"ASV_V1V2_01715"	"d4fab348229516ce39acdf98e30da16d"	"V1V2"	"Bacteria"	"Firmicutes"	"Clostridia"	"Clostridiales"	"Lachnospiraceae"	"Eubacterium hallii gr."	"unknown_Spp Eubacterium hallii gr. gen."
"ASV_V1V2_01716"	"3a306a6b57c33a9f050bbb7ba74d813f"	"V1V2"	"Bacteria"	"Firmicutes"	"Clostridia"	"Clostridiales"	"Lachnospiraceae"	"Blautia"	"Blautia massiliensis"
"ASV_V1V2_01717"	"6b601d14847e6507fe64a4765b83355d"	"V1V2"	"Bacteria"	"Firmicutes"	"Clostridia"	"Clostridiales"	"Ruminococcaceae"	"Faecalibacterium"	"unknown_Spp Faecalibacterium gen."
"ASV_V1V2_01718"	"7e37858cce246eac1ee0c3817b673b72"	"V1V2"	"Bacteria"	"Firmicutes"	"Clostridia"	"Clostridiales"	"Clostridiaceae 1"	"Clostridium sensu stricto 1"	"unknown_Spp Clostridium sensu stricto 1 gen."
"ASV_V1V2_01719"	"28c206016066ec1c1a682065277e7a53"	"V1V2"	"Bacteria"	"Firmicutes"	"Clostridia"	"Clostridiales"	"Lachnospiraceae"	"Blautia"	"unknown_Spp Blautia gen."
"ASV_V1V2_01720"	"4794f77e6ec46b4698daf5f1638c1aad"	"V1V2"	"Bacteria"	"Firmicutes"	"Clostridia"	"Clostridiales"	"Clostridiaceae 1"	"Clostridium sensu stricto 1"	"unknown_Spp Clostridium sensu stricto 1 gen."
"ASV_V1V2_01721"	"cc88d94cc0153f83016d181c23dfb871"	"V1V2"	"Bacteria"	"Firmicutes"	"Clostridia"	"Clostridiales"	"Lachnospiraceae"	"unknown_Gen Lachnospiraceae fam."	"unknown_Spp Lachnospiraceae fam."
"ASV_V1V2_01722"	"83fb374f60e89c015587ab01abccc160"	"V1V2"	"Bacteria"	"Firmicutes"	"Clostridia"	"Clostridiales"	"Lachnospiraceae"	"Agathobacter"	"Eubacterium ramulus"
"ASV_V1V2_01723"	"7fcec18c576f89e893f3fbab7ff255bb"	"V1V2"	"Bacteria"	"Firmicutes"	"Clostridia"	"Clostridiales"	"Ruminococcaceae"	"Faecalibacterium"	"unknown_Spp Faecalibacterium gen."
"ASV_V1V2_01724"	"2f6ead4c2774d4be00fc9a80b7fb934a"	"V1V2"	"Bacteria"	"Firmicutes"	"Clostridia"	"Clostridiales"	"Lachnospiraceae"	"Ruminococcus torques gr."	"unknown_Spp Ruminococcus torques gr. gen."
"ASV_V1V2_01725"	"1316efc8958813eea39920129c2c977c"	"V1V2"	"Bacteria"	"Firmicutes"	"Clostridia"	"Clostridiales"	"Lachnospiraceae"	"Lachnospiraceae NK4A136 gr."	"unknown_Spp Lachnospiraceae NK4A136 gr. gen."
"ASV_V1V2_01726"	"2333967d83e329365d6169e36d8e567d"	"V1V2"	"Bacteria"	"Firmicutes"	"Clostridia"	"Clostridiales"	"Lachnospiraceae"	"Eubacterium hallii gr."	"unknown_Spp Eubacterium hallii gr. gen."
"ASV_V1V2_01727"	"d13104c1498a515bbbada67595b6a8a1"	"V1V2"	"Bacteria"	"Firmicutes"	"Clostridia"	"Clostridiales"	"Ruminococcaceae"	"Ruminococcus 1"	"unknown_Spp Ruminococcus 1 gen."
"ASV_V1V2_01728"	"6b4ef836627928d76aba02ecf883f1d3"	"V1V2"	"Bacteria"	"Firmicutes"	"Clostridia"	"Clostridiales"	"Lachnospiraceae"	"CAG-56"	"unknown_Spp CAG-56 gen."
"ASV_V1V2_01729"	"8ea12709df87817877155c6e1e036738"	"V1V2"	"Bacteria"	"Firmicutes"	"Clostridia"	"Clostridiales"	"Lachnospiraceae"	"Coprococcus 2"	"unknown_Spp Coprococcus 2 gen."
"ASV_V1V2_01730"	"35aecb5e62c3dc49fbf286a8c1dcb033"	"V1V2"	"Bacteria"	"Firmicutes"	"Clostridia"	"Clostridiales"	"Lachnospiraceae"	"Roseburia"	"unknown_Spp Roseburia gen."
"ASV_V1V2_01731"	"e7140929571064dda32b807885b0b395"	"V1V2"	"Bacteria"	"Firmicutes"	"Clostridia"	"Clostridiales"	"Lachnospiraceae"	"Fusicatenibacter"	"unknown_Spp Fusicatenibacter gen."
"ASV_V1V2_01732"	"aeb1b34f3f8e51df6c67ab8ac1a31331"	"V1V2"	"Bacteria"	"Firmicutes"	"Clostridia"	"Clostridiales"	"Ruminococcaceae"	"Faecalibacterium"	"unknown_Spp Faecalibacterium gen."
"ASV_V1V2_01733"	"267cc588b4f0ccac859cad34d3e27c7c"	"V1V2"	"Bacteria"	"Firmicutes"	"Clostridia"	"Clostridiales"	"Ruminococcaceae"	"Faecalibacterium"	"unknown_Spp Faecalibacterium gen."
"ASV_V1V2_01734"	"ef4e9eedaf15776e1488e25fc3e59fe9"	"V1V2"	"Bacteria"	"Bacteroidetes"	"Bacteroidia"	"Bacteroidales"	"Rikenellaceae"	"Alistipes"	"unknown_Spp Alistipes gen."
"ASV_V1V2_01735"	"ea1138333be6002633f30a69bff90147"	"V1V2"	"Bacteria"	"Proteobacteria"	"Gammaproteobacteria"	"Betaproteobacteriales"	"Burkholderiaceae"	"Sutterella"	"unknown_Spp Sutterella gen."
"ASV_V1V2_01736"	"469873b18c5ff7d7497a173e6e83f0f5"	"V1V2"	"Bacteria"	"Firmicutes"	"Clostridia"	"Clostridiales"	"Lachnospiraceae"	"Anaerostipes"	"unknown_Spp Anaerostipes gen."
"ASV_V1V2_01737"	"fe123f6dff88a8f810fdd878edb1d74f"	"V1V2"	"Bacteria"	"Firmicutes"	"Clostridia"	"Clostridiales"	"Lachnospiraceae"	"Eubacterium xylanophilum gr."	"unknown_Spp Eubacterium xylanophilum gr. gen."
"ASV_V1V2_01738"	"68b2337f6f193edc84a1bb705fc11962"	"V1V2"	"Bacteria"	"Firmicutes"	"Clostridia"	"Clostridiales"	"Lachnospiraceae"	"Blautia"	"unknown_Spp Blautia gen."
"ASV_V1V2_01739"	"7a60cad5094aecbe9ba440c02785bffb"	"V1V2"	"Bacteria"	"Firmicutes"	"Clostridia"	"Clostridiales"	"Ruminococcaceae"	"Ruminococcaceae UCG-005"	"unknown_Spp Ruminococcaceae UCG-005 gen."
"ASV_V1V2_01740"	"cd98bc7880fad17a5d996777f2e650cc"	"V1V2"	"Bacteria"	"Firmicutes"	"Clostridia"	"Clostridiales"	"Ruminococcaceae"	"Faecalibacterium"	"unknown_Spp Faecalibacterium gen."
"ASV_V1V2_01741"	"c50bd620672717887ebb4081ce37e655"	"V1V2"	"Bacteria"	"Firmicutes"	"Clostridia"	"Clostridiales"	"Ruminococcaceae"	"Faecalibacterium"	"unknown_Spp Faecalibacterium gen."
"ASV_V1V2_01742"	"77067c12b0e09c51d420cb308d5e502e"	"V1V2"	"Bacteria"	"Firmicutes"	"Clostridia"	"Clostridiales"	"Lachnospiraceae"	"Blautia"	"unknown_Spp Blautia gen."
"ASV_V1V2_01743"	"783c7b5d30ec3ab7be68f05c06a6d6eb"	"V1V2"	"Bacteria"	"Bacteroidetes"	"Bacteroidia"	"Bacteroidales"	"Bacteroidaceae"	"Bacteroides"	"unknown_Spp Bacteroides gen."
"ASV_V1V2_01744"	"01754f5bd8821f3db7c0eff1dccaf867"	"V1V2"	"Bacteria"	"Firmicutes"	"Clostridia"	"Clostridiales"	"Lachnospiraceae"	"Agathobacter"	"unknown_Spp Agathobacter gen."
"ASV_V1V2_01745"	"e8551bd848fef6d4f14dbb51411b2a84"	"V1V2"	"Bacteria"	"Firmicutes"	"Clostridia"	"Clostridiales"	"Lachnospiraceae"	"Dorea"	"unknown_Spp Dorea gen."
"ASV_V1V2_01746"	"748e4db1238599b2cea6df32d17f9caa"	"V1V2"	"Bacteria"	"Bacteroidetes"	"Bacteroidia"	"Bacteroidales"	"Barnesiellaceae"	"Barnesiella"	"unknown_Spp Barnesiella gen."
"ASV_V1V2_01747"	"0c44995231af2d32cc1d7f2269d52848"	"V1V2"	"Bacteria"	"Firmicutes"	"Clostridia"	"Clostridiales"	"Lachnospiraceae"	"Blautia"	"unknown_Spp Blautia gen."
"ASV_V1V2_01748"	"d72d41c98789b5fec44a085b247acbfc"	"V1V2"	"Bacteria"	"Firmicutes"	"Clostridia"	"Clostridiales"	"Lachnospiraceae"	"Ruminococcus torques gr."	"unknown_Spp Ruminococcus torques gr. gen."
"ASV_V1V2_01749"	"2f24b0b5104b639808f7ae6b833b0342"	"V1V2"	"Bacteria"	"Firmicutes"	"Clostridia"	"Clostridiales"	"Lachnospiraceae"	"Blautia"	"unknown_Spp Blautia gen."
"ASV_V1V2_01750"	"15834386821be9582e58dd62d7d27830"	"V1V2"	"Bacteria"	"Firmicutes"	"Clostridia"	"Clostridiales"	"Lachnospiraceae"	"Roseburia"	"unknown_Spp Roseburia gen."
"ASV_V1V2_01751"	"a6e807e448f85a4e0c328f9fe08440a6"	"V1V2"	"Bacteria"	"Bacteroidetes"	"Bacteroidia"	"Bacteroidales"	"Bacteroidaceae"	"Bacteroides"	"unknown_Spp Bacteroides gen."
"ASV_V1V2_01752"	"2880343701023f4f9b5cfdbef64d7826"	"V1V2"	"Bacteria"	"Firmicutes"	"Clostridia"	"Clostridiales"	"Lachnospiraceae"	"Coprococcus 1"	"unknown_Spp Coprococcus 1 gen."
"ASV_V1V2_01753"	"bcc334111140095903a38980294f6f97"	"V1V2"	"Bacteria"	"Firmicutes"	"Negativicutes"	"Selenomonadales"	"Acidaminococcaceae"	"Phascolarctobacterium"	"unknown_Spp Phascolarctobacterium gen."
"ASV_V1V2_01754"	"e5762cd653236c1628028e6f616739e3"	"V1V2"	"Bacteria"	"Firmicutes"	"Clostridia"	"Clostridiales"	"Ruminococcaceae"	"Eubacterium coprostanoligenes gr."	"unknown_Spp Eubacterium coprostanoligenes gr. gen."
"ASV_V1V2_01755"	"c5d5ad342d3a6b39aed6db1efded6a42"	"V1V2"	"Bacteria"	"Firmicutes"	"Clostridia"	"Clostridiales"	"Lachnospiraceae"	"Blautia"	"unknown_Spp Blautia gen."
"ASV_V1V2_01756"	"ee9bd18426782c39ce777299a000619e"	"V1V2"	"Bacteria"	"Tenericutes"	"Mollicutes"	"Mollicutes RF39"	"unknown_Fam Mollicutes RF39 ord."	"unknown_Gen Mollicutes RF39 ord."	"unkown_Spp_Gen_Fam_0109"
"ASV_V1V2_01757"	"e69b1a1957f74569848d10e448a6a667"	"V1V2"	"Bacteria"	"Firmicutes"	"Clostridia"	"Clostridiales"	"Clostridiaceae 1"	"Clostridium sensu stricto 1"	"unknown_Spp Clostridium sensu stricto 1 gen."
"ASV_V1V2_01758"	"72db61ae4c4eac2f666d8652dd0b2bd4"	"V1V2"	"Bacteria"	"Firmicutes"	"Clostridia"	"Clostridiales"	"Lachnospiraceae"	"Eubacterium ventriosum gr."	"unknown_Spp Eubacterium ventriosum gr. gen."
"ASV_V1V2_01759"	"9577081d2b954ff7ab3f0fe7ea3ce8aa"	"V1V2"	"Bacteria"	"Firmicutes"	"Clostridia"	"Clostridiales"	"Ruminococcaceae"	"Faecalibacterium"	"unknown_Spp Faecalibacterium gen."
"ASV_V1V2_01760"	"276f210cb7b741fd2394c95c9760ce1a"	"V1V2"	"Bacteria"	"Bacteroidetes"	"Bacteroidia"	"Bacteroidales"	"Bacteroidaceae"	"Bacteroides"	"Bacteroides plebeius"
"ASV_V1V2_01761"	"85c6c8638798522e5f6494db144efb6c"	"V1V2"	"Bacteria"	"Firmicutes"	"Clostridia"	"Clostridiales"	"Lachnospiraceae"	"Coprococcus 1"	"unknown_Spp Coprococcus 1 gen."
"ASV_V1V2_01762"	"fbc0f49d578fb744f876297faa69e7ce"	"V1V2"	"Bacteria"	"Firmicutes"	"Clostridia"	"Clostridiales"	"Lachnospiraceae"	"Roseburia"	"unknown_Spp Roseburia gen."
"ASV_V1V2_01763"	"78ede7ba517f18184e7bbd7e49873656"	"V1V2"	"Bacteria"	"Actinobacteria"	"Actinobacteria"	"Bifidobacteriales"	"Bifidobacteriaceae"	"Bifidobacterium"	"unknown_Spp Bifidobacterium gen."
"ASV_V1V2_01764"	"8af99109a6a9427b02ec28f56f8f95b3"	"V1V2"	"Bacteria"	"Firmicutes"	"Clostridia"	"Clostridiales"	"Lachnospiraceae"	"unknown_Gen Lachnospiraceae fam."	"unknown_Spp Lachnospiraceae fam."
"ASV_V1V2_01765"	"f9485c09cd55f128498f27d40ff7b04c"	"V1V2"	"Bacteria"	"Firmicutes"	"Clostridia"	"Clostridiales"	"Lachnospiraceae"	"Eubacterium hallii gr."	"unknown_Spp Eubacterium hallii gr. gen."
"ASV_V1V2_01766"	"43c4c27e81081635146ad078016a8c1e"	"V1V2"	"Bacteria"	"Firmicutes"	"Clostridia"	"Clostridiales"	"Ruminococcaceae"	"Butyricicoccus"	"unknown_Spp Butyricicoccus gen."
"ASV_V1V2_01767"	"d1b99c6b9a6b975a8807850a2b1d0b43"	"V1V2"	"Bacteria"	"Bacteroidetes"	"Bacteroidia"	"Bacteroidales"	"Bacteroidaceae"	"Bacteroides"	"unknown_Spp Bacteroides gen."
"ASV_V1V2_01768"	"66a51d0ae9b9b46b32c8baff53212836"	"V1V2"	"Bacteria"	"Firmicutes"	"Clostridia"	"Clostridiales"	"Lachnospiraceae"	"Agathobacter"	"unknown_Spp Agathobacter gen."
"ASV_V1V2_01769"	"e40c778580dcf4ebfb05551887f28043"	"V1V2"	"Bacteria"	"Firmicutes"	"Clostridia"	"Clostridiales"	"Ruminococcaceae"	"Butyricicoccus"	"unknown_Spp Butyricicoccus gen."
"ASV_V1V2_01770"	"90b906de8b8d107ac7d2d6f20be80d48"	"V1V2"	"Bacteria"	"Firmicutes"	"Clostridia"	"Clostridiales"	"Lachnospiraceae"	"Lachnospira"	"unknown_Spp Lachnospira gen."
"ASV_V1V2_01771"	"394b6d958d326488a1c17f192a2d6854"	"V1V2"	"Bacteria"	"Firmicutes"	"Clostridia"	"Clostridiales"	"Ruminococcaceae"	"Ruminiclostridium 6"	"unknown_Spp Ruminiclostridium 6 gen."
"ASV_V1V2_01772"	"0fd2776d60d05b17ede7e0f56dba943a"	"V1V2"	"Bacteria"	"Firmicutes"	"Clostridia"	"Clostridiales"	"Lachnospiraceae"	"Tyzzerella 3"	"unknown_Spp Tyzzerella 3 gen."
"ASV_V1V2_01773"	"daa70bda440cd0fea0487d968fcaf208"	"V1V2"	"Bacteria"	"Bacteroidetes"	"Bacteroidia"	"Bacteroidales"	"Bacteroidaceae"	"Bacteroides"	"unknown_Spp Bacteroides gen."
"ASV_V1V2_01774"	"870b172251eef7446512885b33e8762f"	"V1V2"	"Bacteria"	"Firmicutes"	"Clostridia"	"Clostridiales"	"Lachnospiraceae"	"Coprococcus 2"	"unknown_Spp Coprococcus 2 gen."
"ASV_V1V2_01775"	"07189faa5ddc37c841c72d4e8e5368eb"	"V1V2"	"Bacteria"	"Firmicutes"	"Clostridia"	"Clostridiales"	"Lachnospiraceae"	"Ruminococcus torques gr."	"unknown_Spp Ruminococcus torques gr. gen."
"ASV_V1V2_01776"	"4c1c9fa9f1baa310d11bc400d100cc18"	"V1V2"	"Bacteria"	"Firmicutes"	"Clostridia"	"Clostridiales"	"Lachnospiraceae"	"Fusicatenibacter"	"unknown_Spp Fusicatenibacter gen."
"ASV_V1V2_01777"	"c6b42fa78bfb4c0ab81f5f189caa9a7e"	"V1V2"	"Bacteria"	"Firmicutes"	"Clostridia"	"Clostridiales"	"Lachnospiraceae"	"Blautia"	"unknown_Spp Blautia gen."
"ASV_V1V2_01778"	"b1337be600f6cde78ab55ba2b53418d9"	"V1V2"	"Bacteria"	"Firmicutes"	"Clostridia"	"Clostridiales"	"Lachnospiraceae"	"Blautia"	"unknown_Spp Blautia gen."
"ASV_V1V2_01779"	"44b367cd3fc09b3ffdda69fe48c0717f"	"V1V2"	"Bacteria"	"Bacteroidetes"	"Bacteroidia"	"Bacteroidales"	"Tannerellaceae"	"Parabacteroides"	"unknown_Spp Parabacteroides gen."
"ASV_V1V2_01780"	"17a1a5d9f8eaec2363f7cd9752074978"	"V1V2"	"Bacteria"	"Bacteroidetes"	"Bacteroidia"	"Bacteroidales"	"Prevotellaceae"	"Prevotella 9"	"unknown_Spp Prevotella 9 gen."
"ASV_V1V2_01781"	"fe1bedf5ee7b0f27fe3798c6bd1ef294"	"V1V2"	"Bacteria"	"Firmicutes"	"Clostridia"	"Clostridiales"	"Lachnospiraceae"	"Agathobacter"	"unknown_Spp Agathobacter gen."
"ASV_V1V2_01782"	"3f80a3f38759cc5fabae03bfbe13b816"	"V1V2"	"Bacteria"	"Firmicutes"	"Clostridia"	"Clostridiales"	"Ruminococcaceae"	"Faecalibacterium"	"unknown_Spp Faecalibacterium gen."
"ASV_V1V2_01783"	"4e4978f434df23c695b20982666bbf67"	"V1V2"	"Bacteria"	"Firmicutes"	"Clostridia"	"Clostridiales"	"Lachnospiraceae"	"Eubacterium xylanophilum gr."	"unknown_Spp Eubacterium xylanophilum gr. gen."
"ASV_V1V2_01784"	"8bf3ca28b6e8457ffdb317d8da1ac217"	"V1V2"	"Bacteria"	"Firmicutes"	"Clostridia"	"Clostridiales"	"Lachnospiraceae"	"Eubacterium hallii gr."	"unknown_Spp Eubacterium hallii gr. gen."
"ASV_V1V2_01785"	"41a0b97d217fe7011d8dc8045424f169"	"V1V2"	"Bacteria"	"Bacteroidetes"	"Bacteroidia"	"Bacteroidales"	"Tannerellaceae"	"Parabacteroides"	"unknown_Spp Parabacteroides gen."
"ASV_V1V2_01786"	"16af517bdf9263398bb380225a807edb"	"V1V2"	"Bacteria"	"Firmicutes"	"Clostridia"	"Clostridiales"	"Ruminococcaceae"	"Ruminiclostridium 6"	"unknown_Spp Ruminiclostridium 6 gen."
"ASV_V1V2_01787"	"40238c47536df7902c2fe27214dbeb76"	"V1V2"	"Bacteria"	"Firmicutes"	"Clostridia"	"Clostridiales"	"Lachnospiraceae"	"Anaerosporobacter"	"unknown_Spp Anaerosporobacter gen."
"ASV_V1V2_01788"	"e176d96af52662b1f1e53b5bc33270a8"	"V1V2"	"Bacteria"	"Firmicutes"	"Clostridia"	"Clostridiales"	"Lachnospiraceae"	"Agathobacter"	"unknown_Spp Agathobacter gen."
"ASV_V1V2_01789"	"280a37d20ca55335a77b1bfa636b59c7"	"V1V2"	"Bacteria"	"Firmicutes"	"Clostridia"	"Clostridiales"	"Lachnospiraceae"	"unknown_Gen Lachnospiraceae fam."	"unknown_Spp Lachnospiraceae fam."
"ASV_V1V2_01790"	"f1b74fc499d36976fb4638bf647d2fd0"	"V1V2"	"Bacteria"	"Firmicutes"	"Clostridia"	"Clostridiales"	"Ruminococcaceae"	"unknown_Gen Ruminococcaceae fam."	"unknown_Spp Ruminococcaceae fam."
"ASV_V1V2_01791"	"dba605033b581c8659bdcc966dff95d4"	"V1V2"	"Bacteria"	"Bacteroidetes"	"Bacteroidia"	"Bacteroidales"	"Barnesiellaceae"	"Barnesiella"	"unknown_Spp Barnesiella gen."
"ASV_V1V2_01792"	"d5eb2f00ed4d64ae83d9e7d1584426a9"	"V1V2"	"Bacteria"	"Bacteroidetes"	"Bacteroidia"	"Bacteroidales"	"Marinifilaceae"	"Odoribacter"	"unknown_Spp Odoribacter gen."
"ASV_V1V2_01793"	"a32adee01b6bded5117946fdcd94a093"	"V1V2"	"Bacteria"	"Firmicutes"	"Clostridia"	"Clostridiales"	"Ruminococcaceae"	"Ruminiclostridium 5"	"unknown_Spp Ruminiclostridium 5 gen."
"ASV_V1V2_01794"	"54419930464bfc80342982942ba8cf6a"	"V1V2"	"Bacteria"	"Bacteroidetes"	"Bacteroidia"	"Bacteroidales"	"Tannerellaceae"	"Parabacteroides"	"unknown_Spp Parabacteroides gen."
"ASV_V1V2_01795"	"7dc8694f048d75ea65cd28f6cdc438a1"	"V1V2"	"Bacteria"	"Bacteroidetes"	"Bacteroidia"	"Bacteroidales"	"Bacteroidaceae"	"Bacteroides"	"unknown_Spp Bacteroides gen."
"ASV_V1V2_01796"	"43b721d75dc0187b00c9a9b28960419f"	"V1V2"	"Bacteria"	"Firmicutes"	"Clostridia"	"Clostridiales"	"Ruminococcaceae"	"Ruminococcaceae UCG-005"	"unknown_Spp Ruminococcaceae UCG-005 gen."
"ASV_V1V2_01797"	"212b4cd90482eb89ea2b790c5c9cb4d5"	"V1V2"	"Bacteria"	"Actinobacteria"	"Actinobacteria"	"Bifidobacteriales"	"Bifidobacteriaceae"	"Bifidobacterium"	"unknown_Spp Bifidobacterium gen."
"ASV_V1V2_01798"	"f7ffea240a893cb7bee1adb703d29ac5"	"V1V2"	"Bacteria"	"Firmicutes"	"Clostridia"	"Clostridiales"	"Lachnospiraceae"	"Marvinbryantia"	"unknown_Spp Marvinbryantia gen."
"ASV_V1V2_01799"	"5adcf89bd855bd3c10bd46abe6be9aeb"	"V1V2"	"Bacteria"	"Bacteroidetes"	"Bacteroidia"	"Bacteroidales"	"Prevotellaceae"	"Paraprevotella"	"unknown_Spp Paraprevotella gen."
"ASV_V1V2_01800"	"87d12668e6cc2fdc116422c6f27cc53a"	"V1V2"	"Bacteria"	"Firmicutes"	"Clostridia"	"Clostridiales"	"Lachnospiraceae"	"Coprococcus 3"	"unknown_Spp Coprococcus 3 gen."
"ASV_V1V2_01801"	"3bebacd4b61386c0c09409f00c4f4a18"	"V1V2"	"Bacteria"	"Firmicutes"	"Erysipelotrichia"	"Erysipelotrichales"	"Erysipelotrichaceae"	"Turicibacter"	"unknown_Spp Turicibacter gen."
"ASV_V1V2_01802"	"88194b3da1466ac00173247dcab54ef4"	"V1V2"	"Bacteria"	"Firmicutes"	"Clostridia"	"Clostridiales"	"Lachnospiraceae"	"Fusicatenibacter"	"unknown_Spp Fusicatenibacter gen."
"ASV_V1V2_01803"	"9425d7e10c05440d49265c0aeb507080"	"V1V2"	"Bacteria"	"Firmicutes"	"Clostridia"	"Clostridiales"	"Ruminococcaceae"	"Ruminococcaceae UCG-008"	"unknown_Spp Ruminococcaceae UCG-008 gen."
"ASV_V1V2_01804"	"ab46f04ca5e482ac1e1db7805e8f811a"	"V1V2"	"Bacteria"	"Firmicutes"	"Clostridia"	"Clostridiales"	"Lachnospiraceae"	"Eubacterium hallii gr."	"unknown_Spp Eubacterium hallii gr. gen."
"ASV_V1V2_01805"	"eef1c6076a1f211f4e1d9611bdf385c5"	"V1V2"	"Bacteria"	"Firmicutes"	"Clostridia"	"Clostridiales"	"Lachnospiraceae"	"Coprococcus 2"	"unknown_Spp Coprococcus 2 gen."
"ASV_V1V2_01806"	"710f0f56c1ff895bad94f7c8f71dec4c"	"V1V2"	"Bacteria"	"Firmicutes"	"Clostridia"	"Clostridiales"	"Lachnospiraceae"	"Eubacterium ventriosum gr."	"unknown_Spp Eubacterium ventriosum gr. gen."
"ASV_V1V2_01807"	"64c29331040abd5847593fabc33cc7b8"	"V1V2"	"Bacteria"	"Firmicutes"	"Clostridia"	"Clostridiales"	"Ruminococcaceae"	"Ruminococcaceae UCG-014"	"unknown_Spp Ruminococcaceae UCG-014 gen."
"ASV_V1V2_01808"	"4511e72e9d71dd3e876ffafd50b2c001"	"V1V2"	"Bacteria"	"Firmicutes"	"Clostridia"	"Clostridiales"	"Lachnospiraceae"	"Agathobacter"	"unknown_Spp Agathobacter gen."
"ASV_V1V2_01809"	"28b1dec3c47a445fefaabffafcf68a80"	"V1V2"	"Bacteria"	"Firmicutes"	"Clostridia"	"Clostridiales"	"Lachnospiraceae"	"Blautia"	"unknown_Spp Blautia gen."
"ASV_V1V2_01810"	"a1eb6a0c826bcc6ab3ead7ff1a6b4025"	"V1V2"	"Bacteria"	"Firmicutes"	"Clostridia"	"Clostridiales"	"Ruminococcaceae"	"Ruminococcaceae UCG-004"	"unknown_Spp Ruminococcaceae UCG-004 gen."
"ASV_V1V2_01811"	"fd701002b453c1d228951ed94e4b03d9"	"V1V2"	"Bacteria"	"Firmicutes"	"Clostridia"	"Clostridiales"	"Lachnospiraceae"	"Dorea"	"unknown_Spp Dorea gen."
"ASV_V1V2_01812"	"561ea16f974324cdb9f372c043043fcb"	"V1V2"	"Bacteria"	"Bacteroidetes"	"Bacteroidia"	"Bacteroidales"	"Marinifilaceae"	"Odoribacter"	"unknown_Spp Odoribacter gen."
"ASV_V1V2_01813"	"de1cbdc35e0fd258141cce8f48d5bf96"	"V1V2"	"Bacteria"	"Firmicutes"	"Clostridia"	"Clostridiales"	"Lachnospiraceae"	"Lachnospiraceae UCG-001"	"unknown_Spp Lachnospiraceae UCG-001 gen."
"ASV_V1V2_01814"	"05ae5b163f7d554de0bc545e093154ed"	"V1V2"	"Bacteria"	"Firmicutes"	"Clostridia"	"Clostridiales"	"Lachnospiraceae"	"Blautia"	"unknown_Spp Blautia gen."
"ASV_V1V2_01815"	"643bce58da13d6113783267491aa2d02"	"V1V2"	"Bacteria"	"Firmicutes"	"Clostridia"	"Clostridiales"	"Lachnospiraceae"	"unknown_Gen Lachnospiraceae fam."	"unknown_Spp Lachnospiraceae fam."
"ASV_V1V2_01816"	"5ea0b412bd21510b5a91ca57b7e3e031"	"V1V2"	"Bacteria"	"Firmicutes"	"Clostridia"	"Clostridiales"	"Family XIII"	"Family XIII UCG-001"	"unknown_Spp Family XIII UCG-001 gen."
"ASV_V1V2_01817"	"268cc25aeb95d55ef82301e544e82ed7"	"V1V2"	"Bacteria"	"Firmicutes"	"Clostridia"	"Clostridiales"	"Lachnospiraceae"	"Lachnospira"	"unknown_Spp Lachnospira gen."
"ASV_V1V2_01818"	"0430976a56a689c608973d8008beedd6"	"V1V2"	"Bacteria"	"Firmicutes"	"Clostridia"	"Clostridiales"	"Ruminococcaceae"	"Faecalibacterium"	"unknown_Spp Faecalibacterium gen."
"ASV_V1V2_01819"	"5a45754adb4dac50e735f2d1cd52bd6f"	"V1V2"	"Bacteria"	"Firmicutes"	"Clostridia"	"Clostridiales"	"Lachnospiraceae"	"Ruminococcus torques gr."	"unknown_Spp Ruminococcus torques gr. gen."
"ASV_V1V2_01820"	"2c783a8e0f55698b36b1c1732d5d5589"	"V1V2"	"Bacteria"	"Firmicutes"	"Clostridia"	"Clostridiales"	"Lachnospiraceae"	"Blautia"	"unknown_Spp Blautia gen."
"ASV_V1V2_01821"	"742d9197920f21a7c838dde5765e71a6"	"V1V2"	"Bacteria"	"Bacteroidetes"	"Bacteroidia"	"Bacteroidales"	"Bacteroidaceae"	"Bacteroides"	"unknown_Spp Bacteroides gen."
"ASV_V1V2_01822"	"26afd3470a5ebee3c302242d103a0cbd"	"V1V2"	"Bacteria"	"Bacteroidetes"	"Bacteroidia"	"Bacteroidales"	"Rikenellaceae"	"Alistipes"	"unknown_Spp Alistipes gen."
"ASV_V1V2_01823"	"550b7a78a6cc17eb93e42ad03b99de1c"	"V1V2"	"Bacteria"	"Firmicutes"	"Clostridia"	"Clostridiales"	"Lachnospiraceae"	"Dorea"	"unknown_Spp Dorea gen."
"ASV_V1V2_01824"	"8612c86da44ac53cb000ef09c19fdd23"	"V1V2"	"Bacteria"	"Tenericutes"	"Mollicutes"	"Mollicutes RF39"	"unknown_Fam Mollicutes RF39 ord."	"unknown_Gen Mollicutes RF39 ord."	"unkown_Spp_Gen_Fam_0110"
"ASV_V1V2_01825"	"1f977af8b923b4bbcadf925d204bd164"	"V1V2"	"Bacteria"	"Firmicutes"	"Clostridia"	"Clostridiales"	"Lachnospiraceae"	"Dorea"	"unknown_Spp Dorea gen."
"ASV_V1V2_01826"	"f789320cc7d0514eb858b20ab39b7875"	"V1V2"	"Bacteria"	"Firmicutes"	"Clostridia"	"Clostridiales"	"Lachnospiraceae"	"Blautia"	"unknown_Spp Blautia gen."
"ASV_V1V2_01827"	"cc8d8a2410fa8d10c8634da1ccdf166f"	"V1V2"	"Bacteria"	"Firmicutes"	"Clostridia"	"Clostridiales"	"Lachnospiraceae"	"Blautia"	"unknown_Spp Blautia gen."
"ASV_V1V2_01828"	"7a43762d0a6d281cfd601fe791a75a56"	"V1V2"	"Bacteria"	"Firmicutes"	"Negativicutes"	"Selenomonadales"	"Veillonellaceae"	"Dialister"	"unknown_Spp Dialister gen."
"ASV_V1V2_01829"	"c34547d225e5a25993aed986865fb254"	"V1V2"	"Bacteria"	"Bacteroidetes"	"Bacteroidia"	"Bacteroidales"	"Bacteroidaceae"	"Bacteroides"	"unknown_Spp Bacteroides gen."
"ASV_V1V2_01830"	"1d0c433f02799f17e770a3252a251369"	"V1V2"	"Bacteria"	"Bacteroidetes"	"Bacteroidia"	"Bacteroidales"	"Prevotellaceae"	"Prevotella 9"	"unknown_Spp Prevotella 9 gen."
"ASV_V1V2_01831"	"144de8a0d38a5f861f5b5289181e1154"	"V1V2"	"Bacteria"	"Firmicutes"	"Clostridia"	"Clostridiales"	"Lachnospiraceae"	"Lachnospiraceae UCG-008"	"unknown_Spp Lachnospiraceae UCG-008 gen."
"ASV_V1V2_01832"	"49e484254c8c387c7649f7432b7e1cd4"	"V1V2"	"Bacteria"	"Proteobacteria"	"Deltaproteobacteria"	"Desulfovibrionales"	"Desulfovibrionaceae"	"Bilophila"	"unknown_Spp Bilophila gen."
"ASV_V1V2_01833"	"7fadae06e9f363b0840c66ff6e712b1e"	"V1V2"	"Bacteria"	"Firmicutes"	"Clostridia"	"Clostridiales"	"Lachnospiraceae"	"Blautia"	"unknown_Spp Blautia gen."
"ASV_V1V2_01834"	"d10db364ee6b5a1d9443a213b1f9a7a3"	"V1V2"	"Bacteria"	"Actinobacteria"	"Actinobacteria"	"Bifidobacteriales"	"Bifidobacteriaceae"	"Bifidobacterium"	"Bifidobacterium bifidum"
"ASV_V1V2_01835"	"94984d4a7a8c48d0ac7c848b5dd112fe"	"V1V2"	"Bacteria"	"Firmicutes"	"Clostridia"	"Clostridiales"	"Ruminococcaceae"	"Negativibacillus"	"unknown_Spp Negativibacillus gen."
"ASV_V1V2_01836"	"bf09a8fdcd4b596aa8ee6371b9530d42"	"V1V2"	"Bacteria"	"Firmicutes"	"Clostridia"	"Clostridiales"	"Lachnospiraceae"	"Eubacterium hallii gr."	"unknown_Spp Eubacterium hallii gr. gen."
"ASV_V1V2_01837"	"39b3025e5090bf407e190c4601a9d7ca"	"V1V2"	"Bacteria"	"Firmicutes"	"Clostridia"	"Clostridiales"	"Lachnospiraceae"	"Coprococcus 2"	"unknown_Spp Coprococcus 2 gen."
"ASV_V1V2_01838"	"8d9f01435740a924b0ad943c3d824fc1"	"V1V2"	"Bacteria"	"Firmicutes"	"Clostridia"	"Clostridiales"	"Lachnospiraceae"	"Lachnospiraceae ND3007 gr."	"unknown_Spp Lachnospiraceae ND3007 gr. gen."
"ASV_V1V2_01839"	"953f7dda50aa5113636336d9632742e6"	"V1V2"	"Bacteria"	"Firmicutes"	"Clostridia"	"Clostridiales"	"Ruminococcaceae"	"Subdoligranulum"	"unknown_Spp Subdoligranulum gen."
"ASV_V1V2_01840"	"f6711e5784341002bfe933363a53e84e"	"V1V2"	"Bacteria"	"Tenericutes"	"Mollicutes"	"Mollicutes RF39"	"unknown_Fam Mollicutes RF39 ord."	"unknown_Gen Mollicutes RF39 ord."	"unkown_Spp_Gen_Fam_0111"
"ASV_V1V2_01841"	"d923beba07dc67fd58e40e0d681c1fea"	"V1V2"	"Bacteria"	"Firmicutes"	"Clostridia"	"Clostridiales"	"Lachnospiraceae"	"Eubacterium hallii gr."	"unknown_Spp Eubacterium hallii gr. gen."
"ASV_V1V2_01842"	"32d8f2712188b754d5dcad84a9e1003b"	"V1V2"	"Bacteria"	"Firmicutes"	"Clostridia"	"Clostridiales"	"Lachnospiraceae"	"Eubacterium xylanophilum gr."	"unknown_Spp Eubacterium xylanophilum gr. gen."
"ASV_V1V2_01843"	"cf06ef22943542705765d9287b940766"	"V1V2"	"Bacteria"	"Firmicutes"	"Clostridia"	"Clostridiales"	"Ruminococcaceae"	"Butyricicoccus"	"unknown_Spp Butyricicoccus gen."
"ASV_V1V2_01844"	"2873c8bc87cb4fa8a11c63cba762d1a6"	"V1V2"	"Bacteria"	"Firmicutes"	"Clostridia"	"Clostridiales"	"Lachnospiraceae"	"Roseburia"	"unknown_Spp Roseburia gen."
"ASV_V1V2_01845"	"48e8a9ef00caf644e8d923b338de1d3a"	"V1V2"	"Bacteria"	"Bacteroidetes"	"Bacteroidia"	"Bacteroidales"	"Rikenellaceae"	"Alistipes"	"unknown_Spp Alistipes gen."
"ASV_V1V2_01846"	"ccd67b0c6975cc82ea8be05a5d31fd94"	"V1V2"	"Bacteria"	"Firmicutes"	"Clostridia"	"Clostridiales"	"Lachnospiraceae"	"Agathobacter"	"unknown_Spp Agathobacter gen."
"ASV_V1V2_01847"	"96e79d3fa3aa9c6cafaa4be834d30f36"	"V1V2"	"Bacteria"	"Firmicutes"	"Clostridia"	"Clostridiales"	"Lachnospiraceae"	"unknown_Gen Lachnospiraceae fam."	"unknown_Spp Lachnospiraceae fam."
"ASV_V1V2_01848"	"86a6505a694b3e90920e56bbb3a80112"	"V1V2"	"Bacteria"	"Firmicutes"	"Clostridia"	"Clostridiales"	"Christensenellaceae"	"Christensenellaceae R-7 gr."	"unknown_Spp Christensenellaceae R-7 gr. gen."
"ASV_V1V2_01849"	"c56c2c6d1ca33fe60341ad9484bd5f4c"	"V1V2"	"Bacteria"	"Firmicutes"	"Clostridia"	"Clostridiales"	"Lachnospiraceae"	"Blautia"	"unknown_Spp Blautia gen."
"ASV_V1V2_01850"	"db7ea7a7bd5ee05a42b09a8466460356"	"V1V2"	"Bacteria"	"Firmicutes"	"Clostridia"	"Clostridiales"	"Lachnospiraceae"	"Ruminococcus torques gr."	"unknown_Spp Ruminococcus torques gr. gen."
"ASV_V1V2_01851"	"fc5b3f7fa756ccdfe97d46fcad963f7b"	"V1V2"	"Bacteria"	"Bacteroidetes"	"Bacteroidia"	"Bacteroidales"	"Bacteroidaceae"	"Bacteroides"	"unknown_Spp Bacteroides gen."
"ASV_V1V2_01852"	"78f100c27a57497dd28cf58ad3639360"	"V1V2"	"Bacteria"	"Firmicutes"	"Clostridia"	"Clostridiales"	"Lachnospiraceae"	"Blautia"	"unknown_Spp Blautia gen."
"ASV_V1V2_01853"	"9063328016f1b40f6f9d3ef6fd024ace"	"V1V2"	"Bacteria"	"Firmicutes"	"Clostridia"	"Clostridiales"	"Lachnospiraceae"	"Agathobacter"	"Eubacterium ramulus"
"ASV_V1V2_01854"	"5700be093324cbc5ef111a28a465c219"	"V1V2"	"Bacteria"	"Bacteroidetes"	"Bacteroidia"	"Bacteroidales"	"Bacteroidaceae"	"Bacteroides"	"unknown_Spp Bacteroides gen."
"ASV_V1V2_01855"	"362598e942ac210686703dccad0385f4"	"V1V2"	"Bacteria"	"Firmicutes"	"Clostridia"	"Clostridiales"	"Ruminococcaceae"	"Faecalibacterium"	"unknown_Spp Faecalibacterium gen."
"ASV_V1V2_01856"	"79199e7268011886564ef2207c65c999"	"V1V2"	"Bacteria"	"Firmicutes"	"Clostridia"	"Clostridiales"	"Lachnospiraceae"	"unknown_Gen Lachnospiraceae fam."	"unknown_Spp Lachnospiraceae fam."
"ASV_V1V2_01857"	"66f56d826045431c202d71571da2ea5c"	"V1V2"	"Bacteria"	"Firmicutes"	"Clostridia"	"Clostridiales"	"Lachnospiraceae"	"Eubacterium xylanophilum gr."	"unknown_Spp Eubacterium xylanophilum gr. gen."
"ASV_V1V2_01858"	"16b5f0274a3bdaba48f6ea449e791fbc"	"V1V2"	"Bacteria"	"Firmicutes"	"Clostridia"	"Clostridiales"	"Lachnospiraceae"	"Eubacterium ventriosum gr."	"unknown_Spp Eubacterium ventriosum gr. gen."
"ASV_V1V2_01859"	"9282c01f1e0e7ec7b0f6635e4453f5bd"	"V1V2"	"Bacteria"	"Firmicutes"	"Clostridia"	"Clostridiales"	"Lachnospiraceae"	"Eubacterium hallii gr."	"unknown_Spp Eubacterium hallii gr. gen."
"ASV_V1V2_01860"	"6a0fdcb951044ccc86f0631b8b472794"	"V1V2"	"Bacteria"	"Firmicutes"	"Clostridia"	"Clostridiales"	"Ruminococcaceae"	"Faecalibacterium"	"unknown_Spp Faecalibacterium gen."
"ASV_V1V2_01861"	"0bbe015832d08e02ca89cd9cc4c7847c"	"V1V2"	"Bacteria"	"Firmicutes"	"Clostridia"	"Clostridiales"	"Ruminococcaceae"	"Ruminococcus 1"	"unknown_Spp Ruminococcus 1 gen."
"ASV_V1V2_01862"	"9cd50387632dc3807afd713f82076c17"	"V1V2"	"Bacteria"	"Bacteroidetes"	"Bacteroidia"	"Bacteroidales"	"Bacteroidaceae"	"Bacteroides"	"Bacteroides eggerthii DSM 20697"
"ASV_V1V2_01863"	"7af412e3aa46d62bb88cdba722abb20f"	"V1V2"	"Bacteria"	"Bacteroidetes"	"Bacteroidia"	"Bacteroidales"	"Bacteroidaceae"	"Bacteroides"	"unknown_Spp Bacteroides gen."
"ASV_V1V2_01864"	"2378df33717f4ba3f5cdb20e587412e4"	"V1V2"	"Bacteria"	"Actinobacteria"	"Coriobacteriia"	"Coriobacteriales"	"Eggerthellaceae"	"Senegalimassilia"	"unknown_Spp Senegalimassilia gen."
"ASV_V1V2_01865"	"c3df188782210119ad75c72d59daf5b7"	"V1V2"	"Bacteria"	"Proteobacteria"	"Deltaproteobacteria"	"Desulfovibrionales"	"Desulfovibrionaceae"	"Desulfovibrio"	"unknown_Spp Desulfovibrio gen."
"ASV_V1V2_01866"	"883233f2dab1ffd7cbd110cf83f25aa2"	"V1V2"	"Bacteria"	"Firmicutes"	"Clostridia"	"Clostridiales"	"Ruminococcaceae"	"Ruminiclostridium 9"	"unknown_Spp Ruminiclostridium 9 gen."
"ASV_V1V2_01867"	"f2e6e0953bbd01c1a872b14326c671dd"	"V1V2"	"Bacteria"	"Firmicutes"	"Clostridia"	"Clostridiales"	"Christensenellaceae"	"Christensenellaceae R-7 gr."	"unknown_Spp Christensenellaceae R-7 gr. gen."
"ASV_V1V2_01868"	"be5bde1d0cfb0c1ad3c5f537ba9db00b"	"V1V2"	"Bacteria"	"Firmicutes"	"Clostridia"	"Clostridiales"	"Lachnospiraceae"	"Dorea"	"unknown_Spp Dorea gen."
"ASV_V1V2_01869"	"37d845ced85b3117672fca3f093a2828"	"V1V2"	"Bacteria"	"Firmicutes"	"Clostridia"	"Clostridiales"	"Lachnospiraceae"	"Agathobacter"	"unknown_Spp Agathobacter gen."
"ASV_V1V2_01870"	"e58ed10cfe7f251228524495ea9f7052"	"V1V2"	"Bacteria"	"Firmicutes"	"Clostridia"	"Clostridiales"	"Lachnospiraceae"	"Agathobacter"	"unknown_Spp Agathobacter gen."
"ASV_V1V2_01871"	"109125e2a29010ea04ecda5e24b05a01"	"V1V2"	"Bacteria"	"Firmicutes"	"Clostridia"	"Clostridiales"	"Lachnospiraceae"	"Blautia"	"unknown_Spp Blautia gen."
"ASV_V1V2_01872"	"f8a0ddccde6e968a37429e8e2df72a0e"	"V1V2"	"Bacteria"	"Firmicutes"	"Clostridia"	"Clostridiales"	"Clostridiaceae 1"	"Clostridium sensu stricto 1"	"unknown_Spp Clostridium sensu stricto 1 gen."
"ASV_V1V2_01873"	"a1752b783c0c6a77c43a74e22312f03d"	"V1V2"	"Bacteria"	"Actinobacteria"	"Coriobacteriia"	"Coriobacteriales"	"unknown_Fam Coriobacteriales ord."	"unknown_Gen Coriobacteriales ord."	"unkown_Spp_Gen_Fam_0112"
"ASV_V1V2_01874"	"7b3cb27741a955b23300b093fed5b7a2"	"V1V2"	"Bacteria"	"Firmicutes"	"Clostridia"	"Clostridiales"	"Ruminococcaceae"	"unknown_Gen Ruminococcaceae fam."	"unknown_Spp Ruminococcaceae fam."
"ASV_V1V2_01875"	"5cece70cebbfba9bbf7a4e15a85cd1b3"	"V1V2"	"Bacteria"	"Firmicutes"	"Clostridia"	"Clostridiales"	"Lachnospiraceae"	"Blautia"	"unknown_Spp Blautia gen."
"ASV_V1V2_01876"	"49bd9ac73221ad2c9fa271fb31eb8a29"	"V1V2"	"Bacteria"	"Actinobacteria"	"Coriobacteriia"	"Coriobacteriales"	"Eggerthellaceae"	"Adlercreutzia"	"unknown_Spp Adlercreutzia gen."
"ASV_V1V2_01877"	"b2077784c76865e387e1afe73d9c0605"	"V1V2"	"Bacteria"	"Firmicutes"	"Clostridia"	"Clostridiales"	"Lachnospiraceae"	"Anaerostipes"	"unknown_Spp Anaerostipes gen."
"ASV_V1V2_01878"	"82b6606ecaf357d137e057c6b600672e"	"V1V2"	"Bacteria"	"Firmicutes"	"Clostridia"	"Clostridiales"	"Lachnospiraceae"	"Ruminococcus torques gr."	"unknown_Spp Ruminococcus torques gr. gen."
"ASV_V1V2_01879"	"54d9e08e61a0a29b2486f66dc3a39e32"	"V1V2"	"Bacteria"	"Bacteroidetes"	"Bacteroidia"	"Bacteroidales"	"Tannerellaceae"	"Parabacteroides"	"unknown_Spp Parabacteroides gen."
"ASV_V1V2_01880"	"d11b2cd2228e6b73c4b19228ba90ad20"	"V1V2"	"Bacteria"	"Firmicutes"	"Clostridia"	"Clostridiales"	"Lachnospiraceae"	"Eubacterium ventriosum gr."	"unknown_Spp Eubacterium ventriosum gr. gen."
"ASV_V1V2_01881"	"d6921f76a2d462d1f62f91518e657fdd"	"V1V2"	"Bacteria"	"Firmicutes"	"Clostridia"	"Clostridiales"	"Family XIII"	"Family XIII AD3011 gr."	"unknown_Spp Family XIII AD3011 gr. gen."
"ASV_V1V2_01882"	"5f50db7946395f38b88ae338690487a0"	"V1V2"	"Bacteria"	"Firmicutes"	"Bacilli"	"Lactobacillales"	"Streptococcaceae"	"Streptococcus"	"unknown_Spp Streptococcus gen."
"ASV_V1V2_01883"	"c05537440a2db2f759e04b35765df524"	"V1V2"	"Bacteria"	"Firmicutes"	"Clostridia"	"Clostridiales"	"Lachnospiraceae"	"Anaerostipes"	"unknown_Spp Anaerostipes gen."
"ASV_V1V2_01884"	"cdc2a4ec39b330c045adea0851f947bb"	"V1V2"	"Bacteria"	"Firmicutes"	"Clostridia"	"Clostridiales"	"Ruminococcaceae"	"Subdoligranulum"	"unknown_Spp Subdoligranulum gen."
"ASV_V1V2_01885"	"badb6de6fb4b1213ab2a095e7cf35b96"	"V1V2"	"Bacteria"	"Firmicutes"	"Clostridia"	"Clostridiales"	"Lachnospiraceae"	"Blautia"	"unknown_Spp Blautia gen."
"ASV_V1V2_01886"	"11e6e7a77dda9b5ad6c8459ab73f4cb4"	"V1V2"	"Bacteria"	"Actinobacteria"	"Coriobacteriia"	"Coriobacteriales"	"Eggerthellaceae"	"Adlercreutzia"	"unknown_Spp Adlercreutzia gen."
"ASV_V1V2_01887"	"b21e7b411baddbf1336edcd3b7c603ee"	"V1V2"	"Bacteria"	"Firmicutes"	"Clostridia"	"Clostridiales"	"Lachnospiraceae"	"unknown_Gen Lachnospiraceae fam."	"unknown_Spp Lachnospiraceae fam."
"ASV_V1V2_01888"	"875686adaef5aa427505958c3c146cc7"	"V1V2"	"Bacteria"	"Firmicutes"	"Clostridia"	"Clostridiales"	"Christensenellaceae"	"Christensenellaceae R-7 gr."	"unknown_Spp Christensenellaceae R-7 gr. gen."
"ASV_V1V2_01889"	"68dbd86f428806ea06f79eecdb1f4f7c"	"V1V2"	"Bacteria"	"Firmicutes"	"Clostridia"	"Clostridiales"	"Ruminococcaceae"	"Ruminococcus 1"	"unknown_Spp Ruminococcus 1 gen."
"ASV_V1V2_01890"	"e973dcfcc4ea83ad90cf8684e8505a2d"	"V1V2"	"Bacteria"	"Firmicutes"	"Clostridia"	"Clostridiales"	"Lachnospiraceae"	"Blautia"	"unknown_Spp Blautia gen."
"ASV_V1V2_01891"	"cbbabf4407ce4099f94787a1d6155e17"	"V1V2"	"Bacteria"	"Bacteroidetes"	"Bacteroidia"	"Bacteroidales"	"Bacteroidaceae"	"Bacteroides"	"unknown_Spp Bacteroides gen."
"ASV_V1V2_01892"	"431b030912ba446f2697cf7b98fdb66c"	"V1V2"	"Bacteria"	"Tenericutes"	"Mollicutes"	"Izimaplasmatales"	"unknown_Fam Izimaplasmatales ord."	"unknown_Gen Izimaplasmatales ord."	"unkown_Spp_Gen_Fam_0113"
"ASV_V1V2_01893"	"376ee37619f1d941724d8a4469b1b4e9"	"V1V2"	"Bacteria"	"Firmicutes"	"Clostridia"	"Clostridiales"	"Lachnospiraceae"	"Blautia"	"unknown_Spp Blautia gen."
"ASV_V1V2_01894"	"4f267250c083195ca06682168c3d92e3"	"V1V2"	"Bacteria"	"Firmicutes"	"Clostridia"	"Clostridiales"	"Lachnospiraceae"	"Blautia"	"unknown_Spp Blautia gen."
"ASV_V1V2_01895"	"fe0e0d86a095983ff351858298eb74b2"	"V1V2"	"Bacteria"	"Firmicutes"	"Clostridia"	"Clostridiales"	"Lachnospiraceae"	"unknown_Gen Lachnospiraceae fam."	"unknown_Spp Lachnospiraceae fam."
"ASV_V1V2_01896"	"388cad6f1df73a9761f20701a395c0d1"	"V1V2"	"Bacteria"	"Firmicutes"	"Clostridia"	"Clostridiales"	"Lachnospiraceae"	"Roseburia"	"unknown_Spp Roseburia gen."
"ASV_V1V2_01897"	"2ddceaa9d46bd3af7508e358e1c1538e"	"V1V2"	"Bacteria"	"Firmicutes"	"Clostridia"	"Clostridiales"	"Lachnospiraceae"	"Anaerostipes"	"unknown_Spp Anaerostipes gen."
"ASV_V1V2_01898"	"e93ab1845aaf5d0d9c9ad878c23f1cea"	"V1V2"	"Bacteria"	"Firmicutes"	"Clostridia"	"Clostridiales"	"Lachnospiraceae"	"Roseburia"	"unknown_Spp Roseburia gen."
"ASV_V1V2_01899"	"b99322231d77898bb7eee52c82930a66"	"V1V2"	"Bacteria"	"Firmicutes"	"Clostridia"	"Clostridiales"	"Lachnospiraceae"	"Blautia"	"unknown_Spp Blautia gen."
"ASV_V1V2_01900"	"9d595b363492b6196a0c125459aa86e3"	"V1V2"	"Bacteria"	"Firmicutes"	"Clostridia"	"Clostridiales"	"Ruminococcaceae"	"Ruminococcaceae UCG-014"	"unknown_Spp Ruminococcaceae UCG-014 gen."
"ASV_V1V2_01901"	"dfa4c92381fdb156e5430ec953fc47a5"	"V1V2"	"Bacteria"	"Firmicutes"	"Clostridia"	"Clostridiales"	"Lachnospiraceae"	"unknown_Gen Lachnospiraceae fam."	"unknown_Spp Lachnospiraceae fam."
"ASV_V1V2_01902"	"dabc366a872256cab6b184abc76d19f5"	"V1V2"	"Bacteria"	"Firmicutes"	"Clostridia"	"Clostridiales"	"Ruminococcaceae"	"Ruminococcaceae UCG-014"	"unknown_Spp Ruminococcaceae UCG-014 gen."
"ASV_V1V2_01903"	"d31e68c2d145311cae701528dd2c8109"	"V1V2"	"Bacteria"	"Firmicutes"	"Clostridia"	"Clostridiales"	"Lachnospiraceae"	"Lachnospiraceae ND3007 gr."	"unknown_Spp Lachnospiraceae ND3007 gr. gen."
"ASV_V1V2_01904"	"e82421e3aa6677a2285b805face19586"	"V1V2"	"Bacteria"	"Firmicutes"	"Clostridia"	"Clostridiales"	"Lachnospiraceae"	"Dorea"	"unknown_Spp Dorea gen."
"ASV_V1V2_01905"	"17aa3e9fc743d64f18b3044f820f38e1"	"V1V2"	"Bacteria"	"Firmicutes"	"Clostridia"	"Clostridiales"	"Ruminococcaceae"	"Eubacterium coprostanoligenes gr."	"unknown_Spp Eubacterium coprostanoligenes gr. gen."
"ASV_V1V2_01906"	"ca05a55f472cf243f67771593947a957"	"V1V2"	"Bacteria"	"Firmicutes"	"Clostridia"	"Clostridiales"	"Lachnospiraceae"	"Coprococcus 1"	"unknown_Spp Coprococcus 1 gen."
"ASV_V1V2_01907"	"3afffb380c8845cd462d64e91a1cc728"	"V1V2"	"Bacteria"	"Firmicutes"	"Clostridia"	"Clostridiales"	"Ruminococcaceae"	"Ruminococcaceae UCG-005"	"unknown_Spp Ruminococcaceae UCG-005 gen."
"ASV_V1V2_01908"	"218282fb3f7c3e57a3dfd411fe6ce2f5"	"V1V2"	"Bacteria"	"Firmicutes"	"Clostridia"	"Clostridiales"	"Lachnospiraceae"	"Lachnospiraceae UCG-004"	"unknown_Spp Lachnospiraceae UCG-004 gen."
"ASV_V1V2_01909"	"8a8eadc6e5648d4917d1bdfbf1f0ba25"	"V1V2"	"Bacteria"	"Firmicutes"	"Clostridia"	"Clostridiales"	"Ruminococcaceae"	"Ruminiclostridium 5"	"unknown_Spp Ruminiclostridium 5 gen."
"ASV_V1V2_01910"	"2fa67ec4e7ffb992079c15b67e6771d9"	"V1V2"	"Bacteria"	"Proteobacteria"	"Gammaproteobacteria"	"Enterobacteriales"	"Enterobacteriaceae"	"unknown_Gen Enterobacteriaceae fam."	"unknown_Spp Enterobacteriaceae fam."
"ASV_V1V2_01911"	"ecb01290c8a4e351c8d3c2c0f6283389"	"V1V2"	"Bacteria"	"Firmicutes"	"Clostridia"	"Clostridiales"	"Lachnospiraceae"	"Lachnospiraceae UCG-003"	"unknown_Spp Lachnospiraceae UCG-003 gen."
"ASV_V1V2_01912"	"7c3296abee78534d9b977f2d7edfa1e2"	"V1V2"	"Bacteria"	"Firmicutes"	"Bacilli"	"Lactobacillales"	"Streptococcaceae"	"Streptococcus"	"unknown_Spp Streptococcus gen."
"ASV_V1V2_01913"	"c9a05db742b05c9d608f70b8b8df60b1"	"V1V2"	"Bacteria"	"Firmicutes"	"Clostridia"	"Clostridiales"	"Lachnospiraceae"	"Eubacterium hallii gr."	"unknown_Spp Eubacterium hallii gr. gen."
"ASV_V1V2_01914"	"a57c770b0f6ac08361e774b7287aac25"	"V1V2"	"Bacteria"	"Firmicutes"	"Clostridia"	"Clostridiales"	"Ruminococcaceae"	"Faecalibacterium"	"unknown_Spp Faecalibacterium gen."
"ASV_V1V2_01915"	"6cea2c87fe33026064c3aa53274dd1c8"	"V1V2"	"Bacteria"	"Firmicutes"	"Clostridia"	"Clostridiales"	"Ruminococcaceae"	"Ruminiclostridium 9"	"unknown_Spp Ruminiclostridium 9 gen."
"ASV_V1V2_01916"	"a4b923cb22479bc7231c38c01cc0cd03"	"V1V2"	"Bacteria"	"Tenericutes"	"Mollicutes"	"Anaeroplasmatales"	"Anaeroplasmataceae"	"Anaeroplasma"	"unknown_Spp Anaeroplasma gen."
"ASV_V1V2_01917"	"01cbe5f303f0f1141c4c72dd565470ce"	"V1V2"	"Bacteria"	"Firmicutes"	"Clostridia"	"Clostridiales"	"Lachnospiraceae"	"Blautia"	"unknown_Spp Blautia gen."
"ASV_V1V2_01918"	"f7fc89a8d94a452e40aeee9b5b5bcad7"	"V1V2"	"Bacteria"	"Firmicutes"	"Clostridia"	"Clostridiales"	"Lachnospiraceae"	"Eubacterium hallii gr."	"unknown_Spp Eubacterium hallii gr. gen."
"ASV_V1V2_01919"	"176cd95f657b6b7184981b634d87d759"	"V1V2"	"Bacteria"	"Firmicutes"	"Clostridia"	"Clostridiales"	"Lachnospiraceae"	"Marvinbryantia"	"Lachnospiraceae bacterium DJF VR44"
"ASV_V1V2_01920"	"ad57fd4531347518cbd7ccb45590e513"	"V1V2"	"Bacteria"	"Firmicutes"	"Clostridia"	"Clostridiales"	"Lachnospiraceae"	"Lachnoclostridium"	"unknown_Spp Lachnoclostridium gen."
"ASV_V1V2_01921"	"602cd741b17bdd6b9220926fa7d71e05"	"V1V2"	"Bacteria"	"Firmicutes"	"Clostridia"	"Clostridiales"	"Lachnospiraceae"	"Blautia"	"unknown_Spp Blautia gen."
"ASV_V1V2_01922"	"7fa8cdd251f706dae825996828ec1a49"	"V1V2"	"Bacteria"	"Firmicutes"	"Clostridia"	"Clostridiales"	"Lachnospiraceae"	"Agathobacter"	"unknown_Spp Agathobacter gen."
"ASV_V1V2_01923"	"b7d2a946b750e44446823e54f997f930"	"V1V2"	"Bacteria"	"Firmicutes"	"Clostridia"	"Clostridiales"	"Christensenellaceae"	"Christensenellaceae R-7 gr."	"unknown_Spp Christensenellaceae R-7 gr. gen."
"ASV_V1V2_01924"	"70e046e021a3dab3ac747c2972e8d20b"	"V1V2"	"Bacteria"	"Firmicutes"	"Clostridia"	"Clostridiales"	"Lachnospiraceae"	"Lachnospiraceae ND3007 gr."	"unknown_Spp Lachnospiraceae ND3007 gr. gen."
"ASV_V1V2_01925"	"8e1243d11e3a6e30136e88be2885beb6"	"V1V2"	"Bacteria"	"Firmicutes"	"Clostridia"	"Clostridiales"	"Ruminococcaceae"	"Ruminococcaceae UCG-014"	"unknown_Spp Ruminococcaceae UCG-014 gen."
"ASV_V1V2_01926"	"64040338a3f65ad03f7e6c2442841207"	"V1V2"	"Bacteria"	"Firmicutes"	"Clostridia"	"Clostridiales"	"Lachnospiraceae"	"Eubacterium hallii gr."	"unknown_Spp Eubacterium hallii gr. gen."
"ASV_V1V2_01927"	"d200d108c68ed23050ac78366143c776"	"V1V2"	"Bacteria"	"Bacteroidetes"	"Bacteroidia"	"Bacteroidales"	"Bacteroidaceae"	"Bacteroides"	"unknown_Spp Bacteroides gen."
"ASV_V1V2_01928"	"56667a6c1925bbf3a28392a3d2eb027d"	"V1V2"	"Bacteria"	"Firmicutes"	"Clostridia"	"Clostridiales"	"Lachnospiraceae"	"Blautia"	"unknown_Spp Blautia gen."
"ASV_V1V2_01929"	"7fdafdc576f38a340fd05864854e734a"	"V1V2"	"Bacteria"	"Firmicutes"	"Clostridia"	"Clostridiales"	"Ruminococcaceae"	"Ruminococcaceae UCG-013"	"unknown_Spp Ruminococcaceae UCG-013 gen."
"ASV_V1V2_01930"	"9b0d0d0aabad771b9a497f1ad19bd8c6"	"V1V2"	"Bacteria"	"Firmicutes"	"Clostridia"	"Clostridiales"	"Ruminococcaceae"	"Ruminococcaceae UCG-014"	"unknown_Spp Ruminococcaceae UCG-014 gen."
"ASV_V1V2_01931"	"4e4221266c5c52fcbb750525192ada12"	"V1V2"	"Bacteria"	"Firmicutes"	"Clostridia"	"Clostridiales"	"Lachnospiraceae"	"Eubacterium hallii gr."	"unknown_Spp Eubacterium hallii gr. gen."
"ASV_V1V2_01932"	"d43821cd4b7b46c92d48d5f2dce212e0"	"V1V2"	"Bacteria"	"Firmicutes"	"Clostridia"	"Clostridiales"	"Lachnospiraceae"	"Roseburia"	"unknown_Spp Roseburia gen."
"ASV_V1V2_01933"	"6022edf901cd337bbdbf39e414eea161"	"V1V2"	"Bacteria"	"Bacteroidetes"	"Bacteroidia"	"Bacteroidales"	"Tannerellaceae"	"Parabacteroides"	"unknown_Spp Parabacteroides gen."
"ASV_V1V2_01934"	"d152f909c34567e70bd2fcda3d7bfb84"	"V1V2"	"Bacteria"	"Bacteroidetes"	"Bacteroidia"	"Bacteroidales"	"Bacteroidaceae"	"Bacteroides"	"unknown_Spp Bacteroides gen."
"ASV_V1V2_01935"	"ed792dd8e04eb72add3d66c2394696da"	"V1V2"	"Bacteria"	"Bacteroidetes"	"Bacteroidia"	"Bacteroidales"	"Rikenellaceae"	"Alistipes"	"unknown_Spp Alistipes gen."
"ASV_V1V2_01936"	"f51fa7563e725d0137525825a9fc3568"	"V1V2"	"Bacteria"	"Firmicutes"	"Clostridia"	"Clostridiales"	"Lachnospiraceae"	"unknown_Gen Lachnospiraceae fam."	"unknown_Spp Lachnospiraceae fam."
"ASV_V1V2_01937"	"95e188e59a5defed1d2b380af773f0c0"	"V1V2"	"Bacteria"	"Bacteroidetes"	"Bacteroidia"	"Bacteroidales"	"Muribaculaceae"	"unknown_Gen Muribaculaceae fam."	"unknown_Spp Muribaculaceae fam."
"ASV_V1V2_01938"	"46d25878b741820079b5f78cea1f3bec"	"V1V2"	"Bacteria"	"Firmicutes"	"Clostridia"	"Clostridiales"	"Lachnospiraceae"	"Eubacterium hallii gr."	"unknown_Spp Eubacterium hallii gr. gen."
"ASV_V1V2_01939"	"9b002b68170ad34d318d52c0a412dbf3"	"V1V2"	"Bacteria"	"Tenericutes"	"Mollicutes"	"Mollicutes RF39"	"unknown_Fam Mollicutes RF39 ord."	"unknown_Gen Mollicutes RF39 ord."	"unkown_Spp_Gen_Fam_0114"
"ASV_V1V2_01940"	"76d2932e0f4c135358e00d99a12132b6"	"V1V2"	"Bacteria"	"Firmicutes"	"Clostridia"	"Clostridiales"	"Ruminococcaceae"	"Ruminococcus 1"	"unknown_Spp Ruminococcus 1 gen."
"ASV_V1V2_01941"	"a4f7a37f52f9db0184ba86bf228e43d0"	"V1V2"	"Bacteria"	"Firmicutes"	"Clostridia"	"Clostridiales"	"Lachnospiraceae"	"Blautia"	"unknown_Spp Blautia gen."
"ASV_V1V2_01942"	"62a50ccc3a946d97ee720f3571bbc3ef"	"V1V2"	"Bacteria"	"Bacteroidetes"	"Bacteroidia"	"Bacteroidales"	"Barnesiellaceae"	"Barnesiella"	"unknown_Spp Barnesiella gen."
"ASV_V1V2_01943"	"29db298ef3e13d6cbc5a9518aeb2895c"	"V1V2"	"Bacteria"	"Tenericutes"	"Mollicutes"	"Mollicutes RF39"	"unknown_Fam Mollicutes RF39 ord."	"unknown_Gen Mollicutes RF39 ord."	"unkown_Spp_Gen_Fam_0115"
"ASV_V1V2_01944"	"0426014a878d312e96cdc9e977c17c51"	"V1V2"	"Bacteria"	"Firmicutes"	"Bacilli"	"Lactobacillales"	"Streptococcaceae"	"Lactococcus"	"unknown_Spp Lactococcus gen."
"ASV_V1V2_01945"	"da7fe4c35af406419cc051313f5019cc"	"V1V2"	"Bacteria"	"Bacteroidetes"	"Bacteroidia"	"Bacteroidales"	"Muribaculaceae"	"unknown_Gen Muribaculaceae fam."	"unknown_Spp Muribaculaceae fam."
"ASV_V1V2_01946"	"5c48c220621708bf3e3d4fb37b9b0215"	"V1V2"	"Bacteria"	"Cyanobacteria"	"Melainabacteria"	"Gastranaerophilales"	"unknown_Fam Gastranaerophilales ord."	"unknown_Gen Gastranaerophilales ord."	"unkown_Spp_Gen_Fam_0116"
"ASV_V1V2_01947"	"b95a6b1954c59e17bee5ba7841fd2bd6"	"V1V2"	"Bacteria"	"Firmicutes"	"Clostridia"	"Clostridiales"	"Lachnospiraceae"	"CAG-56"	"unknown_Spp CAG-56 gen."
"ASV_V1V2_01948"	"f9725bab34490d8a396f8a6ce8c2b70e"	"V1V2"	"Bacteria"	"Firmicutes"	"Clostridia"	"Clostridiales"	"Lachnospiraceae"	"unknown_Gen Lachnospiraceae fam."	"unknown_Spp Lachnospiraceae fam."
"ASV_V1V2_01949"	"97f59002e5425d95357de399a6180cf9"	"V1V2"	"Bacteria"	"Firmicutes"	"Clostridia"	"Clostridiales"	"Lachnospiraceae"	"Blautia"	"unknown_Spp Blautia gen."
"ASV_V1V2_01950"	"a81092712d06fc14fd9f61750cc8aeb5"	"V1V2"	"Bacteria"	"Firmicutes"	"Clostridia"	"Clostridiales"	"Lachnospiraceae"	"Lachnospiraceae FCS020 gr."	"unknown_Spp Lachnospiraceae FCS020 gr. gen."
"ASV_V1V2_01951"	"2dee4c2285f7e90ed32138c8c02f2b21"	"V1V2"	"Bacteria"	"Firmicutes"	"Clostridia"	"Clostridiales"	"Lachnospiraceae"	"Ruminococcus torques gr."	"unknown_Spp Ruminococcus torques gr. gen."
"ASV_V1V2_01952"	"68ee95b80fe8d810686aee1b4d460066"	"V1V2"	"Bacteria"	"Firmicutes"	"Clostridia"	"Clostridiales"	"Ruminococcaceae"	"Ruminococcaceae UCG-005"	"unknown_Spp Ruminococcaceae UCG-005 gen."
"ASV_V1V2_01953"	"37b563de62fccf32459b00d354a9e742"	"V1V2"	"Bacteria"	"Firmicutes"	"Clostridia"	"Clostridiales"	"Lachnospiraceae"	"Roseburia"	"unknown_Spp Roseburia gen."
"ASV_V1V2_01954"	"70762ddcd0e476cc68c2c143a4638063"	"V1V2"	"Bacteria"	"Firmicutes"	"Clostridia"	"Clostridiales"	"Lachnospiraceae"	"Eubacterium oxidoreducens gr."	"unknown_Spp Eubacterium oxidoreducens gr. gen."
"ASV_V1V2_01955"	"b8a7960518b465f7c2f42f9fe7029044"	"V1V2"	"Bacteria"	"Firmicutes"	"Clostridia"	"Clostridiales"	"Lachnospiraceae"	"Lachnospiraceae UCG-004"	"unknown_Spp Lachnospiraceae UCG-004 gen."
"ASV_V1V2_01956"	"42110f9d71157a59574280f78845ea95"	"V1V2"	"Bacteria"	"Proteobacteria"	"Gammaproteobacteria"	"Betaproteobacteriales"	"Burkholderiaceae"	"Sutterella"	"unknown_Spp Sutterella gen."
"ASV_V1V2_01957"	"50fdd64f351534c68d39787cb53dca04"	"V1V2"	"Bacteria"	"Firmicutes"	"Clostridia"	"Clostridiales"	"Lachnospiraceae"	"Lachnospira"	"unknown_Spp Lachnospira gen."
"ASV_V1V2_01958"	"c32500a7e1957c127796201ca176a629"	"V1V2"	"Bacteria"	"Firmicutes"	"Clostridia"	"Clostridiales"	"Ruminococcaceae"	"Faecalibacterium"	"unknown_Spp Faecalibacterium gen."
"ASV_V1V2_01959"	"87f6d7b87343a1311190caa09dd2d448"	"V1V2"	"Bacteria"	"Firmicutes"	"Clostridia"	"Clostridiales"	"Ruminococcaceae"	"Ruminococcaceae NK4A214 gr."	"unknown_Spp Ruminococcaceae NK4A214 gr. gen."
"ASV_V1V2_01960"	"26aa6e34c949a2d363e45b86c88745c3"	"V1V2"	"Bacteria"	"Firmicutes"	"Clostridia"	"Clostridiales"	"Ruminococcaceae"	"Ruminococcaceae UCG-005"	"unknown_Spp Ruminococcaceae UCG-005 gen."
"ASV_V1V2_01961"	"62cca5b356affcce3b27a34836c04dfb"	"V1V2"	"Bacteria"	"Bacteroidetes"	"Bacteroidia"	"Bacteroidales"	"Bacteroidaceae"	"Bacteroides"	"unknown_Spp Bacteroides gen."
"ASV_V1V2_01962"	"0faa817e61be8ba66099f806ae2cae3c"	"V1V2"	"Bacteria"	"Firmicutes"	"Clostridia"	"Clostridiales"	"Lachnospiraceae"	"Eubacterium hallii gr."	"unknown_Spp Eubacterium hallii gr. gen."
"ASV_V1V2_01963"	"08a9ffa336fd6cf12f83ec18f9f625f9"	"V1V2"	"Bacteria"	"Firmicutes"	"Clostridia"	"Clostridiales"	"Lachnospiraceae"	"Coprococcus 1"	"unknown_Spp Coprococcus 1 gen."
"ASV_V1V2_01964"	"2202adee232924c796e55c3d55de9d6a"	"V1V2"	"Bacteria"	"Firmicutes"	"Clostridia"	"Clostridiales"	"Lachnospiraceae"	"Blautia"	"unknown_Spp Blautia gen."
"ASV_V1V2_01965"	"71b6ce01661ca25bb6515a6801ef5e9c"	"V1V2"	"Bacteria"	"Firmicutes"	"Clostridia"	"Clostridiales"	"Ruminococcaceae"	"Ruminococcaceae UCG-014"	"unknown_Spp Ruminococcaceae UCG-014 gen."
"ASV_V1V2_01966"	"ae65e91d6d4f0cb7e71ca11b35112f23"	"V1V2"	"Bacteria"	"Firmicutes"	"Clostridia"	"Clostridiales"	"Lachnospiraceae"	"Blautia"	"unknown_Spp Blautia gen."
"ASV_V1V2_01967"	"8d833d2c05d33c3324b39806a3fc397d"	"V1V2"	"Bacteria"	"Firmicutes"	"Clostridia"	"Clostridiales"	"Lachnospiraceae"	"Tyzzerella 3"	"unknown_Spp Tyzzerella 3 gen."
"ASV_V1V2_01968"	"ca67f4cdd3e10c5389d660b8ff870dfd"	"V1V2"	"Bacteria"	"Tenericutes"	"Mollicutes"	"Mollicutes RF39"	"unknown_Fam Mollicutes RF39 ord."	"unknown_Gen Mollicutes RF39 ord."	"unkown_Spp_Gen_Fam_0117"
"ASV_V1V2_01969"	"17b5fa30541c249cb9316ad2208622e4"	"V1V2"	"Bacteria"	"Proteobacteria"	"Gammaproteobacteria"	"Betaproteobacteriales"	"Burkholderiaceae"	"Parasutterella"	"unknown_Spp Parasutterella gen."
"ASV_V1V2_01970"	"61a066dcded4dd98b8b296ea6f9e1c45"	"V1V2"	"Bacteria"	"Firmicutes"	"Clostridia"	"Clostridiales"	"Lachnospiraceae"	"unknown_Gen Lachnospiraceae fam."	"unknown_Spp Lachnospiraceae fam."
"ASV_V1V2_01971"	"48f4cbd68247a07967d99a183d3e2f8f"	"V1V2"	"Bacteria"	"Firmicutes"	"Clostridia"	"Clostridiales"	"Ruminococcaceae"	"Faecalibacterium"	"unknown_Spp Faecalibacterium gen."
"ASV_V1V2_01972"	"ffed0a05c9228ade00ade57ec5734bde"	"V1V2"	"Bacteria"	"Actinobacteria"	"Coriobacteriia"	"Coriobacteriales"	"Eggerthellaceae"	"Senegalimassilia"	"unknown_Spp Senegalimassilia gen."
"ASV_V1V2_01973"	"ec829a986c30fe303a57a059a577eb7d"	"V1V2"	"Bacteria"	"Firmicutes"	"Clostridia"	"Clostridiales"	"Lachnospiraceae"	"Coprococcus 1"	"unknown_Spp Coprococcus 1 gen."
"ASV_V1V2_01974"	"eb16368905b4d0430ca572d1fd5d0225"	"V1V2"	"Bacteria"	"Firmicutes"	"Clostridia"	"Clostridiales"	"Ruminococcaceae"	"Ruminococcaceae UCG-013"	"unknown_Spp Ruminococcaceae UCG-013 gen."
"ASV_V1V2_01975"	"4a2586383ac135edab81567452dbc9a4"	"V1V2"	"Bacteria"	"Firmicutes"	"Clostridia"	"Clostridiales"	"Christensenellaceae"	"Christensenellaceae R-7 gr."	"unknown_Spp Christensenellaceae R-7 gr. gen."
"ASV_V1V2_01976"	"39344b31a6f2c4a3986dc1b7897be0a4"	"V1V2"	"Bacteria"	"Tenericutes"	"Mollicutes"	"Mollicutes RF39"	"unknown_Fam Mollicutes RF39 ord."	"unknown_Gen Mollicutes RF39 ord."	"unkown_Spp_Gen_Fam_0118"
"ASV_V1V2_01977"	"c0dd0694bb05b9a64a5e82a6dbfb0876"	"V1V2"	"Bacteria"	"Actinobacteria"	"Actinobacteria"	"Bifidobacteriales"	"Bifidobacteriaceae"	"Bifidobacterium"	"unknown_Spp Bifidobacterium gen."
"ASV_V1V2_01978"	"9b4daf2522bf08f703eb3efc859a4758"	"V1V2"	"Bacteria"	"Bacteroidetes"	"Bacteroidia"	"Bacteroidales"	"Prevotellaceae"	"unknown_Gen Prevotellaceae fam."	"unknown_Spp Prevotellaceae fam."
"ASV_V1V2_01979"	"19705846b8c71d2957c6a0e597803ae2"	"V1V2"	"Bacteria"	"Firmicutes"	"Clostridia"	"Clostridiales"	"Family XIII"	"Family XIII AD3011 gr."	"unknown_Spp Family XIII AD3011 gr. gen."
"ASV_V1V2_01980"	"a1ab525ead5e2c0b4c29796b253efd1e"	"V1V2"	"Bacteria"	"Firmicutes"	"Clostridia"	"Clostridiales"	"Lachnospiraceae"	"Lachnospira"	"unknown_Spp Lachnospira gen."
"ASV_V1V2_01981"	"71803fa85ca64eddfc177f495f81c157"	"V1V2"	"Bacteria"	"Firmicutes"	"Clostridia"	"Clostridiales"	"Lachnospiraceae"	"Coprococcus 1"	"unknown_Spp Coprococcus 1 gen."
"ASV_V1V2_01982"	"38c0d8b2ede1c6b2e9263586d377d532"	"V1V2"	"Bacteria"	"Bacteroidetes"	"Bacteroidia"	"Bacteroidales"	"Prevotellaceae"	"Prevotella 9"	"unknown_Spp Prevotella 9 gen."
"ASV_V1V2_01983"	"a626e0ae7205673b64721eb7870069df"	"V1V2"	"Bacteria"	"Firmicutes"	"Clostridia"	"Clostridiales"	"Ruminococcaceae"	"Ruminococcaceae UCG-005"	"unknown_Spp Ruminococcaceae UCG-005 gen."
"ASV_V1V2_01984"	"962a150afa0ecad26a75fdabaaa5c408"	"V1V2"	"Bacteria"	"Firmicutes"	"Clostridia"	"Clostridiales"	"Lachnospiraceae"	"Lachnospiraceae UCG-001"	"unknown_Spp Lachnospiraceae UCG-001 gen."
"ASV_V1V2_01985"	"3597e7a545735e50ea3cd43ea0706f72"	"V1V2"	"Bacteria"	"Firmicutes"	"Clostridia"	"Clostridiales"	"Lachnospiraceae"	"Lachnospiraceae NK4A136 gr."	"unknown_Spp Lachnospiraceae NK4A136 gr. gen."
"ASV_V1V2_01986"	"9a3c7a39aa7e966e37a458bc28e174ca"	"V1V2"	"Bacteria"	"Firmicutes"	"Clostridia"	"Clostridiales"	"Lachnospiraceae"	"Tyzzerella 3"	"unknown_Spp Tyzzerella 3 gen."
"ASV_V1V2_01987"	"42b0ba6468afd2334a5f1ef76a1dc41a"	"V1V2"	"Bacteria"	"Bacteroidetes"	"Bacteroidia"	"Bacteroidales"	"Bacteroidaceae"	"Bacteroides"	"unknown_Spp Bacteroides gen."
"ASV_V1V2_01988"	"eded270656bc60e545b8c063b047b2da"	"V1V2"	"Bacteria"	"Firmicutes"	"Clostridia"	"Clostridiales"	"Lachnospiraceae"	"Lachnospiraceae FCS020 gr."	"unknown_Spp Lachnospiraceae FCS020 gr. gen."
"ASV_V1V2_01989"	"7d949448efd98fd0a30f99fe6b188d26"	"V1V2"	"Bacteria"	"Firmicutes"	"Erysipelotrichia"	"Erysipelotrichales"	"Erysipelotrichaceae"	"unknown_Gen Erysipelotrichaceae fam."	"unknown_Spp Erysipelotrichaceae fam."
"ASV_V1V2_01990"	"b002f2f80e838a927a96c63bfa5e3b1c"	"V1V2"	"Bacteria"	"Firmicutes"	"Clostridia"	"Clostridiales"	"Lachnospiraceae"	"unknown_Gen Lachnospiraceae fam."	"unknown_Spp Lachnospiraceae fam."
"ASV_V1V2_01991"	"fc04ea49a11ac024e7ce0e8eac8da9ea"	"V1V2"	"Bacteria"	"Firmicutes"	"Clostridia"	"Clostridiales"	"Ruminococcaceae"	"Ruminiclostridium 9"	"Colidextribacter massiliensis"
"ASV_V1V2_01992"	"8e79fb755b1fa7a77953f5ac5934047f"	"V1V2"	"Bacteria"	"Firmicutes"	"Clostridia"	"Clostridiales"	"Peptostreptococcaceae"	"Terrisporobacter"	"unknown_Spp Terrisporobacter gen."
"ASV_V1V2_01993"	"1e6c19652cc29a1f97aa2b24162b1c54"	"V1V2"	"Bacteria"	"Firmicutes"	"Clostridia"	"Clostridiales"	"Lachnospiraceae"	"Blautia"	"unknown_Spp Blautia gen."
"ASV_V1V2_01994"	"b69d187bd8dfa0bd28b7bed41749dcd7"	"V1V2"	"Bacteria"	"Firmicutes"	"Clostridia"	"Clostridiales"	"Lachnospiraceae"	"Tyzzerella"	"unknown_Spp Tyzzerella gen."
"ASV_V1V2_01995"	"a4937e7fd29864609e7340bcd130c505"	"V1V2"	"Bacteria"	"Firmicutes"	"Clostridia"	"Clostridiales"	"Ruminococcaceae"	"Ruminococcaceae UCG-010"	"unknown_Spp Ruminococcaceae UCG-010 gen."
"ASV_V1V2_01996"	"7d9d2dc69503b8a0dfe5fb9253da0f20"	"V1V2"	"Bacteria"	"Bacteroidetes"	"Bacteroidia"	"Bacteroidales"	"Tannerellaceae"	"Parabacteroides"	"unknown_Spp Parabacteroides gen."
"ASV_V1V2_01997"	"0a6e3556243f04adcd26b5195ff0932f"	"V1V2"	"Bacteria"	"Firmicutes"	"Clostridia"	"Clostridiales"	"Lachnospiraceae"	"Fusicatenibacter"	"unknown_Spp Fusicatenibacter gen."
"ASV_V1V2_01998"	"19c7cc14b11b2c6385142c13d746cfd3"	"V1V2"	"Bacteria"	"Firmicutes"	"Clostridia"	"Clostridiales"	"Lachnospiraceae"	"Marvinbryantia"	"unknown_Spp Marvinbryantia gen."
"ASV_V1V2_01999"	"57a6c92452b91be1062f6686ea5a37cb"	"V1V2"	"Bacteria"	"Firmicutes"	"Clostridia"	"Clostridiales"	"Lachnospiraceae"	"Anaerostipes"	"unknown_Spp Anaerostipes gen."
"ASV_V1V2_02000"	"6cd203be3cbfc185f16dedc2a75bce6e"	"V1V2"	"Bacteria"	"Firmicutes"	"Clostridia"	"Clostridiales"	"Lachnospiraceae"	"Blautia"	"unknown_Spp Blautia gen."
"ASV_V1V2_02001"	"d07091cf5a0608620ca6ba381de30d10"	"V1V2"	"Bacteria"	"Firmicutes"	"Clostridia"	"Clostridiales"	"Ruminococcaceae"	"Ruminococcus 1"	"unknown_Spp Ruminococcus 1 gen."
"ASV_V1V2_02002"	"c20f45c750384e7a6eac3f8c1d5fb8a1"	"V1V2"	"Bacteria"	"Firmicutes"	"Clostridia"	"Clostridiales"	"Lachnospiraceae"	"Marvinbryantia"	"unknown_Spp Marvinbryantia gen."
"ASV_V1V2_02003"	"7b02c20dac5da44466bd33810bc22ae0"	"V1V2"	"Bacteria"	"Firmicutes"	"Clostridia"	"Clostridiales"	"Lachnospiraceae"	"Lachnospiraceae ND3007 gr."	"unknown_Spp Lachnospiraceae ND3007 gr. gen."
"ASV_V1V2_02004"	"9848240c7c36ea092dfd1b8ffe5bc983"	"V1V2"	"Bacteria"	"Firmicutes"	"Clostridia"	"Clostridiales"	"Lachnospiraceae"	"unknown_Gen Lachnospiraceae fam."	"unknown_Spp Lachnospiraceae fam."
"ASV_V1V2_02005"	"65dcdb97d8b436d5deaf31e3e5451938"	"V1V2"	"Bacteria"	"Firmicutes"	"Clostridia"	"Clostridiales"	"Lachnospiraceae"	"Blautia"	"unknown_Spp Blautia gen."
"ASV_V1V2_02006"	"8eed9eab457a6bd1cee6f542dfc19b13"	"V1V2"	"Bacteria"	"Firmicutes"	"Clostridia"	"Clostridiales"	"Lachnospiraceae"	"Eubacterium ventriosum gr."	"unknown_Spp Eubacterium ventriosum gr. gen."
"ASV_V1V2_02007"	"55bace56a5427e1a56666d94ae0e0e07"	"V1V2"	"Bacteria"	"Bacteroidetes"	"Bacteroidia"	"Bacteroidales"	"Muribaculaceae"	"unknown_Gen Muribaculaceae fam."	"unknown_Spp Muribaculaceae fam."
"ASV_V1V2_02008"	"6cd4b89275823d7ac51248d233459376"	"V1V2"	"Bacteria"	"Firmicutes"	"Clostridia"	"Clostridiales"	"Lachnospiraceae"	"Roseburia"	"unknown_Spp Roseburia gen."
"ASV_V1V2_02009"	"3108816f04e0eaf351f0c224050b6736"	"V1V2"	"Bacteria"	"Actinobacteria"	"Coriobacteriia"	"Coriobacteriales"	"Eggerthellaceae"	"Enterorhabdus"	"unknown_Spp Enterorhabdus gen."
"ASV_V1V2_02010"	"7d604be1a6bd9eef47d6ddf8c78801d3"	"V1V2"	"Bacteria"	"Firmicutes"	"Clostridia"	"Clostridiales"	"Peptostreptococcaceae"	"Romboutsia"	"unknown_Spp Romboutsia gen."
"ASV_V1V2_02011"	"bf527ef86cb88918259ffb8d9f8db3d4"	"V1V2"	"Bacteria"	"Firmicutes"	"Clostridia"	"Clostridiales"	"Lachnospiraceae"	"Lachnospiraceae ND3007 gr."	"unknown_Spp Lachnospiraceae ND3007 gr. gen."
"ASV_V1V2_02012"	"6588a48a8b0658ab4f9424558b9a05ee"	"V1V2"	"Bacteria"	"Firmicutes"	"Clostridia"	"Clostridiales"	"Lachnospiraceae"	"Blautia"	"unknown_Spp Blautia gen."
"ASV_V1V2_02013"	"c244cf38f1ff2231b113dd56f10a0f7c"	"V1V2"	"Bacteria"	"Firmicutes"	"Negativicutes"	"Selenomonadales"	"Veillonellaceae"	"Veillonella"	"unknown_Spp Veillonella gen."
"ASV_V1V2_02014"	"ede1bd6e02793adaeaf2313cefb50bcc"	"V1V2"	"Bacteria"	"Bacteroidetes"	"Bacteroidia"	"Bacteroidales"	"Bacteroidaceae"	"Bacteroides"	"unknown_Spp Bacteroides gen."
"ASV_V1V2_02015"	"d98a02dbcb98fa6ec7e45a931b1b6391"	"V1V2"	"Bacteria"	"Firmicutes"	"Clostridia"	"Clostridiales"	"Ruminococcaceae"	"Faecalibacterium"	"unknown_Spp Faecalibacterium gen."
"ASV_V1V2_02016"	"052c9b8722adce1d964fbb307ffe9a2b"	"V1V2"	"Bacteria"	"Bacteroidetes"	"Bacteroidia"	"Bacteroidales"	"Muribaculaceae"	"unknown_Gen Muribaculaceae fam."	"unknown_Spp Muribaculaceae fam."
"ASV_V1V2_02017"	"923af35c4b9f1622819f6cc5b80762ef"	"V1V2"	"Bacteria"	"Firmicutes"	"Clostridia"	"Clostridiales"	"Lachnospiraceae"	"Marvinbryantia"	"unknown_Spp Marvinbryantia gen."
"ASV_V1V2_02018"	"fa476e3d2c0f272cb1414f283248c061"	"V1V2"	"Bacteria"	"Firmicutes"	"Clostridia"	"Clostridiales"	"Ruminococcaceae"	"Ruminococcaceae UCG-010"	"unknown_Spp Ruminococcaceae UCG-010 gen."
"ASV_V1V2_02019"	"6e14fe65e4fb79603f716cc2360e85ea"	"V1V2"	"Bacteria"	"Firmicutes"	"Clostridia"	"Clostridiales"	"Lachnospiraceae"	"Roseburia"	"unknown_Spp Roseburia gen."
"ASV_V1V2_02020"	"bb110a481afa513771479fc0745026b5"	"V1V2"	"Bacteria"	"Bacteroidetes"	"Bacteroidia"	"Bacteroidales"	"Tannerellaceae"	"Parabacteroides"	"unknown_Spp Parabacteroides gen."
"ASV_V1V2_02021"	"9a3194c5b85424e1ced6f75ffffe5045"	"V1V2"	"Bacteria"	"Firmicutes"	"Clostridia"	"Clostridiales"	"Lachnospiraceae"	"Lachnospiraceae NK4A136 gr."	"unknown_Spp Lachnospiraceae NK4A136 gr. gen."
"ASV_V1V2_02022"	"813a65cedb55fddab796eba6e1cb8837"	"V1V2"	"Bacteria"	"Firmicutes"	"Clostridia"	"Clostridiales"	"Lachnospiraceae"	"Roseburia"	"unknown_Spp Roseburia gen."
"ASV_V1V2_02023"	"265a8d946ed3ccf3c5abe1451de215e2"	"V1V2"	"Bacteria"	"Bacteroidetes"	"Bacteroidia"	"Bacteroidales"	"Rikenellaceae"	"Alistipes"	"unknown_Spp Alistipes gen."
"ASV_V1V2_02024"	"b95ef8c20688eece2b907e653dd75ecc"	"V1V2"	"Bacteria"	"Firmicutes"	"Clostridia"	"Clostridiales"	"Lachnospiraceae"	"Marvinbryantia"	"unknown_Spp Marvinbryantia gen."
"ASV_V1V2_02025"	"09f3da0fe2b2bcc0b15cb48ad425454a"	"V1V2"	"Bacteria"	"Proteobacteria"	"Gammaproteobacteria"	"Betaproteobacteriales"	"Burkholderiaceae"	"Sutterella"	"unknown_Spp Sutterella gen."
"ASV_V1V2_02026"	"9fdfcb49209e95f36fc50d7bcd2221ea"	"V1V2"	"Bacteria"	"Firmicutes"	"Clostridia"	"Clostridiales"	"Lachnospiraceae"	"Blautia"	"unknown_Spp Blautia gen."
"ASV_V1V2_02027"	"36910c125c93c1cd0596ece9e111d8d2"	"V1V2"	"Bacteria"	"Firmicutes"	"Clostridia"	"Clostridiales"	"Ruminococcaceae"	"Faecalibacterium"	"unknown_Spp Faecalibacterium gen."
"ASV_V1V2_02028"	"4a5682f83da3f4c6b7a7d38a99a71a2a"	"V1V2"	"Bacteria"	"Firmicutes"	"Clostridia"	"Clostridiales"	"Ruminococcaceae"	"unknown_Gen Ruminococcaceae fam."	"unknown_Spp Ruminococcaceae fam."
"ASV_V1V2_02029"	"087c012d8121fac1759d38da6b5530b3"	"V1V2"	"Bacteria"	"Firmicutes"	"Clostridia"	"Clostridiales"	"Lachnospiraceae"	"Blautia"	"unknown_Spp Blautia gen."
"ASV_V1V2_02030"	"68d6e7ddaa8fa747605ced997d681eb4"	"V1V2"	"Bacteria"	"Firmicutes"	"Clostridia"	"Clostridiales"	"Christensenellaceae"	"Christensenellaceae R-7 gr."	"unknown_Spp Christensenellaceae R-7 gr. gen."
"ASV_V1V2_02031"	"08fd884dc73a8611c0b72da7a92e1bb0"	"V1V2"	"Bacteria"	"Firmicutes"	"Clostridia"	"Clostridiales"	"Ruminococcaceae"	"Ruminococcus 1"	"unknown_Spp Ruminococcus 1 gen."
"ASV_V1V2_02032"	"d28338a9831a377fbe2b07f839d900ee"	"V1V2"	"Bacteria"	"Firmicutes"	"Clostridia"	"Clostridiales"	"Lachnospiraceae"	"Blautia"	"unknown_Spp Blautia gen."
"ASV_V1V2_02033"	"f1d57a2a227609d548ad03a94d1cee7e"	"V1V2"	"Bacteria"	"Proteobacteria"	"Gammaproteobacteria"	"Betaproteobacteriales"	"Burkholderiaceae"	"Parasutterella"	"unknown_Spp Parasutterella gen."
"ASV_V1V2_02034"	"875b8a1102553fd5904abd84d7378403"	"V1V2"	"Bacteria"	"Firmicutes"	"Clostridia"	"Clostridiales"	"Lachnospiraceae"	"Lachnospiraceae NK4A136 gr."	"unknown_Spp Lachnospiraceae NK4A136 gr. gen."
"ASV_V1V2_02035"	"c657fd89f7d1be69bc7550cf2b6bfba5"	"V1V2"	"Bacteria"	"Firmicutes"	"Erysipelotrichia"	"Erysipelotrichales"	"Erysipelotrichaceae"	"Erysipelatoclostridium"	"unknown_Spp Erysipelatoclostridium gen."
"ASV_V1V2_02036"	"786e74b5c758354c8617329e0d0029d2"	"V1V2"	"Bacteria"	"Bacteroidetes"	"Bacteroidia"	"Bacteroidales"	"Rikenellaceae"	"Alistipes"	"Alistipes sp. N15.MGS-157"
"ASV_V1V2_02037"	"fc0cf066f3497d4aea992d311b1b00c4"	"V1V2"	"Bacteria"	"Firmicutes"	"Clostridia"	"Clostridiales"	"Lachnospiraceae"	"Blautia"	"unknown_Spp Blautia gen."
"ASV_V1V2_02038"	"4bd8d5a2794fef27ed11ecdce12803b6"	"V1V2"	"Bacteria"	"Firmicutes"	"Clostridia"	"Clostridiales"	"Lachnospiraceae"	"Eubacterium hallii gr."	"unknown_Spp Eubacterium hallii gr. gen."
"ASV_V1V2_02039"	"b17572a848e56c687e64793cd37c7e2d"	"V1V2"	"Bacteria"	"Firmicutes"	"Clostridia"	"Clostridiales"	"Lachnospiraceae"	"Blautia"	"unknown_Spp Blautia gen."
"ASV_V1V2_02040"	"934ebb48e43a96f102d379c0140a341d"	"V1V2"	"Bacteria"	"Firmicutes"	"Clostridia"	"Clostridiales"	"Lachnospiraceae"	"Roseburia"	"unknown_Spp Roseburia gen."
"ASV_V1V2_02041"	"dce30d36bd0a8ab8d114688b4d6d4e48"	"V1V2"	"Bacteria"	"Bacteroidetes"	"Bacteroidia"	"Bacteroidales"	"Rikenellaceae"	"Alistipes"	"unknown_Spp Alistipes gen."
"ASV_V1V2_02042"	"7caf4086053bc5790033e6aabc8eb9ff"	"V1V2"	"Bacteria"	"Actinobacteria"	"Coriobacteriia"	"Coriobacteriales"	"Eggerthellaceae"	"Senegalimassilia"	"unknown_Spp Senegalimassilia gen."
"ASV_V1V2_02043"	"c4c6b7d4e929cf005df1fd418796aa82"	"V1V2"	"Bacteria"	"Firmicutes"	"Clostridia"	"Clostridiales"	"Lachnospiraceae"	"Roseburia"	"unknown_Spp Roseburia gen."
"ASV_V1V2_02044"	"08e99b369db15c3c9b9c770f5039518b"	"V1V2"	"Bacteria"	"Bacteroidetes"	"Bacteroidia"	"Bacteroidales"	"Tannerellaceae"	"Parabacteroides"	"unknown_Spp Parabacteroides gen."
"ASV_V1V2_02045"	"224ce9560248571e6f1940a7cbe2bbdf"	"V1V2"	"Bacteria"	"Firmicutes"	"Clostridia"	"Clostridiales"	"Lachnospiraceae"	"Anaerostipes"	"unknown_Spp Anaerostipes gen."
"ASV_V1V2_02046"	"df3a4ad7647e6c00f749e913b11799d9"	"V1V2"	"Bacteria"	"Firmicutes"	"Clostridia"	"Clostridiales"	"Lachnospiraceae"	"unknown_Gen Lachnospiraceae fam."	"unknown_Spp Lachnospiraceae fam."
"ASV_V1V2_02047"	"d444e8551ceb5208fc3b8d9a2fca93b0"	"V1V2"	"Bacteria"	"Firmicutes"	"Clostridia"	"Clostridiales"	"Lachnospiraceae"	"Roseburia"	"unknown_Spp Roseburia gen."
"ASV_V1V2_02048"	"546f36600416aa38423a86572a12952d"	"V1V2"	"Bacteria"	"Firmicutes"	"Clostridia"	"Clostridiales"	"Lachnospiraceae"	"Blautia"	"unknown_Spp Blautia gen."
"ASV_V1V2_02049"	"5faa964e665b38389848162b406b37b8"	"V1V2"	"Bacteria"	"Tenericutes"	"Mollicutes"	"Mollicutes RF39"	"unknown_Fam Mollicutes RF39 ord."	"unknown_Gen Mollicutes RF39 ord."	"unkown_Spp_Gen_Fam_0119"
"ASV_V1V2_02050"	"a47ddfec029b70d9c66309988ff48cfd"	"V1V2"	"Bacteria"	"Bacteroidetes"	"Bacteroidia"	"Bacteroidales"	"Muribaculaceae"	"unknown_Gen Muribaculaceae fam."	"unknown_Spp Muribaculaceae fam."
"ASV_V1V2_02051"	"6f447b7fbe2518e6100e535bd5e01acd"	"V1V2"	"Bacteria"	"Bacteroidetes"	"Bacteroidia"	"Bacteroidales"	"Rikenellaceae"	"Alistipes"	"unknown_Spp Alistipes gen."
"ASV_V1V2_02052"	"50f7d35ab44e7254644ebd1bfe9fd8fd"	"V1V2"	"Bacteria"	"Bacteroidetes"	"Bacteroidia"	"Bacteroidales"	"Tannerellaceae"	"Parabacteroides"	"unknown_Spp Parabacteroides gen."
"ASV_V1V2_02053"	"0bd061209477d52d9f925d6f5adda368"	"V1V2"	"Bacteria"	"Tenericutes"	"Mollicutes"	"Mollicutes RF39"	"unknown_Fam Mollicutes RF39 ord."	"unknown_Gen Mollicutes RF39 ord."	"unkown_Spp_Gen_Fam_0120"
"ASV_V1V2_02054"	"5ed8165510519f5ee3a8b5879c0127d6"	"V1V2"	"Bacteria"	"Proteobacteria"	"Alphaproteobacteria"	"Rhodospirillales"	"unknown_Fam Rhodospirillales ord."	"unknown_Gen Rhodospirillales ord."	"unkown_Spp_Gen_Fam_0121"
"ASV_V1V2_02055"	"50c8b4d427944bd8b7b8b99173e5ecf6"	"V1V2"	"Bacteria"	"Firmicutes"	"Clostridia"	"Clostridiales"	"Christensenellaceae"	"Christensenellaceae R-7 gr."	"unknown_Spp Christensenellaceae R-7 gr. gen."
"ASV_V1V2_02056"	"9107c587369e1ed694f3bd40e2fab125"	"V1V2"	"Bacteria"	"Firmicutes"	"Clostridia"	"Clostridiales"	"Christensenellaceae"	"Christensenellaceae R-7 gr."	"unknown_Spp Christensenellaceae R-7 gr. gen."
"ASV_V1V2_02057"	"4e3d72b2ac141c51519bc35441d65f12"	"V1V2"	"Bacteria"	"Firmicutes"	"Clostridia"	"Clostridiales"	"Ruminococcaceae"	"Ruminococcaceae UCG-014"	"unknown_Spp Ruminococcaceae UCG-014 gen."
"ASV_V1V2_02058"	"8d5c23c9e65d90c65acccd27a32ac3ac"	"V1V2"	"Bacteria"	"Firmicutes"	"Clostridia"	"Clostridiales"	"Christensenellaceae"	"Christensenellaceae R-7 gr."	"unknown_Spp Christensenellaceae R-7 gr. gen."
"ASV_V1V2_02059"	"cd6a8f8505f3998cda9d7b44fae8ec4d"	"V1V2"	"Bacteria"	"Firmicutes"	"Clostridia"	"Clostridiales"	"Ruminococcaceae"	"Ruminiclostridium 5"	"unknown_Spp Ruminiclostridium 5 gen."
"ASV_V1V2_02060"	"7e0303e37c473cb54a7c1f11e585ebe1"	"V1V2"	"Bacteria"	"Firmicutes"	"Clostridia"	"Clostridiales"	"Ruminococcaceae"	"Ruminiclostridium 5"	"unknown_Spp Ruminiclostridium 5 gen."
"ASV_V1V2_02061"	"59ab5d1a2b6b54f341bbcd7dc339289b"	"V1V2"	"Bacteria"	"Firmicutes"	"Negativicutes"	"Selenomonadales"	"Veillonellaceae"	"Mitsuokella"	"unknown_Spp Mitsuokella gen."
"ASV_V1V2_02062"	"680743ed09945c2b9b79a3b18628a5b1"	"V1V2"	"Bacteria"	"Firmicutes"	"Clostridia"	"Clostridiales"	"Christensenellaceae"	"Christensenellaceae R-7 gr."	"unknown_Spp Christensenellaceae R-7 gr. gen."
"ASV_V1V2_02063"	"0fd795237a5afa716b0467aa659d4978"	"V1V2"	"Bacteria"	"Actinobacteria"	"Coriobacteriia"	"Coriobacteriales"	"Eggerthellaceae"	"Adlercreutzia"	"unknown_Spp Adlercreutzia gen."
"ASV_V1V2_02064"	"bee629de9dd06670581904273a82a6f8"	"V1V2"	"Bacteria"	"Firmicutes"	"Clostridia"	"Clostridiales"	"Lachnospiraceae"	"unknown_Gen Lachnospiraceae fam."	"unknown_Spp Lachnospiraceae fam."
"ASV_V1V2_02065"	"9a9d03928be8325a693061d94e94bb19"	"V1V2"	"Bacteria"	"Firmicutes"	"Erysipelotrichia"	"Erysipelotrichales"	"Erysipelotrichaceae"	"Erysipelatoclostridium"	"unknown_Spp Erysipelatoclostridium gen."
"ASV_V1V2_02066"	"0a74552896dd07a6557ac2c760cb31c1"	"V1V2"	"Bacteria"	"Firmicutes"	"Clostridia"	"Clostridiales"	"Lachnospiraceae"	"Blautia"	"unknown_Spp Blautia gen."
"ASV_V1V2_02067"	"c0db60cd223c146640de74357e771beb"	"V1V2"	"Bacteria"	"Bacteroidetes"	"Bacteroidia"	"Bacteroidales"	"Bacteroidaceae"	"Bacteroides"	"unknown_Spp Bacteroides gen."
"ASV_V1V2_02068"	"a24758c8419513d08670151e2653c11b"	"V1V2"	"Bacteria"	"Firmicutes"	"Clostridia"	"Clostridiales"	"Lachnospiraceae"	"Ruminococcus torques gr."	"unknown_Spp Ruminococcus torques gr. gen."
"ASV_V1V2_02069"	"2185ed5a67d2effccce2dac39100eddb"	"V1V2"	"Bacteria"	"Tenericutes"	"Mollicutes"	"Mollicutes RF39"	"unknown_Fam Mollicutes RF39 ord."	"unknown_Gen Mollicutes RF39 ord."	"unkown_Spp_Gen_Fam_0122"
"ASV_V1V2_02070"	"a2f97da6fa81c3058bbd55efa53bc22a"	"V1V2"	"Bacteria"	"Bacteroidetes"	"Bacteroidia"	"Bacteroidales"	"Rikenellaceae"	"Alistipes"	"unknown_Spp Alistipes gen."
"ASV_V1V2_02071"	"960b33e24eb2a1b9e52123412889bf2d"	"V1V2"	"Bacteria"	"Firmicutes"	"Negativicutes"	"Selenomonadales"	"Veillonellaceae"	"Megamonas"	"unknown_Spp Megamonas gen."
"ASV_V1V2_02072"	"6b5722fb7ee3102bbf6a1c15eea4d1df"	"V1V2"	"Archaea"	"Euryarchaeota"	"Methanobacteria"	"Methanobacteriales"	"Methanobacteriaceae"	"Methanobrevibacter"	"unknown_Spp Methanobrevibacter gen."
"ASV_V1V2_02073"	"6ec2ac46025443d4917372a3a7e5ff73"	"V1V2"	"Bacteria"	"Firmicutes"	"Erysipelotrichia"	"Erysipelotrichales"	"Erysipelotrichaceae"	"Merdibacter"	"unknown_Spp Merdibacter gen."
"ASV_V1V2_02074"	"740320897c40a968350c95ac2a6f5c7a"	"V1V2"	"Bacteria"	"Firmicutes"	"Clostridia"	"Clostridiales"	"Lachnospiraceae"	"Lachnospiraceae ND3007 gr."	"unknown_Spp Lachnospiraceae ND3007 gr. gen."
"ASV_V1V2_02075"	"1f908c912f9026e9a82ba452dd45c4b1"	"V1V2"	"Bacteria"	"Firmicutes"	"Clostridia"	"Clostridiales"	"Lachnospiraceae"	"Dorea"	"unknown_Spp Dorea gen."
"ASV_V1V2_02076"	"e37d9fbdc06ad99d41d16a5a45b353f7"	"V1V2"	"Bacteria"	"Firmicutes"	"Clostridia"	"Clostridiales"	"Lachnospiraceae"	"Eubacterium xylanophilum gr."	"unknown_Spp Eubacterium xylanophilum gr. gen."
"ASV_V1V2_02077"	"89f89ac1191c2f03670a76a2c39807f6"	"V1V2"	"Bacteria"	"Firmicutes"	"Clostridia"	"Clostridiales"	"Lachnospiraceae"	"Lachnospiraceae UCG-003"	"unknown_Spp Lachnospiraceae UCG-003 gen."
"ASV_V1V2_02078"	"a0a5e8179cc361d5f8295933672a429f"	"V1V2"	"Bacteria"	"Firmicutes"	"Clostridia"	"Clostridiales"	"Lachnospiraceae"	"Anaerostipes"	"unknown_Spp Anaerostipes gen."
"ASV_V1V2_02079"	"3cb980c0b27f67b2074b86dfd9283b6b"	"V1V2"	"Bacteria"	"Firmicutes"	"Clostridia"	"Clostridiales"	"Lachnospiraceae"	"Lachnospira"	"unknown_Spp Lachnospira gen."
"ASV_V1V2_02080"	"516a1dd38e6aee2140d03a52e9d51a15"	"V1V2"	"Bacteria"	"Firmicutes"	"Clostridia"	"Clostridiales"	"Lachnospiraceae"	"unknown_Gen Lachnospiraceae fam."	"unknown_Spp Lachnospiraceae fam."
"ASV_V1V2_02081"	"7037fe089df81b17916fbe4418ed2fde"	"V1V2"	"Bacteria"	"Firmicutes"	"Clostridia"	"Clostridiales"	"Lachnospiraceae"	"Coprococcus 1"	"unknown_Spp Coprococcus 1 gen."
"ASV_V1V2_02082"	"dd5fd2d5cde5bf52dbd0b36a8dd9e6ce"	"V1V2"	"Bacteria"	"Firmicutes"	"Clostridia"	"Clostridiales"	"Ruminococcaceae"	"Eubacterium coprostanoligenes gr."	"unknown_Spp Eubacterium coprostanoligenes gr. gen."
"ASV_V1V2_02083"	"70e0f5bc43bb11344e8de129388fe37e"	"V1V2"	"Bacteria"	"Bacteroidetes"	"Bacteroidia"	"Bacteroidales"	"Bacteroidaceae"	"Bacteroides"	"Bacteroides plebeius"
"ASV_V1V2_02084"	"009b19b7a516dc378c5332e8cbad2416"	"V1V2"	"Bacteria"	"Firmicutes"	"Clostridia"	"Clostridiales"	"Ruminococcaceae"	"Ruminococcaceae UCG-010"	"unknown_Spp Ruminococcaceae UCG-010 gen."
"ASV_V1V2_02085"	"77d5053ef6507855c07c7e2f87b0fc55"	"V1V2"	"Bacteria"	"Firmicutes"	"Clostridia"	"Clostridiales"	"Lachnospiraceae"	"Lachnospiraceae FCS020 gr."	"unknown_Spp Lachnospiraceae FCS020 gr. gen."
"ASV_V1V2_02086"	"7afa18e6a5797917e8ebcdfe03669dfa"	"V1V2"	"Bacteria"	"Firmicutes"	"Clostridia"	"Clostridiales"	"Lachnospiraceae"	"Dorea"	"unknown_Spp Dorea gen."
"ASV_V1V2_02087"	"86f119a3937026c2de0591db0bf90391"	"V1V2"	"Bacteria"	"Bacteroidetes"	"Bacteroidia"	"Bacteroidales"	"Barnesiellaceae"	"Barnesiella"	"unknown_Spp Barnesiella gen."
"ASV_V1V2_02088"	"22667894ced50b28fb768ad968ae0a6f"	"V1V2"	"Bacteria"	"Firmicutes"	"Clostridia"	"Clostridiales"	"Ruminococcaceae"	"Faecalibacterium"	"unknown_Spp Faecalibacterium gen."
"ASV_V1V2_02089"	"ea23df82973a05f5f7f1314de30b496a"	"V1V2"	"Bacteria"	"Firmicutes"	"Clostridia"	"Clostridiales"	"Lachnospiraceae"	"Agathobacter"	"unknown_Spp Agathobacter gen."
"ASV_V1V2_02090"	"df2be6bfff0a3533c697c0feb6b6adbd"	"V1V2"	"Bacteria"	"Firmicutes"	"Clostridia"	"Clostridiales"	"Ruminococcaceae"	"Ruminiclostridium 9"	"unknown_Spp Ruminiclostridium 9 gen."
"ASV_V1V2_02091"	"c74f5d260c65f60967dd0b872b14c42a"	"V1V2"	"Bacteria"	"Firmicutes"	"Clostridia"	"Clostridiales"	"Lachnospiraceae"	"Blautia"	"unknown_Spp Blautia gen."
"ASV_V1V2_02092"	"ea4673ded75b8af3f4bf34a5725a65e5"	"V1V2"	"Bacteria"	"Firmicutes"	"Clostridia"	"Clostridiales"	"Ruminococcaceae"	"Ruminococcaceae UCG-014"	"unknown_Spp Ruminococcaceae UCG-014 gen."
"ASV_V1V2_02093"	"e0b0a08dd580c810518ec75a9b739c77"	"V1V2"	"Bacteria"	"Tenericutes"	"Mollicutes"	"Mollicutes RF39"	"unknown_Fam Mollicutes RF39 ord."	"unknown_Gen Mollicutes RF39 ord."	"unkown_Spp_Gen_Fam_0123"
"ASV_V1V2_02094"	"6994a26c87de099219e03f8e1b0120d2"	"V1V2"	"Bacteria"	"Firmicutes"	"Clostridia"	"Clostridiales"	"Lachnospiraceae"	"Agathobacter"	"Eubacterium ramulus"
"ASV_V1V2_02095"	"7826308b3abc80ab901d374f43e3f888"	"V1V2"	"Bacteria"	"Firmicutes"	"Clostridia"	"Clostridiales"	"Lachnospiraceae"	"Lachnospira"	"unknown_Spp Lachnospira gen."
"ASV_V1V2_02096"	"6059e6478e59207ffa7bf492f9b39738"	"V1V2"	"Bacteria"	"Firmicutes"	"Clostridia"	"Clostridiales"	"Ruminococcaceae"	"Faecalibacterium"	"unknown_Spp Faecalibacterium gen."
"ASV_V1V2_02097"	"3cc55e46d243470be19ca0c1c42b9912"	"V1V2"	"Bacteria"	"Firmicutes"	"Clostridia"	"Clostridiales"	"Christensenellaceae"	"Christensenellaceae R-7 gr."	"unknown_Spp Christensenellaceae R-7 gr. gen."
"ASV_V1V2_02098"	"51f6713673b15d3608cddc61002aaeef"	"V1V2"	"Bacteria"	"Firmicutes"	"Clostridia"	"Clostridiales"	"Ruminococcaceae"	"UBA1819"	"unknown_Spp UBA1819 gen."
"ASV_V1V2_02099"	"fccb0550b414f829ae35a63de4df1d75"	"V1V2"	"Bacteria"	"Firmicutes"	"Clostridia"	"Clostridiales"	"Lachnospiraceae"	"unknown_Gen Lachnospiraceae fam."	"unknown_Spp Lachnospiraceae fam."
"ASV_V1V2_02100"	"41806059075248618d60699a28d6cd75"	"V1V2"	"Bacteria"	"Firmicutes"	"Clostridia"	"Clostridiales"	"Lachnospiraceae"	"Marvinbryantia"	"unknown_Spp Marvinbryantia gen."
"ASV_V1V2_02101"	"36fe0d2249ac62c7b864341931605a0b"	"V1V2"	"Bacteria"	"Firmicutes"	"Clostridia"	"Clostridiales"	"Lachnospiraceae"	"Ruminococcus gauvreauii gr."	"unknown_Spp Ruminococcus gauvreauii gr. gen."
"ASV_V1V2_02102"	"32bca709fee5ef96ff2a82c4e83d983f"	"V1V2"	"Bacteria"	"Proteobacteria"	"Gammaproteobacteria"	"Betaproteobacteriales"	"Burkholderiaceae"	"Sutterella"	"unknown_Spp Sutterella gen."
"ASV_V1V2_02103"	"df3abe3938b7ad3e031b15cbc013a936"	"V1V2"	"Bacteria"	"Firmicutes"	"Clostridia"	"Clostridiales"	"Lachnospiraceae"	"Marvinbryantia"	"unknown_Spp Marvinbryantia gen."
"ASV_V1V2_02104"	"fbd5355f4977b8059f3596824a0fc634"	"V1V2"	"Bacteria"	"Firmicutes"	"Clostridia"	"Clostridiales"	"Lachnospiraceae"	"Roseburia"	"unknown_Spp Roseburia gen."
"ASV_V1V2_02105"	"45b7c3dce0c28d750a7c8921d3de133f"	"V1V2"	"Bacteria"	"Bacteroidetes"	"Bacteroidia"	"Bacteroidales"	"Tannerellaceae"	"Parabacteroides"	"unknown_Spp Parabacteroides gen."
"ASV_V1V2_02106"	"7b5139030c991819be0f501dbdfd8b13"	"V1V2"	"Bacteria"	"Firmicutes"	"Clostridia"	"Clostridiales"	"Lachnospiraceae"	"Roseburia"	"unknown_Spp Roseburia gen."
"ASV_V1V2_02107"	"782cabf2abf397ec94b311ff49e2d54a"	"V1V2"	"Bacteria"	"Firmicutes"	"Clostridia"	"Clostridiales"	"Lachnospiraceae"	"Blautia"	"Blautia sp. Marseille-P3387"
"ASV_V1V2_02108"	"f195153ba0379faff0c327fae2ab8362"	"V1V2"	"Bacteria"	"Firmicutes"	"Clostridia"	"Clostridiales"	"Lachnospiraceae"	"Blautia"	"unknown_Spp Blautia gen."
"ASV_V1V2_02109"	"a833269ee4f56b371a42ec71462333d5"	"V1V2"	"Bacteria"	"Firmicutes"	"Clostridia"	"Clostridiales"	"Ruminococcaceae"	"Ruminococcaceae UCG-014"	"unknown_Spp Ruminococcaceae UCG-014 gen."
"ASV_V1V2_02110"	"a2c026534980a9e6fd329c3cdd6d20d2"	"V1V2"	"Bacteria"	"Firmicutes"	"Clostridia"	"Clostridiales"	"Christensenellaceae"	"Christensenellaceae R-7 gr."	"unknown_Spp Christensenellaceae R-7 gr. gen."
"ASV_V1V2_02111"	"304bb11b99c56690321fed08c87a8590"	"V1V2"	"Bacteria"	"Firmicutes"	"Clostridia"	"Clostridiales"	"Lachnospiraceae"	"Eubacterium hallii gr."	"unknown_Spp Eubacterium hallii gr. gen."
"ASV_V1V2_02112"	"83b0850dec66fee3e6b20790b069672f"	"V1V2"	"Bacteria"	"Firmicutes"	"Clostridia"	"Clostridiales"	"Lachnospiraceae"	"Dorea"	"unknown_Spp Dorea gen."
"ASV_V1V2_02113"	"15dd39cf5e75c239c3dff286635b24fa"	"V1V2"	"Bacteria"	"Firmicutes"	"Clostridia"	"Clostridiales"	"Ruminococcaceae"	"Ruminococcaceae UCG-010"	"unknown_Spp Ruminococcaceae UCG-010 gen."
"ASV_V1V2_02114"	"fbd91550c281d5e54ae4c9a069ec9e2f"	"V1V2"	"Bacteria"	"Firmicutes"	"Clostridia"	"Clostridiales"	"Ruminococcaceae"	"Ruminococcaceae UCG-014"	"unknown_Spp Ruminococcaceae UCG-014 gen."
"ASV_V1V2_02115"	"8b0c9b85862fc3d3b78ec7dac05bdba0"	"V1V2"	"Bacteria"	"Firmicutes"	"Clostridia"	"Clostridiales"	"Lachnospiraceae"	"unknown_Gen Lachnospiraceae fam."	"unknown_Spp Lachnospiraceae fam."
"ASV_V1V2_02116"	"1329c8e44ed3f7fb0b3600860f19156e"	"V1V2"	"Bacteria"	"Bacteroidetes"	"Bacteroidia"	"Bacteroidales"	"Marinifilaceae"	"Butyricimonas"	"unknown_Spp Butyricimonas gen."
"ASV_V1V2_02117"	"af8505c78194f2c7033baf8af1d52288"	"V1V2"	"Bacteria"	"Firmicutes"	"Clostridia"	"Clostridiales"	"Lachnospiraceae"	"Eubacterium ruminantium gr."	"unknown_Spp Eubacterium ruminantium gr. gen."
"ASV_V1V2_02118"	"63b4bd7ed1783df5200b0f84c96bf4c1"	"V1V2"	"Bacteria"	"Firmicutes"	"Clostridia"	"Clostridiales"	"Christensenellaceae"	"Christensenellaceae R-7 gr."	"unknown_Spp Christensenellaceae R-7 gr. gen."
"ASV_V1V2_02119"	"efeb98dcf90c422b46aafacff3c66880"	"V1V2"	"Bacteria"	"Bacteroidetes"	"Bacteroidia"	"Bacteroidales"	"Prevotellaceae"	"Paraprevotella"	"unknown_Spp Paraprevotella gen."
"ASV_V1V2_02120"	"da50959b56b4b08bff44d34a6ba1e5c7"	"V1V2"	"Bacteria"	"Firmicutes"	"Clostridia"	"Clostridiales"	"Christensenellaceae"	"Christensenellaceae R-7 gr."	"unknown_Spp Christensenellaceae R-7 gr. gen."
"ASV_V1V2_02121"	"02e4c4abbd602321c1e12f0954546642"	"V1V2"	"Bacteria"	"Bacteroidetes"	"Bacteroidia"	"Bacteroidales"	"Muribaculaceae"	"unknown_Gen Muribaculaceae fam."	"unknown_Spp Muribaculaceae fam."
"ASV_V1V2_02122"	"f172d73dbdad7173501299369a80ef9e"	"V1V2"	"Bacteria"	"Tenericutes"	"Mollicutes"	"Mollicutes RF39"	"unknown_Fam Mollicutes RF39 ord."	"unknown_Gen Mollicutes RF39 ord."	"unkown_Spp_Gen_Fam_0124"
"ASV_V1V2_02123"	"a40b0b0c89f820bdb26d9276c8544e7f"	"V1V2"	"Bacteria"	"Firmicutes"	"Clostridia"	"Clostridiales"	"Lachnospiraceae"	"unknown_Gen Lachnospiraceae fam."	"unknown_Spp Lachnospiraceae fam."
"ASV_V1V2_02124"	"ea1465c9607c75136070fed54c42631f"	"V1V2"	"Bacteria"	"Firmicutes"	"Clostridia"	"Clostridiales"	"Ruminococcaceae"	"Ruminococcaceae UCG-010"	"unknown_Spp Ruminococcaceae UCG-010 gen."
"ASV_V1V2_02125"	"e1dd0470e1d7a7051ed1d3474ea94ed5"	"V1V2"	"Bacteria"	"Firmicutes"	"Clostridia"	"Clostridiales"	"Lachnospiraceae"	"Lachnospira"	"unknown_Spp Lachnospira gen."
"ASV_V1V2_02126"	"38322bfd25f9fdd7ee68a2c9629d4383"	"V1V2"	"Bacteria"	"Bacteroidetes"	"Bacteroidia"	"Bacteroidales"	"Muribaculaceae"	"unknown_Gen Muribaculaceae fam."	"unknown_Spp Muribaculaceae fam."
"ASV_V1V2_02127"	"c7396493702902dd1e2f640c55686448"	"V1V2"	"Bacteria"	"Firmicutes"	"Clostridia"	"Clostridiales"	"Lachnospiraceae"	"Roseburia"	"unknown_Spp Roseburia gen."
"ASV_V1V2_02128"	"ca70665701c894b868bc5aaebf84ab17"	"V1V2"	"Bacteria"	"Firmicutes"	"Clostridia"	"Clostridiales"	"Clostridiales vadinBB60 gr."	"unknown_Gen Clostridiales vadinBB60 gr. fam."	"unknown_Spp Clostridiales vadinBB60 gr. fam."
"ASV_V1V2_02129"	"bc14f0f0283ed86ebae2804f36f569da"	"V1V2"	"Bacteria"	"Firmicutes"	"Clostridia"	"Clostridiales"	"Lachnospiraceae"	"Lachnospiraceae FCS020 gr."	"unknown_Spp Lachnospiraceae FCS020 gr. gen."
"ASV_V1V2_02130"	"09499d2dafa83fbe7874862da66858d9"	"V1V2"	"Bacteria"	"Bacteroidetes"	"Bacteroidia"	"Bacteroidales"	"Prevotellaceae"	"Prevotellaceae UCG-003"	"unknown_Spp Prevotellaceae UCG-003 gen."
"ASV_V1V2_02131"	"3de80e088a59614f4d594937d917ea21"	"V1V2"	"Bacteria"	"Firmicutes"	"Clostridia"	"Clostridiales"	"Ruminococcaceae"	"Ruminococcaceae UCG-014"	"unknown_Spp Ruminococcaceae UCG-014 gen."
"ASV_V1V2_02132"	"69d95e5d1729e05d52b00c573c30d4d1"	"V1V2"	"Bacteria"	"Firmicutes"	"Clostridia"	"Clostridiales"	"Lachnospiraceae"	"Roseburia"	"unknown_Spp Roseburia gen."
"ASV_V1V2_02133"	"2c7407307161a2ca9dfe47d7121e0b10"	"V1V2"	"Bacteria"	"Firmicutes"	"Clostridia"	"Clostridiales"	"Lachnospiraceae"	"Ruminococcus gauvreauii gr."	"unknown_Spp Ruminococcus gauvreauii gr. gen."
"ASV_V1V2_02134"	"a0d8ce3757a4596e9a55bb8909b3c8b5"	"V1V2"	"Bacteria"	"Firmicutes"	"Clostridia"	"Clostridiales"	"Lachnospiraceae"	"Blautia"	"Blautia massiliensis"
"ASV_V1V2_02135"	"c8b5d29769ed602725b6a54eda0ef22b"	"V1V2"	"Bacteria"	"Bacteroidetes"	"Bacteroidia"	"Bacteroidales"	"Prevotellaceae"	"Paraprevotella"	"unknown_Spp Paraprevotella gen."
"ASV_V1V2_02136"	"4a27514d6f10b0cff34562bafd32b928"	"V1V2"	"Bacteria"	"Firmicutes"	"Clostridia"	"Clostridiales"	"Ruminococcaceae"	"Ruminococcaceae UCG-014"	"unknown_Spp Ruminococcaceae UCG-014 gen."
"ASV_V1V2_02137"	"0f6e15449503073c1f6fed701beaa8bf"	"V1V2"	"Bacteria"	"Firmicutes"	"Clostridia"	"Clostridiales"	"Lachnospiraceae"	"Eubacterium ventriosum gr."	"unknown_Spp Eubacterium ventriosum gr. gen."
"ASV_V1V2_02138"	"3b63f6f0829e6ce7b9a9ea230fd534bc"	"V1V2"	"Bacteria"	"Firmicutes"	"Clostridia"	"Clostridiales"	"Lachnospiraceae"	"Dorea"	"unknown_Spp Dorea gen."
"ASV_V1V2_02139"	"ae916ed9f531cb7b5f25460075cc86ff"	"V1V2"	"Bacteria"	"Bacteroidetes"	"Bacteroidia"	"Bacteroidales"	"Rikenellaceae"	"Alistipes"	"unknown_Spp Alistipes gen."
"ASV_V1V2_02140"	"4d15e9235aeab5614b0b93d1ae8aa400"	"V1V2"	"Bacteria"	"Firmicutes"	"Clostridia"	"Clostridiales"	"Lachnospiraceae"	"GCA-900066575"	"unknown_Spp GCA-900066575 gen."
"ASV_V1V2_02141"	"b04061ee11b81788223b7038598c2d4f"	"V1V2"	"Bacteria"	"Firmicutes"	"Clostridia"	"Clostridiales"	"Lachnospiraceae"	"Roseburia"	"unknown_Spp Roseburia gen."
"ASV_V1V2_02142"	"684f83a8b6e73973e91c7bdc8e9d5429"	"V1V2"	"Bacteria"	"Firmicutes"	"Clostridia"	"Clostridiales"	"Lachnospiraceae"	"Blautia"	"unknown_Spp Blautia gen."
"ASV_V1V2_02143"	"80af69faabbd59f1d5a24e053f1db4e7"	"V1V2"	"Bacteria"	"Firmicutes"	"Clostridia"	"Clostridiales"	"Ruminococcaceae"	"Ruminococcaceae UCG-004"	"unknown_Spp Ruminococcaceae UCG-004 gen."
"ASV_V1V2_02144"	"1d6b288370bee339770e42035470d9aa"	"V1V2"	"Bacteria"	"Firmicutes"	"Clostridia"	"Clostridiales"	"Lachnospiraceae"	"Lachnospiraceae ND3007 gr."	"unknown_Spp Lachnospiraceae ND3007 gr. gen."
"ASV_V1V2_02145"	"b09cafcddf27008770e201c77e54511a"	"V1V2"	"Bacteria"	"Firmicutes"	"Clostridia"	"Clostridiales"	"Lachnospiraceae"	"Blautia"	"Blautia massiliensis"
"ASV_V1V2_02146"	"8b30448d8edebf4be83583bba560078c"	"V1V2"	"Bacteria"	"Firmicutes"	"Clostridia"	"Clostridiales"	"Lachnospiraceae"	"Coprococcus 1"	"unknown_Spp Coprococcus 1 gen."
"ASV_V1V2_02147"	"7bdc7bb5e7cfdddc4fa17ab3349d21ec"	"V1V2"	"Bacteria"	"Firmicutes"	"Clostridia"	"Clostridiales"	"Ruminococcaceae"	"Ruminococcaceae UCG-010"	"unknown_Spp Ruminococcaceae UCG-010 gen."
"ASV_V1V2_02148"	"0e54a42a5bd6cf1a56a0a8b4dd1770aa"	"V1V2"	"Bacteria"	"Firmicutes"	"Clostridia"	"Clostridiales"	"Lachnospiraceae"	"Roseburia"	"unknown_Spp Roseburia gen."
"ASV_V1V2_02149"	"5ce49dd69c7db6e10a68e673e364c2e6"	"V1V2"	"Bacteria"	"Firmicutes"	"Clostridia"	"Clostridiales"	"Ruminococcaceae"	"unknown_Gen Ruminococcaceae fam."	"unknown_Spp Ruminococcaceae fam."
"ASV_V1V2_02150"	"33f4110b80901c9d3a2ec057f7e5684b"	"V1V2"	"Bacteria"	"Firmicutes"	"Clostridia"	"Clostridiales"	"Lachnospiraceae"	"Lachnospiraceae FCS020 gr."	"unknown_Spp Lachnospiraceae FCS020 gr. gen."
"ASV_V1V2_02151"	"4872900574c7a4ddb1c8965b33dbcd2f"	"V1V2"	"Bacteria"	"Firmicutes"	"Clostridia"	"Clostridiales"	"Ruminococcaceae"	"Ruminococcaceae UCG-010"	"unknown_Spp Ruminococcaceae UCG-010 gen."
"ASV_V1V2_02152"	"450686100708cff032cb7249b17b86f7"	"V1V2"	"Bacteria"	"Firmicutes"	"Clostridia"	"Clostridiales"	"Lachnospiraceae"	"Ruminococcus gauvreauii gr."	"unknown_Spp Ruminococcus gauvreauii gr. gen."
"ASV_V1V2_02153"	"0c9de7925078548df8b789adf34ac8b0"	"V1V2"	"Bacteria"	"Firmicutes"	"Clostridia"	"Clostridiales"	"Lachnospiraceae"	"Coprococcus 3"	"unknown_Spp Coprococcus 3 gen."
"ASV_V1V2_02154"	"90066de1f903160b2541e07515b28963"	"V1V2"	"Bacteria"	"Firmicutes"	"Clostridia"	"Clostridiales"	"Lachnospiraceae"	"unknown_Gen Lachnospiraceae fam."	"unknown_Spp Lachnospiraceae fam."
"ASV_V1V2_02155"	"bfc320459772beaad35ce57ba244b86a"	"V1V2"	"Bacteria"	"Firmicutes"	"Clostridia"	"Clostridiales"	"Lachnospiraceae"	"Blautia"	"unknown_Spp Blautia gen."
"ASV_V1V2_02156"	"5e5c26ee1e4c503ffe2c264a8576f8c1"	"V1V2"	"Bacteria"	"Actinobacteria"	"Coriobacteriia"	"Coriobacteriales"	"Coriobacteriales Incertae Sedis"	"unknown_Gen Coriobacteriales Incertae Sedis fam."	"unknown_Spp Coriobacteriales Incertae Sedis fam."
"ASV_V1V2_02157"	"32cb44184496b59819e45586c71ef7c2"	"V1V2"	"Bacteria"	"Firmicutes"	"Clostridia"	"Clostridiales"	"Ruminococcaceae"	"Subdoligranulum"	"unknown_Spp Subdoligranulum gen."
"ASV_V1V2_02158"	"800d41b83b4718f74c38ca0e4bc5032c"	"V1V2"	"Bacteria"	"Firmicutes"	"Clostridia"	"Clostridiales"	"Ruminococcaceae"	"Butyricicoccus"	"unknown_Spp Butyricicoccus gen."
"ASV_V1V2_02159"	"29a11f949f447359db86a2fa667b066e"	"V1V2"	"Bacteria"	"Firmicutes"	"Clostridia"	"Clostridiales"	"Ruminococcaceae"	"Ruminococcaceae UCG-014"	"unknown_Spp Ruminococcaceae UCG-014 gen."
"ASV_V1V2_02160"	"e959df91122d3f917f3f660186c4ce4a"	"V1V2"	"Bacteria"	"Actinobacteria"	"Coriobacteriia"	"Coriobacteriales"	"Coriobacteriales Incertae Sedis"	"unknown_Gen Coriobacteriales Incertae Sedis fam."	"unknown_Spp Coriobacteriales Incertae Sedis fam."
"ASV_V1V2_02161"	"965b138dcaba3a907b16209f4211cd30"	"V1V2"	"Bacteria"	"Firmicutes"	"Clostridia"	"Clostridiales"	"Lachnospiraceae"	"Blautia"	"unknown_Spp Blautia gen."
"ASV_V1V2_02162"	"dd080557217b889b2c8bacd5262b0502"	"V1V2"	"Bacteria"	"Firmicutes"	"Clostridia"	"Clostridiales"	"Lachnospiraceae"	"Agathobacter"	"unknown_Spp Agathobacter gen."
"ASV_V1V2_02163"	"ea327fe718658b95a790028c785260c0"	"V1V2"	"Bacteria"	"Firmicutes"	"Clostridia"	"Clostridiales"	"Lachnospiraceae"	"unknown_Gen Lachnospiraceae fam."	"unknown_Spp Lachnospiraceae fam."
"ASV_V1V2_02164"	"437ec35bd7bffa7b85c8111de6f103da"	"V1V2"	"Bacteria"	"Firmicutes"	"Clostridia"	"Clostridiales"	"Lachnospiraceae"	"Eubacterium ventriosum gr."	"unknown_Spp Eubacterium ventriosum gr. gen."
"ASV_V1V2_02165"	"fd1972780fa8b569dfbfc2f4a754844f"	"V1V2"	"Bacteria"	"Firmicutes"	"Clostridia"	"Clostridiales"	"Lachnospiraceae"	"Dorea"	"unknown_Spp Dorea gen."
"ASV_V1V2_02166"	"3523c6c327157db6f27a1c357f8615df"	"V1V2"	"Bacteria"	"Firmicutes"	"Bacilli"	"Lactobacillales"	"Streptococcaceae"	"Streptococcus"	"unknown_Spp Streptococcus gen."
"ASV_V1V2_02167"	"e75054db3e9c23e620ee2e48f3b1a157"	"V1V2"	"Bacteria"	"Firmicutes"	"Clostridia"	"Clostridiales"	"Ruminococcaceae"	"CAG-352"	"unknown_Spp CAG-352 gen."
"ASV_V1V2_02168"	"b5d8339ba25669360367aaeef6b9e47e"	"V1V2"	"Bacteria"	"Firmicutes"	"Clostridia"	"Clostridiales"	"Ruminococcaceae"	"Ruminococcaceae UCG-010"	"unknown_Spp Ruminococcaceae UCG-010 gen."
"ASV_V1V2_02169"	"951477716437fdca0c4c7271cce10087"	"V1V2"	"Bacteria"	"Firmicutes"	"Clostridia"	"Clostridiales"	"Christensenellaceae"	"Christensenellaceae R-7 gr."	"unknown_Spp Christensenellaceae R-7 gr. gen."
"ASV_V1V2_02170"	"750666d924053b4289578faa07e9652b"	"V1V2"	"Bacteria"	"Firmicutes"	"Clostridia"	"Clostridiales"	"Lachnospiraceae"	"unknown_Gen Lachnospiraceae fam."	"unknown_Spp Lachnospiraceae fam."
"ASV_V1V2_02171"	"6ff06dcca1fc82b4e9fd3c32d24a68a9"	"V1V2"	"Bacteria"	"Tenericutes"	"Mollicutes"	"Mollicutes RF39"	"unknown_Fam Mollicutes RF39 ord."	"unknown_Gen Mollicutes RF39 ord."	"unkown_Spp_Gen_Fam_0125"
"ASV_V1V2_02172"	"0cae74a9caaa925950e40f1bba56b0a1"	"V1V2"	"Bacteria"	"Firmicutes"	"Clostridia"	"Clostridiales"	"Lachnospiraceae"	"Lachnospiraceae UCG-001"	"unknown_Spp Lachnospiraceae UCG-001 gen."
"ASV_V1V2_02173"	"345f98ad98c79f7a86d44cb210e95208"	"V1V2"	"Bacteria"	"Firmicutes"	"Negativicutes"	"Selenomonadales"	"Acidaminococcaceae"	"Phascolarctobacterium"	"unknown_Spp Phascolarctobacterium gen."
"ASV_V1V2_02174"	"d126746ad1f3c770a3cc36e6f4b16356"	"V1V2"	"Bacteria"	"Firmicutes"	"Clostridia"	"Clostridiales"	"Lachnospiraceae"	"Blautia"	"unknown_Spp Blautia gen."
"ASV_V1V2_02175"	"110d4b982d27b894c84d6f865ad34e97"	"V1V2"	"Bacteria"	"Firmicutes"	"Clostridia"	"Clostridiales"	"Lachnospiraceae"	"unknown_Gen Lachnospiraceae fam."	"unknown_Spp Lachnospiraceae fam."
"ASV_V1V2_02176"	"63e591ffbd70aa3df062c9dad5fd0fe0"	"V1V2"	"Bacteria"	"Firmicutes"	"Clostridia"	"Clostridiales"	"Ruminococcaceae"	"Ruminococcaceae UCG-005"	"unknown_Spp Ruminococcaceae UCG-005 gen."
"ASV_V1V2_02177"	"62b78e6662c0fb3f871e55cb2a4a5e7c"	"V1V2"	"Bacteria"	"Proteobacteria"	"Alphaproteobacteria"	"Rhodospirillales"	"unknown_Fam Rhodospirillales ord."	"unknown_Gen Rhodospirillales ord."	"unkown_Spp_Gen_Fam_0126"
"ASV_V1V2_02178"	"9f6ecd8225a299a87eaaed079d706b76"	"V1V2"	"Bacteria"	"Firmicutes"	"Clostridia"	"Clostridiales"	"Lachnospiraceae"	"Ruminococcus gauvreauii gr."	"unknown_Spp Ruminococcus gauvreauii gr. gen."
"ASV_V1V2_02179"	"b59ae170770eae65dd883f671f2b5086"	"V1V2"	"Bacteria"	"Firmicutes"	"Clostridia"	"Clostridiales"	"Lachnospiraceae"	"Lachnospiraceae NK4A136 gr."	"unknown_Spp Lachnospiraceae NK4A136 gr. gen."
"ASV_V1V2_02180"	"496dd8db70fc19fdab99085994f8c4f5"	"V1V2"	"Bacteria"	"Firmicutes"	"Negativicutes"	"Selenomonadales"	"Veillonellaceae"	"Veillonella"	"unknown_Spp Veillonella gen."
"ASV_V1V2_02181"	"9c34497ea4b2a315a395627f753e10fd"	"V1V2"	"Bacteria"	"Bacteroidetes"	"Bacteroidia"	"Bacteroidales"	"Barnesiellaceae"	"Barnesiella"	"unknown_Spp Barnesiella gen."
"ASV_V1V2_02182"	"d76ea009f21a31330f310b8057ac2e14"	"V1V2"	"Bacteria"	"Firmicutes"	"Clostridia"	"Clostridiales"	"Lachnospiraceae"	"unknown_Gen Lachnospiraceae fam."	"unknown_Spp Lachnospiraceae fam."
"ASV_V1V2_02183"	"73adb36fcd91c602232f1d9582c5c39c"	"V1V2"	"Bacteria"	"Proteobacteria"	"Alphaproteobacteria"	"Rhodospirillales"	"unknown_Fam Rhodospirillales ord."	"unknown_Gen Rhodospirillales ord."	"unkown_Spp_Gen_Fam_0127"
"ASV_V1V2_02184"	"1e7ede46de70c3ccfec3e91eaa119f52"	"V1V2"	"Bacteria"	"Firmicutes"	"Clostridia"	"Clostridiales"	"Christensenellaceae"	"Christensenellaceae R-7 gr."	"bacterium YE57"
"ASV_V1V2_02185"	"d683c610326ca2dda38b4f4c9a9ed8db"	"V1V2"	"Bacteria"	"Firmicutes"	"Clostridia"	"Clostridiales"	"Christensenellaceae"	"Christensenellaceae R-7 gr."	"unknown_Spp Christensenellaceae R-7 gr. gen."
"ASV_V1V2_02186"	"c3bb634329d9dbc6cd764d9ee8fe42bc"	"V1V2"	"Bacteria"	"Firmicutes"	"Clostridia"	"Clostridiales"	"Lachnospiraceae"	"Lachnospiraceae NK4B4 gr."	"unknown_Spp Lachnospiraceae NK4B4 gr. gen."
"ASV_V1V2_02187"	"6a957d293bcae6e78829a7d04c095b0b"	"V1V2"	"Bacteria"	"Firmicutes"	"Clostridia"	"Clostridiales"	"Lachnospiraceae"	"Blautia"	"unknown_Spp Blautia gen."
"ASV_V1V2_02188"	"c1ece10a23e5c4a094ba5006a7eb9a91"	"V1V2"	"Bacteria"	"Bacteroidetes"	"Bacteroidia"	"Bacteroidales"	"Prevotellaceae"	"Prevotella 9"	"unknown_Spp Prevotella 9 gen."
"ASV_V1V2_02189"	"90347ede7a395ade6e7eede3c49d2d24"	"V1V2"	"Bacteria"	"Firmicutes"	"Clostridia"	"Clostridiales"	"Ruminococcaceae"	"Eubacterium coprostanoligenes gr."	"unknown_Spp Eubacterium coprostanoligenes gr. gen."
"ASV_V1V2_02190"	"10054e3c6e32ccc652bebb35d8310499"	"V1V2"	"Bacteria"	"Proteobacteria"	"Gammaproteobacteria"	"Betaproteobacteriales"	"Burkholderiaceae"	"Sutterella"	"unknown_Spp Sutterella gen."
"ASV_V1V2_02191"	"9db380e6a2a2d2a89cf18857ae194be2"	"V1V2"	"Bacteria"	"Firmicutes"	"Clostridia"	"Clostridiales"	"Lachnospiraceae"	"Coprococcus 1"	"unknown_Spp Coprococcus 1 gen."
"ASV_V1V2_02192"	"a1ce4be9e2fd6f05f5f166e35c5cae2b"	"V1V2"	"Bacteria"	"Firmicutes"	"Clostridia"	"Clostridiales"	"Lachnospiraceae"	"Lachnospiraceae UCG-004"	"unknown_Spp Lachnospiraceae UCG-004 gen."
"ASV_V1V2_02193"	"ee89ebc91784891c3e2bc9761b352d22"	"V1V2"	"Bacteria"	"Firmicutes"	"Clostridia"	"Clostridiales"	"Ruminococcaceae"	"Ruminiclostridium 9"	"unknown_Spp Ruminiclostridium 9 gen."
"ASV_V1V2_02194"	"82a8947894144dc07dc8f200a52d9278"	"V1V2"	"Bacteria"	"Firmicutes"	"Clostridia"	"Clostridiales"	"Lachnospiraceae"	"Lachnospiraceae UCG-004"	"unknown_Spp Lachnospiraceae UCG-004 gen."
"ASV_V1V2_02195"	"7147da4d2d7d76cf6035d0d340e3e6ce"	"V1V2"	"Bacteria"	"Firmicutes"	"Clostridia"	"Clostridiales"	"Lachnospiraceae"	"Blautia"	"unknown_Spp Blautia gen."
"ASV_V1V2_02196"	"740313d945f23218bc7659e9d9a944e6"	"V1V2"	"Bacteria"	"Firmicutes"	"Clostridia"	"Clostridiales"	"Lachnospiraceae"	"Marvinbryantia"	"unknown_Spp Marvinbryantia gen."
"ASV_V1V2_02197"	"40c960e0fb6279281c2d22c11715a28e"	"V1V2"	"Bacteria"	"Firmicutes"	"Clostridia"	"Clostridiales"	"Christensenellaceae"	"Christensenellaceae R-7 gr."	"unknown_Spp Christensenellaceae R-7 gr. gen."
"ASV_V1V2_02198"	"1719aea8572ef03d3d8053e3deec725e"	"V1V2"	"Bacteria"	"Bacteroidetes"	"Bacteroidia"	"Bacteroidales"	"Barnesiellaceae"	"Coprobacter"	"unknown_Spp Coprobacter gen."
"ASV_V1V2_02199"	"4b57c75773467261da835f245d49d367"	"V1V2"	"Bacteria"	"Firmicutes"	"Clostridia"	"Clostridiales"	"Lachnospiraceae"	"unknown_Gen Lachnospiraceae fam."	"unknown_Spp Lachnospiraceae fam."
"ASV_V1V2_02200"	"697dff538fbda72ee03043f207fb2090"	"V1V2"	"Bacteria"	"Firmicutes"	"Clostridia"	"Clostridiales"	"Ruminococcaceae"	"Ruminiclostridium 9"	"unknown_Spp Ruminiclostridium 9 gen."
"ASV_V1V2_02201"	"2cfb21d32d711e642c2a51104d741ed4"	"V1V2"	"Bacteria"	"Firmicutes"	"Clostridia"	"Clostridiales"	"Lachnospiraceae"	"Coprococcus 1"	"unknown_Spp Coprococcus 1 gen."
"ASV_V1V2_02202"	"0d3d02f71523f0370a40a2733584644c"	"V1V2"	"Bacteria"	"Firmicutes"	"Clostridia"	"Clostridiales"	"Ruminococcaceae"	"unknown_Gen Ruminococcaceae fam."	"unknown_Spp Ruminococcaceae fam."
"ASV_V1V2_02203"	"9e28c26cbb5097c5787e32e0846f828e"	"V1V2"	"Bacteria"	"Firmicutes"	"Clostridia"	"Clostridiales"	"Lachnospiraceae"	"unknown_Gen Lachnospiraceae fam."	"unknown_Spp Lachnospiraceae fam."
"ASV_V1V2_02204"	"6f53a67d279248286b060f271a835a6c"	"V1V2"	"Bacteria"	"Firmicutes"	"Clostridia"	"Clostridiales"	"Lachnospiraceae"	"Coprococcus 3"	"unknown_Spp Coprococcus 3 gen."
"ASV_V1V2_02205"	"90e52cfb18a16e9f712c5ace53e3b92c"	"V1V2"	"Bacteria"	"Bacteroidetes"	"Bacteroidia"	"Bacteroidales"	"Rikenellaceae"	"Alistipes"	"unknown_Spp Alistipes gen."
"ASV_V1V2_02206"	"06f415d041d77955de65c391d3813490"	"V1V2"	"Bacteria"	"Bacteroidetes"	"Bacteroidia"	"Bacteroidales"	"Bacteroidaceae"	"Bacteroides"	"unknown_Spp Bacteroides gen."
"ASV_V1V2_02207"	"91e90ef9d85b99c99c89458574d663bd"	"V1V2"	"Bacteria"	"Firmicutes"	"Clostridia"	"Clostridiales"	"Lachnospiraceae"	"Blautia"	"unknown_Spp Blautia gen."
"ASV_V1V2_02208"	"7ec003dae8299b9b36152409230763ca"	"V1V2"	"Bacteria"	"Firmicutes"	"Clostridia"	"Clostridiales"	"Lachnospiraceae"	"Lachnospiraceae FCS020 gr."	"unknown_Spp Lachnospiraceae FCS020 gr. gen."
"ASV_V1V2_02209"	"5da8671fef12d174fbba91fc1ebafe29"	"V1V2"	"Bacteria"	"Firmicutes"	"Clostridia"	"Clostridiales"	"Ruminococcaceae"	"Ruminococcaceae UCG-013"	"unknown_Spp Ruminococcaceae UCG-013 gen."
"ASV_V1V2_02210"	"1ff8004885678cc303539fac9cdacc54"	"V1V2"	"Bacteria"	"Firmicutes"	"Clostridia"	"Clostridiales"	"Lachnospiraceae"	"Coprococcus 1"	"unknown_Spp Coprococcus 1 gen."
"ASV_V1V2_02211"	"8f3e3f01fbcacec55fa37bbf1eebf458"	"V1V2"	"Bacteria"	"Firmicutes"	"Clostridia"	"Clostridiales"	"Lachnospiraceae"	"Coprococcus 1"	"unknown_Spp Coprococcus 1 gen."
"ASV_V1V2_02212"	"9eb8234f0c01f0da8f8725d3d5d20a99"	"V1V2"	"Bacteria"	"Firmicutes"	"Clostridia"	"Clostridiales"	"Ruminococcaceae"	"Oscillibacter"	"unknown_Spp Oscillibacter gen."
"ASV_V1V2_02213"	"ad9d060f365d45ffdfebe494e70e46f2"	"V1V2"	"Bacteria"	"Firmicutes"	"Clostridia"	"Clostridiales"	"Ruminococcaceae"	"Ruminiclostridium 9"	"unknown_Spp Ruminiclostridium 9 gen."
"ASV_V1V2_02214"	"903e38b08af87bea55de654c6b9c179f"	"V1V2"	"Bacteria"	"Firmicutes"	"Clostridia"	"Clostridiales"	"Lachnospiraceae"	"Marvinbryantia"	"unknown_Spp Marvinbryantia gen."
"ASV_V1V2_02215"	"098944747425ba3e78550bd31f62ec4b"	"V1V2"	"Bacteria"	"Firmicutes"	"Clostridia"	"Clostridiales"	"Lachnospiraceae"	"Ruminococcus torques gr."	"unknown_Spp Ruminococcus torques gr. gen."
"ASV_V1V2_02216"	"2944da4b2b30dd17a67d00cf0dc2ca2d"	"V1V2"	"Bacteria"	"Firmicutes"	"Clostridia"	"Clostridiales"	"Ruminococcaceae"	"Ruminococcaceae UCG-013"	"unknown_Spp Ruminococcaceae UCG-013 gen."
"ASV_V1V2_02217"	"21965b2877f80226f8825a7c9d59ad01"	"V1V2"	"Bacteria"	"Firmicutes"	"Clostridia"	"Clostridiales"	"Christensenellaceae"	"Christensenellaceae R-7 gr."	"bacterium YE57"
"ASV_V1V2_02218"	"7f48ba39e9f57ec6db4771a902d922a4"	"V1V2"	"Bacteria"	"Firmicutes"	"Clostridia"	"Clostridiales"	"Ruminococcaceae"	"Eubacterium coprostanoligenes gr."	"unknown_Spp Eubacterium coprostanoligenes gr. gen."
"ASV_V1V2_02219"	"f5aba5d6b38224bedca2399b15c527b7"	"V1V2"	"Bacteria"	"Firmicutes"	"Clostridia"	"Clostridiales"	"Lachnospiraceae"	"Blautia"	"Blautia sp. Marseille-P3387"
"ASV_V1V2_02220"	"2378190018845e98bb3958a59bb7a5a9"	"V1V2"	"Bacteria"	"Firmicutes"	"Clostridia"	"Clostridiales"	"Lachnospiraceae"	"Blautia"	"unknown_Spp Blautia gen."
"ASV_V1V2_02221"	"ec2f76ac5b3a8cf4065ca4f89108a93d"	"V1V2"	"Bacteria"	"Proteobacteria"	"Gammaproteobacteria"	"Betaproteobacteriales"	"Burkholderiaceae"	"Oxalobacter"	"unknown_Spp Oxalobacter gen."
"ASV_V1V2_02222"	"6bc5d1b9695bc2a91d9d889264fa4661"	"V1V2"	"Bacteria"	"Firmicutes"	"Clostridia"	"Clostridiales"	"Christensenellaceae"	"Christensenellaceae R-7 gr."	"bacterium YE57"
"ASV_V1V2_02223"	"8c56dc6e36d0374128700a02a3a551bc"	"V1V2"	"Bacteria"	"Firmicutes"	"Clostridia"	"Clostridiales"	"Ruminococcaceae"	"Ruminococcaceae UCG-014"	"unknown_Spp Ruminococcaceae UCG-014 gen."
"ASV_V1V2_02224"	"3347eb74698de30c689673d34470f2c3"	"V1V2"	"Bacteria"	"Firmicutes"	"Clostridia"	"Clostridiales"	"Lachnospiraceae"	"Blautia"	"unknown_Spp Blautia gen."
"ASV_V1V2_02225"	"81bb5cacfa9ce7bce55f543f3f80f0c6"	"V1V2"	"Bacteria"	"Firmicutes"	"Clostridia"	"Clostridiales"	"Ruminococcaceae"	"unknown_Gen Ruminococcaceae fam."	"unknown_Spp Ruminococcaceae fam."
"ASV_V1V2_02226"	"5035f3027d9ab5fcc46a4c3dfb2a12aa"	"V1V2"	"Bacteria"	"Firmicutes"	"Clostridia"	"Clostridiales"	"Lachnospiraceae"	"unknown_Gen Lachnospiraceae fam."	"unknown_Spp Lachnospiraceae fam."
"ASV_V1V2_02227"	"89de4ebfda86269564480ee7be1d74d5"	"V1V2"	"Bacteria"	"Firmicutes"	"Clostridia"	"Clostridiales"	"Lachnospiraceae"	"unknown_Gen Lachnospiraceae fam."	"unknown_Spp Lachnospiraceae fam."
"ASV_V1V2_02228"	"c9c7bef7e1d2ccd70064590da5f65592"	"V1V2"	"Bacteria"	"Firmicutes"	"Bacilli"	"Lactobacillales"	"Enterococcaceae"	"Enterococcus"	"unknown_Spp Enterococcus gen."
"ASV_V1V2_02229"	"a8f17791fa624c21e80386f522f59cca"	"V1V2"	"Bacteria"	"Firmicutes"	"Clostridia"	"Clostridiales"	"Lachnospiraceae"	"Blautia"	"unknown_Spp Blautia gen."
"ASV_V1V2_02230"	"3170b06c357ff975d8a461a922a56c78"	"V1V2"	"Bacteria"	"Firmicutes"	"Clostridia"	"Clostridiales"	"Christensenellaceae"	"Christensenellaceae R-7 gr."	"unknown_Spp Christensenellaceae R-7 gr. gen."
"ASV_V1V2_02231"	"02ca8ba2c588dd30d44e168172f8950d"	"V1V2"	"Bacteria"	"Firmicutes"	"Clostridia"	"Clostridiales"	"Lachnospiraceae"	"Lachnospiraceae NK4B4 gr."	"unknown_Spp Lachnospiraceae NK4B4 gr. gen."
"ASV_V1V2_02232"	"2d0368f40889f47c7bf4d76e8ac20bc4"	"V1V2"	"Bacteria"	"Firmicutes"	"Clostridia"	"Clostridiales"	"Lachnospiraceae"	"unknown_Gen Lachnospiraceae fam."	"unknown_Spp Lachnospiraceae fam."
"ASV_V1V2_02233"	"cf8052e74ce8c2ad3597bbe0fc5b5f02"	"V1V2"	"Bacteria"	"Firmicutes"	"Clostridia"	"Clostridiales"	"Ruminococcaceae"	"Ruminiclostridium 9"	"unknown_Spp Ruminiclostridium 9 gen."
"ASV_V1V2_02234"	"a19438e9b4a928cbfb38eb5c335b5bce"	"V1V2"	"Bacteria"	"Firmicutes"	"Clostridia"	"Clostridiales"	"Ruminococcaceae"	"unknown_Gen Ruminococcaceae fam."	"unknown_Spp Ruminococcaceae fam."
"ASV_V1V2_02235"	"0740709ac202e1f4e0aabc77133152a4"	"V1V2"	"Bacteria"	"Firmicutes"	"Clostridia"	"Clostridiales"	"Lachnospiraceae"	"Lachnospira"	"unknown_Spp Lachnospira gen."
"ASV_V1V2_02236"	"d365d133d0fda2d4d2e3e509451f722f"	"V1V2"	"Bacteria"	"Firmicutes"	"Clostridia"	"Clostridiales"	"Ruminococcaceae"	"unknown_Gen Ruminococcaceae fam."	"unknown_Spp Ruminococcaceae fam."
"ASV_V1V2_02237"	"a661d742c2589d19beecfa1c9d8821a9"	"V1V2"	"Bacteria"	"Firmicutes"	"Clostridia"	"Clostridiales"	"Lachnospiraceae"	"Eubacterium hallii gr."	"unknown_Spp Eubacterium hallii gr. gen."
"ASV_V1V2_02238"	"6b3c5ba710ffe3c486f3cbdd9659d27d"	"V1V2"	"Bacteria"	"Firmicutes"	"Clostridia"	"Clostridiales"	"Christensenellaceae"	"Christensenellaceae R-7 gr."	"unknown_Spp Christensenellaceae R-7 gr. gen."
"ASV_V1V2_02239"	"8b23f14257e1a80145aa58895374b522"	"V1V2"	"Bacteria"	"Firmicutes"	"Clostridia"	"Clostridiales"	"Ruminococcaceae"	"Ruminococcaceae UCG-010"	"unknown_Spp Ruminococcaceae UCG-010 gen."
"ASV_V1V2_02240"	"7e65a8ecf640ec29a456c35df8496afb"	"V1V2"	"Bacteria"	"Firmicutes"	"Clostridia"	"Clostridiales"	"Ruminococcaceae"	"Ruminococcaceae UCG-010"	"unknown_Spp Ruminococcaceae UCG-010 gen."
"ASV_V1V2_02241"	"2155928d3f5467e7266727e672511776"	"V1V2"	"Bacteria"	"Firmicutes"	"Clostridia"	"Clostridiales"	"Lachnospiraceae"	"unknown_Gen Lachnospiraceae fam."	"unknown_Spp Lachnospiraceae fam."
"ASV_V1V2_02242"	"99aef5d5c663ec5640f0b494cada0400"	"V1V2"	"Bacteria"	"Firmicutes"	"Clostridia"	"Clostridiales"	"Family XIII"	"unknown_Gen Family XIII fam."	"unknown_Spp Family XIII fam."
"ASV_V1V2_02243"	"f892d1a170bf5bf5576f5e3e601a8391"	"V1V2"	"Bacteria"	"Firmicutes"	"Clostridia"	"Clostridiales"	"Lachnospiraceae"	"Coprococcus 1"	"unknown_Spp Coprococcus 1 gen."
"ASV_V1V2_02244"	"e47588c9a5f9470fbd71e0f2b180c430"	"V1V2"	"Bacteria"	"Firmicutes"	"Clostridia"	"Clostridiales"	"Christensenellaceae"	"Christensenellaceae R-7 gr."	"unknown_Spp Christensenellaceae R-7 gr. gen."
"ASV_V1V2_02245"	"635eb0820fd1d390d6822890218a4262"	"V1V2"	"Bacteria"	"Firmicutes"	"Clostridia"	"Clostridiales"	"Lachnospiraceae"	"Dorea"	"unknown_Spp Dorea gen."
"ASV_V1V2_02246"	"a35d63ae7a352b7f1167bdb9d5f8fa7c"	"V1V2"	"Bacteria"	"Bacteroidetes"	"Bacteroidia"	"Bacteroidales"	"Bacteroidaceae"	"Bacteroides"	"unknown_Spp Bacteroides gen."
"ASV_V1V2_02247"	"f15894448c8d0c00b11b2e6d42dbbf1d"	"V1V2"	"Bacteria"	"Firmicutes"	"Clostridia"	"Clostridiales"	"Lachnospiraceae"	"Lachnospiraceae NK4A136 gr."	"unknown_Spp Lachnospiraceae NK4A136 gr. gen."
"ASV_V1V2_02248"	"4da99d85640b37d51ff9fb2563855993"	"V1V2"	"Bacteria"	"Bacteroidetes"	"Bacteroidia"	"Bacteroidales"	"Marinifilaceae"	"Butyricimonas"	"unknown_Spp Butyricimonas gen."
"ASV_V1V2_02249"	"f665c10576066b6f38fb7db81fe8311a"	"V1V2"	"Bacteria"	"Firmicutes"	"Clostridia"	"Clostridiales"	"Lachnospiraceae"	"Lachnospiraceae UCG-004"	"unknown_Spp Lachnospiraceae UCG-004 gen."
"ASV_V1V2_02250"	"7eefc157fa537440d44fb1331481f46a"	"V1V2"	"Bacteria"	"Firmicutes"	"Clostridia"	"Clostridiales"	"Ruminococcaceae"	"Ruminococcaceae UCG-014"	"unknown_Spp Ruminococcaceae UCG-014 gen."
"ASV_V1V2_02251"	"3d598d60dbcd631d0dd165e41100d2aa"	"V1V2"	"Bacteria"	"Elusimicrobia"	"Elusimicrobia"	"Elusimicrobiales"	"Elusimicrobiaceae"	"Elusimicrobium"	"unknown_Spp Elusimicrobium gen."
"ASV_V1V2_02252"	"ea0f130486e7d8f0577b9bb8babd014d"	"V1V2"	"Bacteria"	"Bacteroidetes"	"Bacteroidia"	"Bacteroidales"	"Bacteroidaceae"	"Bacteroides"	"Bacteroides plebeius"
"ASV_V1V2_02253"	"1db46c9fa8d9bf1f30d569d455530e64"	"V1V2"	"Bacteria"	"Firmicutes"	"Clostridia"	"Clostridiales"	"Lachnospiraceae"	"Agathobacter"	"Eubacterium ramulus"
"ASV_V1V2_02254"	"3d00f045b825474230f04acf1ed5ab08"	"V1V2"	"Bacteria"	"Firmicutes"	"Clostridia"	"Clostridiales"	"Ruminococcaceae"	"Ruminococcaceae UCG-014"	"unknown_Spp Ruminococcaceae UCG-014 gen."
"ASV_V1V2_02255"	"b21aa9f96a41664571640f4b24aa8e0f"	"V1V2"	"Bacteria"	"Firmicutes"	"Erysipelotrichia"	"Erysipelotrichales"	"Erysipelotrichaceae"	"unknown_Gen Erysipelotrichaceae fam."	"unknown_Spp Erysipelotrichaceae fam."
"ASV_V1V2_02256"	"f6ff18ecde9e3646f3b460336b3b23e7"	"V1V2"	"Bacteria"	"Firmicutes"	"Clostridia"	"Clostridiales"	"Christensenellaceae"	"unknown_Gen Christensenellaceae fam."	"unknown_Spp Christensenellaceae fam."
"ASV_V1V2_02257"	"d9dcb2bb41bb24431e3a051d72dbd97b"	"V1V2"	"Bacteria"	"Firmicutes"	"Clostridia"	"Clostridiales"	"Lachnospiraceae"	"unknown_Gen Lachnospiraceae fam."	"unknown_Spp Lachnospiraceae fam."
"ASV_V1V2_02258"	"ce2dcdebf6b177f20cf98147671e77cc"	"V1V2"	"Bacteria"	"Firmicutes"	"Clostridia"	"Clostridiales"	"Lachnospiraceae"	"Roseburia"	"unknown_Spp Roseburia gen."
"ASV_V1V2_02259"	"29ab51fecb9fd1147feebc58a13c77db"	"V1V2"	"Bacteria"	"Firmicutes"	"Clostridia"	"Clostridiales"	"Ruminococcaceae"	"unknown_Gen Ruminococcaceae fam."	"unknown_Spp Ruminococcaceae fam."
"ASV_V1V2_02260"	"1d567f06e71d960bbcf0fad51757ed64"	"V1V2"	"Bacteria"	"Firmicutes"	"Clostridia"	"Clostridiales"	"Lachnospiraceae"	"Marvinbryantia"	"unknown_Spp Marvinbryantia gen."
"ASV_V1V2_02261"	"e7238f47898ef1c5a4052b5e6dcf3248"	"V1V2"	"Bacteria"	"Tenericutes"	"Mollicutes"	"Mollicutes RF39"	"unknown_Fam Mollicutes RF39 ord."	"unknown_Gen Mollicutes RF39 ord."	"unkown_Spp_Gen_Fam_0128"
"ASV_V1V2_02262"	"5093bdff6c41eaab60a5c8c00c4945bc"	"V1V2"	"Bacteria"	"Proteobacteria"	"Deltaproteobacteria"	"Desulfovibrionales"	"Desulfovibrionaceae"	"Mailhella"	"unknown_Spp Mailhella gen."
"ASV_V1V2_02263"	"f194b753b9d5bd728112530fead02e33"	"V1V2"	"Bacteria"	"Firmicutes"	"Erysipelotrichia"	"Erysipelotrichales"	"Erysipelotrichaceae"	"Faecalitalea"	"unknown_Spp Faecalitalea gen."
"ASV_V1V2_02264"	"153cc3bac52867680d4fc28f1d09d8a0"	"V1V2"	"Bacteria"	"Firmicutes"	"Clostridia"	"Clostridiales"	"Ruminococcaceae"	"Ruminococcaceae UCG-010"	"unknown_Spp Ruminococcaceae UCG-010 gen."
"ASV_V1V2_02265"	"ea8e64d23278e0b213a7403c8f7b71cc"	"V1V2"	"Bacteria"	"Firmicutes"	"Clostridia"	"Clostridiales"	"Ruminococcaceae"	"Ruminococcaceae NK4A214 gr."	"unknown_Spp Ruminococcaceae NK4A214 gr. gen."
"ASV_V1V2_02266"	"32643831755fa916577c79bebb97af82"	"V1V2"	"Bacteria"	"Firmicutes"	"Clostridia"	"Clostridiales"	"Lachnospiraceae"	"Agathobacter"	"unknown_Spp Agathobacter gen."
"ASV_V1V2_02267"	"2d9ca5bcdbe479b2e66383f224486c71"	"V1V2"	"Bacteria"	"Firmicutes"	"Clostridia"	"Clostridiales"	"Ruminococcaceae"	"Ruminococcaceae UCG-013"	"unknown_Spp Ruminococcaceae UCG-013 gen."
"ASV_V1V2_02268"	"8efd0a67c7a6c65462595795f7cbc5bb"	"V1V2"	"Bacteria"	"Proteobacteria"	"Deltaproteobacteria"	"Desulfovibrionales"	"Desulfovibrionaceae"	"Bilophila"	"unknown_Spp Bilophila gen."
"ASV_V1V2_02269"	"8a330a3751ce16359d30b870081300f7"	"V1V2"	"Bacteria"	"Firmicutes"	"Clostridia"	"Clostridiales"	"Lachnospiraceae"	"Dorea"	"unknown_Spp Dorea gen."
"ASV_V1V2_02270"	"ca5dcca53c195673c0de25ad3c5f0151"	"V1V2"	"Bacteria"	"Tenericutes"	"Mollicutes"	"Mollicutes RF39"	"unknown_Fam Mollicutes RF39 ord."	"unknown_Gen Mollicutes RF39 ord."	"unkown_Spp_Gen_Fam_0129"
"ASV_V1V2_02271"	"66d9776b01ac4cfa43360bd59a21041e"	"V1V2"	"Bacteria"	"Bacteroidetes"	"Bacteroidia"	"Bacteroidales"	"Rikenellaceae"	"Alistipes"	"unknown_Spp Alistipes gen."
"ASV_V1V2_02272"	"86bd55480ecc25176808d75366ebb9a4"	"V1V2"	"Bacteria"	"Bacteroidetes"	"Bacteroidia"	"Bacteroidales"	"Prevotellaceae"	"Prevotellaceae UCG-003"	"unknown_Spp Prevotellaceae UCG-003 gen."
"ASV_V1V2_02273"	"fac73b82281cd8b403db5731516e2a94"	"V1V2"	"Bacteria"	"Firmicutes"	"Clostridia"	"Clostridiales"	"Family XIII"	"Family XIII AD3011 gr."	"unknown_Spp Family XIII AD3011 gr. gen."
"ASV_V1V2_02274"	"be57379c074a0e5b35e3537e4484cc41"	"V1V2"	"Bacteria"	"Firmicutes"	"Clostridia"	"Clostridiales"	"Christensenellaceae"	"Christensenellaceae R-7 gr."	"unknown_Spp Christensenellaceae R-7 gr. gen."
"ASV_V1V2_02275"	"687e06f9a807b92d53f8a25eda5f53a5"	"V1V2"	"Bacteria"	"Bacteroidetes"	"Bacteroidia"	"Bacteroidales"	"Barnesiellaceae"	"unknown_Gen Barnesiellaceae fam."	"unknown_Spp Barnesiellaceae fam."
"ASV_V1V2_02276"	"ffbfb3e222d9d95b7157ebbc049614fa"	"V1V2"	"Bacteria"	"Firmicutes"	"Clostridia"	"Clostridiales"	"Lachnospiraceae"	"Ruminococcus torques gr."	"unknown_Spp Ruminococcus torques gr. gen."
"ASV_V1V2_02277"	"1faee9d2f25f9289223d5c6e445ab3f4"	"V1V2"	"Bacteria"	"Bacteroidetes"	"Bacteroidia"	"Bacteroidales"	"Prevotellaceae"	"unknown_Gen Prevotellaceae fam."	"unknown_Spp Prevotellaceae fam."
"ASV_V1V2_02278"	"1b22723bc4728a9222cbfba41712db6b"	"V1V2"	"Bacteria"	"Bacteroidetes"	"Bacteroidia"	"Bacteroidales"	"Rikenellaceae"	"Alistipes"	"unknown_Spp Alistipes gen."
"ASV_V1V2_02279"	"ee5c1005175ad6a45a5919971248c2f9"	"V1V2"	"Bacteria"	"Actinobacteria"	"Coriobacteriia"	"Coriobacteriales"	"Eggerthellaceae"	"unknown_Gen Eggerthellaceae fam."	"unknown_Spp Eggerthellaceae fam."
"ASV_V1V2_02280"	"9507738c6ec3c8c3759158004425e8d6"	"V1V2"	"Bacteria"	"Tenericutes"	"Mollicutes"	"Mollicutes RF39"	"unknown_Fam Mollicutes RF39 ord."	"unknown_Gen Mollicutes RF39 ord."	"unkown_Spp_Gen_Fam_0130"
"ASV_V1V2_02281"	"61838d7e700721eb7934c50297a08c65"	"V1V2"	"Bacteria"	"Spirochaetes"	"Brachyspirae"	"Brachyspirales"	"Brachyspiraceae"	"Brachyspira"	"unknown_Spp Brachyspira gen."
"ASV_V1V2_02282"	"5c4df4bb54fc820721d35d67fcaf3582"	"V1V2"	"Bacteria"	"Firmicutes"	"Clostridia"	"Clostridiales"	"Ruminococcaceae"	"Faecalibacterium"	"unknown_Spp Faecalibacterium gen."
"ASV_V1V2_02283"	"b803df9d29ebb397f0253a04472967e7"	"V1V2"	"Bacteria"	"Firmicutes"	"Clostridia"	"Clostridiales"	"Lachnospiraceae"	"Lachnospiraceae UCG-004"	"unknown_Spp Lachnospiraceae UCG-004 gen."
"ASV_V1V2_02284"	"7b272692ea0084792761fd7500bee77c"	"V1V2"	"Bacteria"	"Actinobacteria"	"Coriobacteriia"	"Coriobacteriales"	"Atopobiaceae"	"Olsenella"	"unknown_Spp Olsenella gen."
"ASV_V1V2_02285"	"379dd79121c028ae1d1324fc69c72da2"	"V1V2"	"Bacteria"	"Firmicutes"	"Clostridia"	"Clostridiales"	"Ruminococcaceae"	"Butyricicoccus"	"unknown_Spp Butyricicoccus gen."
"ASV_V1V2_02286"	"37594f863a1663168a224614a2665839"	"V1V2"	"Bacteria"	"Firmicutes"	"Clostridia"	"Clostridiales"	"Lachnospiraceae"	"Blautia"	"unknown_Spp Blautia gen."
"ASV_V1V2_02287"	"d82f7bf871aaa766bba564f1c8540dfc"	"V1V2"	"Bacteria"	"Firmicutes"	"Clostridia"	"Clostridiales"	"Ruminococcaceae"	"Ruminococcaceae UCG-005"	"unknown_Spp Ruminococcaceae UCG-005 gen."
"ASV_V1V2_02288"	"ce108db5f4485014396854aab2f0fae7"	"V1V2"	"Bacteria"	"Proteobacteria"	"Gammaproteobacteria"	"Betaproteobacteriales"	"Burkholderiaceae"	"Oxalobacter"	"unknown_Spp Oxalobacter gen."
"ASV_V1V2_02289"	"740bf9584a5f0ff68833586a686865cd"	"V1V2"	"Bacteria"	"Firmicutes"	"Clostridia"	"Clostridiales"	"Lachnospiraceae"	"Blautia"	"unknown_Spp Blautia gen."
"ASV_V1V2_02290"	"153717ce1e884e69de6c7ce05bd98801"	"V1V2"	"Bacteria"	"Firmicutes"	"Clostridia"	"Clostridiales"	"Lachnospiraceae"	"Anaerosporobacter"	"unknown_Spp Anaerosporobacter gen."
"ASV_V1V2_02291"	"18aa8d517f71e395360d2069c7f706f5"	"V1V2"	"Bacteria"	"Firmicutes"	"Clostridia"	"Clostridiales"	"Lachnospiraceae"	"unknown_Gen Lachnospiraceae fam."	"unknown_Spp Lachnospiraceae fam."
"ASV_V1V2_02292"	"6084c0f0f832d55adb1648d281135d59"	"V1V2"	"Bacteria"	"Actinobacteria"	"Actinobacteria"	"Bifidobacteriales"	"Bifidobacteriaceae"	"Bifidobacterium"	"unknown_Spp Bifidobacterium gen."
"ASV_V1V2_02293"	"9d84dfdfafebdbbc30195a3e0a3fd58c"	"V1V2"	"Bacteria"	"Firmicutes"	"Clostridia"	"Clostridiales"	"Lachnospiraceae"	"Lachnospira"	"unknown_Spp Lachnospira gen."
"ASV_V1V2_02294"	"3d48fa885fc71bbab0af7561a2cbd3b7"	"V1V2"	"Bacteria"	"Firmicutes"	"Clostridia"	"Clostridiales"	"Lachnospiraceae"	"unknown_Gen Lachnospiraceae fam."	"unknown_Spp Lachnospiraceae fam."
"ASV_V1V2_02295"	"eb6f69e955ec52feeedf772cd8c5e358"	"V1V2"	"Bacteria"	"Firmicutes"	"Clostridia"	"Clostridiales"	"Lachnospiraceae"	"unknown_Gen Lachnospiraceae fam."	"unknown_Spp Lachnospiraceae fam."
"ASV_V1V2_02296"	"6416f0cada936bd01f48b454d26165bd"	"V1V2"	"Bacteria"	"Firmicutes"	"Clostridia"	"Clostridiales"	"Lachnospiraceae"	"Roseburia"	"unknown_Spp Roseburia gen."
"ASV_V1V2_02297"	"5305ac3ea5152c136b2cc40648f7a0e0"	"V1V2"	"Bacteria"	"Firmicutes"	"Clostridia"	"Clostridiales"	"Peptococcaceae"	"Peptococcus"	"unknown_Spp Peptococcus gen."
"ASV_V1V2_02298"	"fabfe4595996db110e029cbf2019b815"	"V1V2"	"Bacteria"	"Firmicutes"	"Clostridia"	"Clostridiales"	"Lachnospiraceae"	"unknown_Gen Lachnospiraceae fam."	"unknown_Spp Lachnospiraceae fam."
"ASV_V1V2_02299"	"4f65848c96293dbef747a94bcd956a45"	"V1V2"	"Bacteria"	"Tenericutes"	"Mollicutes"	"Mollicutes RF39"	"unknown_Fam Mollicutes RF39 ord."	"unknown_Gen Mollicutes RF39 ord."	"unkown_Spp_Gen_Fam_0131"
"ASV_V1V2_02300"	"98364e838161d54e5185fdf77cafc324"	"V1V2"	"Bacteria"	"Firmicutes"	"Clostridia"	"Clostridiales"	"Ruminococcaceae"	"unknown_Gen Ruminococcaceae fam."	"unknown_Spp Ruminococcaceae fam."
"ASV_V1V2_02301"	"e937767c3ffc1a08cd72ff3c00ce335f"	"V1V2"	"Bacteria"	"Bacteroidetes"	"Bacteroidia"	"Bacteroidales"	"Marinifilaceae"	"Butyricimonas"	"unknown_Spp Butyricimonas gen."
"ASV_V1V2_02302"	"41cf950e0bad42fc189fddc2e741def9"	"V1V2"	"Bacteria"	"Firmicutes"	"Clostridia"	"Clostridiales"	"Ruminococcaceae"	"Ruminococcaceae UCG-014"	"unknown_Spp Ruminococcaceae UCG-014 gen."
"ASV_V1V2_02303"	"0ad916915027982704164624e5c23848"	"V1V2"	"Bacteria"	"Firmicutes"	"Clostridia"	"Clostridiales"	"Lachnospiraceae"	"Coprococcus 3"	"unknown_Spp Coprococcus 3 gen."
"ASV_V1V2_02304"	"cf2af58eb53ebd21259ea5357e14c82a"	"V1V2"	"Bacteria"	"Firmicutes"	"Clostridia"	"Clostridiales"	"Lachnospiraceae"	"unknown_Gen Lachnospiraceae fam."	"unknown_Spp Lachnospiraceae fam."
"ASV_V1V2_02305"	"91845d5935f24c96e720a69ca0121b09"	"V1V2"	"Bacteria"	"Bacteroidetes"	"Bacteroidia"	"Bacteroidales"	"Bacteroidaceae"	"Bacteroides"	"unknown_Spp Bacteroides gen."
"ASV_V1V2_02306"	"8936fae1decc181868524851bbb10b5a"	"V1V2"	"Bacteria"	"Firmicutes"	"Clostridia"	"Clostridiales"	"Ruminococcaceae"	"Ruminococcaceae UCG-014"	"unknown_Spp Ruminococcaceae UCG-014 gen."
"ASV_V1V2_02307"	"2bc00a0d471e9be16db27521da60b65b"	"V1V2"	"Bacteria"	"Firmicutes"	"Bacilli"	"Lactobacillales"	"Streptococcaceae"	"Streptococcus"	"unknown_Spp Streptococcus gen."
"ASV_V1V2_02308"	"9990b66c58e5de6dcc523728ce892c4f"	"V1V2"	"Bacteria"	"Firmicutes"	"Clostridia"	"Clostridiales"	"Lachnospiraceae"	"Lachnoclostridium"	"unknown_Spp Lachnoclostridium gen."
"ASV_V1V2_02309"	"d85691ede64f2a13f88cbe24a49c8263"	"V1V2"	"Bacteria"	"Firmicutes"	"Bacilli"	"Lactobacillales"	"Lactobacillaceae"	"Lactobacillus"	"Lactobacillus mucosae"
"ASV_V1V2_02310"	"1f8a9cf4a8e57e7f77cffb8d5144a49a"	"V1V2"	"Bacteria"	"Lentisphaerae"	"Lentisphaeria"	"Victivallales"	"vadinBE97"	"unknown_Gen vadinBE97 fam."	"unknown_Spp vadinBE97 fam."
"ASV_V1V2_02311"	"e604db9a521b3ac3d31baf6e63dbb969"	"V1V2"	"Bacteria"	"Firmicutes"	"Clostridia"	"Clostridiales"	"Lachnospiraceae"	"Dorea"	"unknown_Spp Dorea gen."
"ASV_V1V2_02312"	"97b6c035ce1f8a0b599f4967b408ad74"	"V1V2"	"Bacteria"	"Firmicutes"	"Clostridia"	"Clostridiales"	"Christensenellaceae"	"Christensenellaceae R-7 gr."	"unknown_Spp Christensenellaceae R-7 gr. gen."
"ASV_V1V2_02313"	"a93cc62126afe78c4b4433ac81cf7a7b"	"V1V2"	"Bacteria"	"Firmicutes"	"Clostridia"	"Clostridiales"	"Christensenellaceae"	"Christensenellaceae R-7 gr."	"unknown_Spp Christensenellaceae R-7 gr. gen."
"ASV_V1V2_02314"	"cbcf95cb1355e66681d16ad4d727d7be"	"V1V2"	"Bacteria"	"Firmicutes"	"Erysipelotrichia"	"Erysipelotrichales"	"Erysipelotrichaceae"	"Erysipelatoclostridium"	"unknown_Spp Erysipelatoclostridium gen."
"ASV_V1V2_02315"	"68f04d878b2c0420cc68460a926fbb43"	"V1V2"	"Bacteria"	"Firmicutes"	"Clostridia"	"Clostridiales"	"Lachnospiraceae"	"Lachnospiraceae FCS020 gr."	"unknown_Spp Lachnospiraceae FCS020 gr. gen."
"ASV_V1V2_02316"	"7a2480e233c76708d44c2549e9e1e89b"	"V1V2"	"Bacteria"	"Firmicutes"	"Erysipelotrichia"	"Erysipelotrichales"	"Erysipelotrichaceae"	"Erysipelotrichaceae UCG-004"	"unknown_Spp Erysipelotrichaceae UCG-004 gen."
"ASV_V1V2_02317"	"6f278f9fdba6df66f3091c6b2ed2e2f4"	"V1V2"	"Bacteria"	"Firmicutes"	"Clostridia"	"Clostridiales"	"Lachnospiraceae"	"unknown_Gen Lachnospiraceae fam."	"unknown_Spp Lachnospiraceae fam."
"ASV_V1V2_02318"	"f6cb5918432a8f0214f2de03701b552a"	"V1V2"	"Bacteria"	"Firmicutes"	"Clostridia"	"Clostridiales"	"Christensenellaceae"	"Christensenellaceae R-7 gr."	"unknown_Spp Christensenellaceae R-7 gr. gen."
"ASV_V1V2_02319"	"954e882185f4af86cdedd938382bfd83"	"V1V2"	"Bacteria"	"Firmicutes"	"Erysipelotrichia"	"Erysipelotrichales"	"Erysipelotrichaceae"	"Erysipelotrichaceae UCG-004"	"unknown_Spp Erysipelotrichaceae UCG-004 gen."
"ASV_V1V2_02320"	"03cf1109d02ba675c67fe25cf6aec621"	"V1V2"	"Bacteria"	"Firmicutes"	"Clostridia"	"Clostridiales"	"Lachnospiraceae"	"Blautia"	"unknown_Spp Blautia gen."
"ASV_V1V2_02321"	"a53091631e93566b7ae650097df079a1"	"V1V2"	"Bacteria"	"Bacteroidetes"	"Bacteroidia"	"Bacteroidales"	"Tannerellaceae"	"Parabacteroides"	"unknown_Spp Parabacteroides gen."
"ASV_V1V2_02322"	"eee93122e325cab4b2b9b7ea6d6785d9"	"V1V2"	"Bacteria"	"Firmicutes"	"Clostridia"	"Clostridiales"	"Lachnospiraceae"	"Roseburia"	"unknown_Spp Roseburia gen."
"ASV_V1V2_02323"	"1d6ef79896440712660d8fec2d5076a6"	"V1V2"	"Bacteria"	"Actinobacteria"	"Actinobacteria"	"Actinomycetales"	"Actinomycetaceae"	"Actinomyces"	"unknown_Spp Actinomyces gen."
"ASV_V1V2_02324"	"f6dc38d58bb1a092e5bb75df53aec5a4"	"V1V2"	"Bacteria"	"Lentisphaerae"	"Lentisphaeria"	"Victivallales"	"Victivallaceae"	"Victivallis"	"unknown_Spp Victivallis gen."
"ASV_V1V2_02325"	"2d69f1f8e0866c27383182c95036961a"	"V1V2"	"Bacteria"	"Firmicutes"	"Clostridia"	"Clostridiales"	"Lachnospiraceae"	"Marvinbryantia"	"unknown_Spp Marvinbryantia gen."
"ASV_V1V2_02326"	"805e702cef77ab13a95052fe28446dc1"	"V1V2"	"Bacteria"	"Proteobacteria"	"Alphaproteobacteria"	"Rhodospirillales"	"unknown_Fam Rhodospirillales ord."	"unknown_Gen Rhodospirillales ord."	"unkown_Spp_Gen_Fam_0132"
"ASV_V1V2_02327"	"f5170f9d4243ed659ec39715ccc54244"	"V1V2"	"Bacteria"	"Bacteroidetes"	"Bacteroidia"	"Flavobacteriales"	"Flavobacteriaceae"	"unknown_Gen Flavobacteriaceae fam."	"unknown_Spp Flavobacteriaceae fam."
"ASV_V1V2_02328"	"000e15147d3eb91b14e73e7cbc21e77b"	"V1V2"	"Bacteria"	"Firmicutes"	"Clostridia"	"Clostridiales"	"Lachnospiraceae"	"unknown_Gen Lachnospiraceae fam."	"unknown_Spp Lachnospiraceae fam."
"ASV_V1V2_02329"	"b89941e5c87c09f5fdeaa0674eb4ff2a"	"V1V2"	"Bacteria"	"Firmicutes"	"Clostridia"	"Clostridiales"	"Christensenellaceae"	"Christensenellaceae R-7 gr."	"unknown_Spp Christensenellaceae R-7 gr. gen."
"ASV_V1V2_02330"	"867eda8723408c0e27d5baed893c297d"	"V1V2"	"Bacteria"	"Firmicutes"	"Clostridia"	"Clostridiales"	"Christensenellaceae"	"Christensenellaceae R-7 gr."	"unknown_Spp Christensenellaceae R-7 gr. gen."
"ASV_V1V2_02331"	"2f37e16bdf7e943a37ed719e470ea82b"	"V1V2"	"Bacteria"	"Firmicutes"	"Clostridia"	"Clostridiales"	"Lachnospiraceae"	"Lachnoclostridium"	"unknown_Spp Lachnoclostridium gen."
"ASV_V1V2_02332"	"81a23502acb2a57d9bda95810273f6f0"	"V1V2"	"Bacteria"	"Firmicutes"	"Clostridia"	"Clostridiales"	"Lachnospiraceae"	"GCA-900066575"	"unknown_Spp GCA-900066575 gen."
"ASV_V1V2_02333"	"feec3d6479b3228f27c215c290a22937"	"V1V2"	"Bacteria"	"Firmicutes"	"Clostridia"	"Clostridiales"	"Christensenellaceae"	"Christensenellaceae R-7 gr."	"unknown_Spp Christensenellaceae R-7 gr. gen."
"ASV_V1V2_02334"	"b3eca2c7cbad9354d43a55cb8735eb6d"	"V1V2"	"Bacteria"	"Firmicutes"	"Clostridia"	"Clostridiales"	"Ruminococcaceae"	"unknown_Gen Ruminococcaceae fam."	"unknown_Spp Ruminococcaceae fam."
"ASV_V1V2_02335"	"dc64bd1d85b3bdbe00d183cc26d608cd"	"V1V2"	"Bacteria"	"Bacteroidetes"	"Bacteroidia"	"Bacteroidales"	"Marinifilaceae"	"Butyricimonas"	"unknown_Spp Butyricimonas gen."
"ASV_V1V2_02336"	"739bc84dc8f2a5781fc2419d03a1d7e3"	"V1V2"	"Bacteria"	"Firmicutes"	"Clostridia"	"Clostridiales"	"Ruminococcaceae"	"Ruminococcaceae UCG-014"	"unknown_Spp Ruminococcaceae UCG-014 gen."
"ASV_V1V2_02337"	"896c7179c4de51361a385aaa7d5899f0"	"V1V2"	"Bacteria"	"Bacteroidetes"	"Bacteroidia"	"Bacteroidales"	"Prevotellaceae"	"Prevotella 9"	"unknown_Spp Prevotella 9 gen."
"ASV_V1V2_02338"	"dedfdc451bf349c41cb641af97db0558"	"V1V2"	"Bacteria"	"Firmicutes"	"Clostridia"	"Clostridiales"	"Lachnospiraceae"	"Ruminococcus torques gr."	"unknown_Spp Ruminococcus torques gr. gen."
"ASV_V1V2_02339"	"2a3c03e3696a2a946913050265f41b37"	"V1V2"	"Bacteria"	"Firmicutes"	"Clostridia"	"Clostridiales"	"Lachnospiraceae"	"Blautia"	"unknown_Spp Blautia gen."
"ASV_V1V2_02340"	"a593ac3dcc60dc690d89899eb7facdee"	"V1V2"	"Bacteria"	"Firmicutes"	"Clostridia"	"Clostridiales"	"Christensenellaceae"	"Christensenellaceae R-7 gr."	"unknown_Spp Christensenellaceae R-7 gr. gen."
"ASV_V1V2_02341"	"d1f86d4ee382b41fbf10552c6e30bfe0"	"V1V2"	"Bacteria"	"Verrucomicrobia"	"Verrucomicrobiae"	"Verrucomicrobiales"	"Akkermansiaceae"	"Akkermansia"	"unknown_Spp Akkermansia gen."
"ASV_V1V2_02342"	"ae6abcb48144715d01339d89abd84772"	"V1V2"	"Bacteria"	"Firmicutes"	"Clostridia"	"Clostridiales"	"Lachnospiraceae"	"GCA-900066575"	"unknown_Spp GCA-900066575 gen."
"ASV_V1V2_02343"	"91247b99e1bd86df62763ffc43083448"	"V1V2"	"Bacteria"	"Bacteroidetes"	"Bacteroidia"	"Bacteroidales"	"Bacteroidaceae"	"Bacteroides"	"Bacteroides plebeius"
"ASV_V1V2_02344"	"81eb5223e77f9c561d759ff772554a67"	"V1V2"	"Bacteria"	"Proteobacteria"	"Deltaproteobacteria"	"Desulfovibrionales"	"Desulfovibrionaceae"	"Desulfovibrio"	"unknown_Spp Desulfovibrio gen."
"ASV_V1V2_02345"	"460df15a0dcecf0a0ca0b2649b5a5d17"	"V1V2"	"Bacteria"	"Proteobacteria"	"Gammaproteobacteria"	"Betaproteobacteriales"	"Burkholderiaceae"	"Sutterella"	"unknown_Spp Sutterella gen."
"ASV_V1V2_02346"	"13ee1e45058138bb50213a7203663e9f"	"V1V2"	"Bacteria"	"Firmicutes"	"Clostridia"	"Clostridiales"	"Ruminococcaceae"	"Ruminiclostridium"	"unknown_Spp Ruminiclostridium gen."
"ASV_V1V2_02347"	"a7fa20d8618d581c3d81d0f7da59bc3a"	"V1V2"	"Bacteria"	"Firmicutes"	"Clostridia"	"Clostridiales"	"Lachnospiraceae"	"Lachnospiraceae NK4B4 gr."	"unknown_Spp Lachnospiraceae NK4B4 gr. gen."
"ASV_V1V2_02348"	"10365858d664075a8bfe78abe419217d"	"V1V2"	"Bacteria"	"Firmicutes"	"Clostridia"	"Clostridiales"	"Ruminococcaceae"	"Ruminococcaceae UCG-013"	"unknown_Spp Ruminococcaceae UCG-013 gen."
"ASV_V1V2_02349"	"0a6dd8b398a48e4b0395ba628b253d9f"	"V1V2"	"Bacteria"	"Firmicutes"	"Negativicutes"	"Selenomonadales"	"Veillonellaceae"	"Allisonella"	"unknown_Spp Allisonella gen."
"ASV_V1V2_02350"	"dbffa511e2545d7b703fed0382957697"	"V1V2"	"Bacteria"	"Bacteroidetes"	"Bacteroidia"	"Bacteroidales"	"Marinifilaceae"	"Butyricimonas"	"unknown_Spp Butyricimonas gen."
"ASV_V1V2_02351"	"8313d71ad98a742c0f2a6b418f5c78aa"	"V1V2"	"Bacteria"	"Tenericutes"	"Mollicutes"	"Mollicutes RF39"	"unknown_Fam Mollicutes RF39 ord."	"unknown_Gen Mollicutes RF39 ord."	"unkown_Spp_Gen_Fam_0133"
"ASV_V1V2_02352"	"5dad7602757d200497e5012d7c1a75f4"	"V1V2"	"Bacteria"	"Firmicutes"	"Clostridia"	"Clostridiales"	"Christensenellaceae"	"Christensenellaceae R-7 gr."	"bacterium YE57"
"ASV_V1V2_02353"	"2b39b7f70144393edffc9e23eca96ac1"	"V1V2"	"Bacteria"	"Firmicutes"	"Clostridia"	"Clostridiales"	"Lachnospiraceae"	"unknown_Gen Lachnospiraceae fam."	"unknown_Spp Lachnospiraceae fam."
"ASV_V1V2_02354"	"83516fe78f1f5f2ad4f382c65be02c9c"	"V1V2"	"Bacteria"	"Firmicutes"	"Clostridia"	"Clostridiales"	"Ruminococcaceae"	"Ruminiclostridium 9"	"unknown_Spp Ruminiclostridium 9 gen."
"ASV_V1V2_02355"	"3610f8cbdaa2bc6baf8a84b839c9d068"	"V1V2"	"Bacteria"	"Firmicutes"	"Clostridia"	"Clostridiales"	"Lachnospiraceae"	"Lachnospiraceae FCS020 gr."	"unknown_Spp Lachnospiraceae FCS020 gr. gen."
"ASV_V1V2_02356"	"795bda2eaba654347d5ee526d91835dc"	"V1V2"	"Bacteria"	"Firmicutes"	"Clostridia"	"Clostridiales"	"Christensenellaceae"	"Christensenellaceae R-7 gr."	"unknown_Spp Christensenellaceae R-7 gr. gen."
"ASV_V1V2_02357"	"c12cfcd52408bd90b81eec9eed3a9ab0"	"V1V2"	"Bacteria"	"Tenericutes"	"Mollicutes"	"Mollicutes RF39"	"unknown_Fam Mollicutes RF39 ord."	"unknown_Gen Mollicutes RF39 ord."	"unkown_Spp_Gen_Fam_0134"
"ASV_V1V2_02358"	"33d5046a132707c336bff2214167096d"	"V1V2"	"Bacteria"	"Firmicutes"	"Clostridia"	"Clostridiales"	"Lachnospiraceae"	"Blautia"	"unknown_Spp Blautia gen."
"ASV_V1V2_02359"	"922a5437a067f1ff471c96254a6cb8df"	"V1V2"	"Bacteria"	"Tenericutes"	"Mollicutes"	"Mollicutes RF39"	"unknown_Fam Mollicutes RF39 ord."	"unknown_Gen Mollicutes RF39 ord."	"unkown_Spp_Gen_Fam_0135"
"ASV_V1V2_02360"	"bb7a5c2de77b378aedb8e1dda8feda01"	"V1V2"	"Bacteria"	"Firmicutes"	"Clostridia"	"Clostridiales"	"Lachnospiraceae"	"Blautia"	"unknown_Spp Blautia gen."
"ASV_V1V2_02361"	"6dbc6ba57308f4ca99aeb029ca1d21fc"	"V1V2"	"Bacteria"	"Proteobacteria"	"Deltaproteobacteria"	"Desulfovibrionales"	"Desulfovibrionaceae"	"unknown_Gen Desulfovibrionaceae fam."	"unknown_Spp Desulfovibrionaceae fam."
"ASV_V1V2_02362"	"9c6693a50601ace03627d50e00632923"	"V1V2"	"Bacteria"	"Tenericutes"	"Mollicutes"	"Mollicutes RF39"	"unknown_Fam Mollicutes RF39 ord."	"unknown_Gen Mollicutes RF39 ord."	"unkown_Spp_Gen_Fam_0136"
"ASV_V1V2_02363"	"1e9ff5017852cfa840f781274a68a5c7"	"V1V2"	"Bacteria"	"Firmicutes"	"Clostridia"	"Clostridiales"	"Lachnospiraceae"	"Blautia"	"unknown_Spp Blautia gen."
"ASV_V1V2_02364"	"46e2f7350206da2b316e17d69310510e"	"V1V2"	"Bacteria"	"Firmicutes"	"Clostridia"	"Clostridiales"	"Lachnospiraceae"	"unknown_Gen Lachnospiraceae fam."	"unknown_Spp Lachnospiraceae fam."
"ASV_V1V2_02365"	"d868ae54b10a9f12a6cb4848f9c7a947"	"V1V2"	"Bacteria"	"Firmicutes"	"Clostridia"	"Clostridiales"	"Christensenellaceae"	"Christensenellaceae R-7 gr."	"unknown_Spp Christensenellaceae R-7 gr. gen."
"ASV_V1V2_02366"	"c22107e01c0095a7d9bba6ca30524c2d"	"V1V2"	"Bacteria"	"Bacteroidetes"	"Bacteroidia"	"Bacteroidales"	"Bacteroidaceae"	"Bacteroides"	"Bacteroides massiliensis B84634 = Timone 84634 = DSM 17679 = JCM 13223"
"ASV_V1V2_02367"	"1e37eb39a93a32432855e3522ad47647"	"V1V2"	"Bacteria"	"Firmicutes"	"Clostridia"	"Clostridiales"	"Lachnospiraceae"	"Lachnospira"	"unknown_Spp Lachnospira gen."
"ASV_V1V2_02368"	"c59862a020d3a09e48ba43f86bd5e9ed"	"V1V2"	"Bacteria"	"Firmicutes"	"Clostridia"	"Clostridiales"	"Defluviitaleaceae"	"Defluviitaleaceae UCG-011"	"unknown_Spp Defluviitaleaceae UCG-011 gen."
"ASV_V1V2_02369"	"faf93e74f2ae284ebda7b0525da836b5"	"V1V2"	"Bacteria"	"Firmicutes"	"Clostridia"	"Clostridiales"	"Ruminococcaceae"	"Ruminococcaceae UCG-014"	"unknown_Spp Ruminococcaceae UCG-014 gen."
"ASV_V1V2_02370"	"53852088d94700a9a748660b0eaa35f5"	"V1V2"	"Bacteria"	"Firmicutes"	"Clostridia"	"Clostridiales"	"Lachnospiraceae"	"Lachnospiraceae FCS020 gr."	"unknown_Spp Lachnospiraceae FCS020 gr. gen."
"ASV_V1V2_02371"	"bf8dca2234b8144192b74791ec8e434c"	"V1V2"	"Bacteria"	"Firmicutes"	"Clostridia"	"Clostridiales"	"Ruminococcaceae"	"Ruminococcaceae UCG-010"	"unknown_Spp Ruminococcaceae UCG-010 gen."
"ASV_V1V2_02372"	"9e719ba99b0332d7fb315137e127bc2a"	"V1V2"	"Bacteria"	"Firmicutes"	"Clostridia"	"Clostridiales"	"Lachnospiraceae"	"Lachnospiraceae UCG-001"	"unknown_Spp Lachnospiraceae UCG-001 gen."
"ASV_V1V2_02373"	"c9110e61e6de74b6ff7d1ad651c7bb00"	"V1V2"	"Bacteria"	"Firmicutes"	"Clostridia"	"Clostridiales"	"Christensenellaceae"	"Christensenellaceae R-7 gr."	"unknown_Spp Christensenellaceae R-7 gr. gen."
"ASV_V1V2_02374"	"82e1e1fd9e60fcd47b18d5b39771d864"	"V1V2"	"Bacteria"	"Firmicutes"	"Clostridia"	"Clostridiales"	"Ruminococcaceae"	"Eubacterium coprostanoligenes gr."	"unknown_Spp Eubacterium coprostanoligenes gr. gen."
"ASV_V1V2_02375"	"1a3468b7e5539541dfea73c384dca0f9"	"V1V2"	"Bacteria"	"Firmicutes"	"Clostridia"	"Clostridiales"	"Lachnospiraceae"	"Blautia"	"unknown_Spp Blautia gen."
"ASV_V1V2_02376"	"777868ca4df7f7e4d5ba088e263e5344"	"V1V2"	"Bacteria"	"Firmicutes"	"Clostridia"	"Clostridiales"	"Family XIII"	"Family XIII AD3011 gr."	"unknown_Spp Family XIII AD3011 gr. gen."
"ASV_V1V2_02377"	"b34e93dc4c173211006a68ec0d0db567"	"V1V2"	"Bacteria"	"Bacteroidetes"	"Bacteroidia"	"Bacteroidales"	"Marinifilaceae"	"Butyricimonas"	"unknown_Spp Butyricimonas gen."
"ASV_V1V2_02378"	"5652b8b7e2ffb71296b2f96d84504b80"	"V1V2"	"Bacteria"	"Bacteroidetes"	"Bacteroidia"	"Bacteroidales"	"Prevotellaceae"	"unknown_Gen Prevotellaceae fam."	"unknown_Spp Prevotellaceae fam."
"ASV_V1V2_02379"	"ade711f66efc939e8b9fdd9feff0d37d"	"V1V2"	"Bacteria"	"Firmicutes"	"Clostridia"	"Clostridiales"	"Lachnospiraceae"	"Dorea"	"unknown_Spp Dorea gen."
"ASV_V1V2_02380"	"c869311a248d3349bed98aa1ca96acdf"	"V1V2"	"Bacteria"	"Firmicutes"	"Clostridia"	"Clostridiales"	"Lachnospiraceae"	"Coprococcus 1"	"unknown_Spp Coprococcus 1 gen."
"ASV_V1V2_02381"	"56d5546d3faa2ddbc5e1256bcd5f82dd"	"V1V2"	"Bacteria"	"Firmicutes"	"Erysipelotrichia"	"Erysipelotrichales"	"Erysipelotrichaceae"	"Holdemania"	"unknown_Spp Holdemania gen."
"ASV_V1V2_02382"	"d6a4b757b155266094232347c30384d9"	"V1V2"	"Bacteria"	"Firmicutes"	"Clostridia"	"Clostridiales"	"Lachnospiraceae"	"Lachnospiraceae UCG-004"	"unknown_Spp Lachnospiraceae UCG-004 gen."
"ASV_V1V2_02383"	"a7ce089749fd8b1787b912b4349ba631"	"V1V2"	"Bacteria"	"Firmicutes"	"Clostridia"	"Clostridiales"	"Christensenellaceae"	"unknown_Gen Christensenellaceae fam."	"unknown_Spp Christensenellaceae fam."
"ASV_V1V2_02384"	"d932e67c9083d1a0f83381986f9eec1d"	"V1V2"	"Bacteria"	"Firmicutes"	"Clostridia"	"Clostridiales"	"Lachnospiraceae"	"Blautia"	"unknown_Spp Blautia gen."
"ASV_V1V2_02385"	"e83e57eebec1156d0a116b0f592740f8"	"V1V2"	"Bacteria"	"Firmicutes"	"Clostridia"	"Clostridiales"	"Christensenellaceae"	"Christensenellaceae R-7 gr."	"unknown_Spp Christensenellaceae R-7 gr. gen."
"ASV_V1V2_02386"	"fddce70af7883b82c740041e9e9da83f"	"V1V2"	"Bacteria"	"Firmicutes"	"Clostridia"	"Clostridiales"	"Defluviitaleaceae"	"Defluviitaleaceae UCG-011"	"unknown_Spp Defluviitaleaceae UCG-011 gen."
"ASV_V1V2_02387"	"5a1e0b20ce1fb47128ec4d5a1d145056"	"V1V2"	"Bacteria"	"Firmicutes"	"Clostridia"	"Clostridiales"	"Peptococcaceae"	"unknown_Gen Peptococcaceae fam."	"unknown_Spp Peptococcaceae fam."
"ASV_V1V2_02388"	"8b3eb8bf950bb464c41c216c8fccff67"	"V1V2"	"Bacteria"	"Firmicutes"	"Clostridia"	"Clostridiales"	"Christensenellaceae"	"unknown_Gen Christensenellaceae fam."	"unknown_Spp Christensenellaceae fam."
"ASV_V1V2_02389"	"f98416894cd56b66bf0b86b58a012dd7"	"V1V2"	"Bacteria"	"Actinobacteria"	"Actinobacteria"	"Propionibacteriales"	"Propionibacteriaceae"	"Propionibacterium"	"unknown_Spp Propionibacterium gen."
"ASV_V1V2_02390"	"c176bd617512643bfe82a6ef154371b1"	"V1V2"	"Bacteria"	"Firmicutes"	"Clostridia"	"Clostridiales"	"Lachnospiraceae"	"unknown_Gen Lachnospiraceae fam."	"unknown_Spp Lachnospiraceae fam."
"ASV_V1V2_02391"	"e977a5b91bdb62f61014f00b66abaa5b"	"V1V2"	"Bacteria"	"Proteobacteria"	"Deltaproteobacteria"	"Desulfovibrionales"	"Desulfovibrionaceae"	"Desulfovibrio"	"unknown_Spp Desulfovibrio gen."
"ASV_V1V2_02392"	"23299542fa97d0ddab9405ebc441b2cc"	"V1V2"	"Bacteria"	"Firmicutes"	"Clostridia"	"Clostridiales"	"Ruminococcaceae"	"Subdoligranulum"	"unknown_Spp Subdoligranulum gen."
"ASV_V1V2_02393"	"81ba55388df95463f02915974f229abd"	"V1V2"	"Bacteria"	"Bacteroidetes"	"Bacteroidia"	"Bacteroidales"	"Prevotellaceae"	"Prevotellaceae NK3B31 gr."	"unknown_Spp Prevotellaceae NK3B31 gr. gen."
"ASV_V1V2_02394"	"942e4cb8e2c9d3c7cf29c3673c798995"	"V1V2"	"Bacteria"	"Firmicutes"	"Erysipelotrichia"	"Erysipelotrichales"	"Erysipelotrichaceae"	"unknown_Gen Erysipelotrichaceae fam."	"Clostridiales bacterium 60-7e"
"ASV_V1V2_02395"	"2928f6bd8bd86cfa86be70e3d13e91aa"	"V1V2"	"Bacteria"	"Firmicutes"	"Clostridia"	"Clostridiales"	"Lachnospiraceae"	"Lachnoclostridium"	"unknown_Spp Lachnoclostridium gen."
"ASV_V1V2_02396"	"3ba5298d94abeb4ed0997499f3922871"	"V1V2"	"Bacteria"	"Bacteroidetes"	"Bacteroidia"	"Bacteroidales"	"Tannerellaceae"	"Parabacteroides"	"unknown_Spp Parabacteroides gen."
"ASV_V1V2_02397"	"e7a03bba8e033922e1067a6f658f8d05"	"V1V2"	"Bacteria"	"Firmicutes"	"Clostridia"	"Clostridiales"	"Lachnospiraceae"	"Eubacterium hallii gr."	"unknown_Spp Eubacterium hallii gr. gen."
"ASV_V1V2_02398"	"252e7cf6fef021f0d6773c8712749592"	"V1V2"	"Bacteria"	"Firmicutes"	"Clostridia"	"Clostridiales"	"Christensenellaceae"	"Christensenellaceae R-7 gr."	"unknown_Spp Christensenellaceae R-7 gr. gen."
"ASV_V1V2_02399"	"d141ab92d0c72928b673bd6a6a4a2d33"	"V1V2"	"Bacteria"	"Bacteroidetes"	"Bacteroidia"	"Bacteroidales"	"Marinifilaceae"	"Butyricimonas"	"unknown_Spp Butyricimonas gen."
"ASV_V1V2_02400"	"61ed75d8cbdd5dee88fcbdfa24d63666"	"V1V2"	"Bacteria"	"Firmicutes"	"Clostridia"	"Clostridiales"	"Ruminococcaceae"	"Ruminococcaceae UCG-014"	"unknown_Spp Ruminococcaceae UCG-014 gen."
"ASV_V1V2_02401"	"ee580e6b9de617d358e3f1fe46773f09"	"V1V2"	"Bacteria"	"Firmicutes"	"Bacilli"	"Lactobacillales"	"Carnobacteriaceae"	"Granulicatella"	"unknown_Spp Granulicatella gen."
"ASV_V1V2_02402"	"b48b00eb90103a7650e841157cfa0269"	"V1V2"	"Bacteria"	"Bacteroidetes"	"Bacteroidia"	"Bacteroidales"	"Bacteroidaceae"	"Bacteroides"	"unknown_Spp Bacteroides gen."
"ASV_V1V2_02403"	"757b27ca1a6e34dd0e429a184bfb1fa3"	"V1V2"	"Bacteria"	"Firmicutes"	"Clostridia"	"Clostridiales"	"Lachnospiraceae"	"Lachnospiraceae UCG-003"	"unknown_Spp Lachnospiraceae UCG-003 gen."
"ASV_V1V2_02404"	"fe03173f1f558b683b607bd863570cf2"	"V1V2"	"Bacteria"	"Bacteroidetes"	"Bacteroidia"	"Bacteroidales"	"Bacteroidaceae"	"Bacteroides"	"Bacteroides plebeius"
"ASV_V1V2_02405"	"da68dbd0185847432353e2b2cb53a721"	"V1V2"	"Bacteria"	"Firmicutes"	"Clostridia"	"Clostridiales"	"Lachnospiraceae"	"GCA-900066575"	"unknown_Spp GCA-900066575 gen."
"ASV_V1V2_02406"	"f153d6447daf210470779939b92a8080"	"V1V2"	"Bacteria"	"Firmicutes"	"Clostridia"	"Clostridiales"	"Lachnospiraceae"	"unknown_Gen Lachnospiraceae fam."	"unknown_Spp Lachnospiraceae fam."
"ASV_V1V2_02407"	"aff7f0cbdeef88d740d16f02a9d55d82"	"V1V2"	"Bacteria"	"Firmicutes"	"Clostridia"	"Clostridiales"	"Lachnospiraceae"	"GCA-900066575"	"unknown_Spp GCA-900066575 gen."
"ASV_V1V2_02408"	"d81811963ba26d991820dbb86630698b"	"V1V2"	"Bacteria"	"Firmicutes"	"Clostridia"	"Clostridiales"	"Ruminococcaceae"	"Eubacterium coprostanoligenes gr."	"unknown_Spp Eubacterium coprostanoligenes gr. gen."
"ASV_V1V2_02409"	"f48a9a129a8be0906de57011e4e0a976"	"V1V2"	"Bacteria"	"Firmicutes"	"Clostridia"	"Clostridiales"	"Lachnospiraceae"	"Dorea"	"unknown_Spp Dorea gen."
"ASV_V1V2_02410"	"26f8ed7f6713f0035711ebe414816688"	"V1V2"	"Bacteria"	"Proteobacteria"	"Alphaproteobacteria"	"Rhodospirillales"	"unknown_Fam Rhodospirillales ord."	"unknown_Gen Rhodospirillales ord."	"unkown_Spp_Gen_Fam_0137"
"ASV_V1V2_02411"	"faba39d520bfadc7d7303f28db9348c9"	"V1V2"	"Bacteria"	"Firmicutes"	"Clostridia"	"Clostridiales"	"Lachnospiraceae"	"Roseburia"	"unknown_Spp Roseburia gen."
"ASV_V1V2_02412"	"731097be6b84fdb398485d2f1e4825f9"	"V1V2"	"Bacteria"	"Firmicutes"	"Clostridia"	"Clostridiales"	"Christensenellaceae"	"unknown_Gen Christensenellaceae fam."	"unknown_Spp Christensenellaceae fam."
"ASV_V1V2_02413"	"1ee4906e440d323927b0cc7621c83691"	"V1V2"	"Bacteria"	"Firmicutes"	"Clostridia"	"Clostridiales"	"Ruminococcaceae"	"Ruminococcaceae UCG-014"	"unknown_Spp Ruminococcaceae UCG-014 gen."
"ASV_V1V2_02414"	"3dbfb348dfc848fbfc94a1c7c8449550"	"V1V2"	"Bacteria"	"Firmicutes"	"Clostridia"	"Clostridiales"	"Defluviitaleaceae"	"Defluviitaleaceae UCG-011"	"unknown_Spp Defluviitaleaceae UCG-011 gen."
"ASV_V1V2_02415"	"49bcb81296e62be6fcd96980e4ac7e74"	"V1V2"	"Bacteria"	"Firmicutes"	"Clostridia"	"Clostridiales"	"Lachnospiraceae"	"Agathobacter"	"unknown_Spp Agathobacter gen."
"ASV_V1V2_02416"	"eb705570aff0581b651df66ccf8cdc28"	"V1V2"	"Bacteria"	"Firmicutes"	"Clostridia"	"Clostridiales"	"Ruminococcaceae"	"Ruminococcaceae UCG-013"	"unknown_Spp Ruminococcaceae UCG-013 gen."
"ASV_V1V2_02417"	"7182d5add4a74c4032f20d07c7619952"	"V1V2"	"Bacteria"	"Firmicutes"	"Clostridia"	"Clostridiales"	"Lachnospiraceae"	"unknown_Gen Lachnospiraceae fam."	"unknown_Spp Lachnospiraceae fam."
"ASV_V1V2_02418"	"6e119eb9afa419ffd76b8c16f5f3f56a"	"V1V2"	"Bacteria"	"Firmicutes"	"Clostridia"	"Clostridiales"	"Lachnospiraceae"	"Agathobacter"	"unknown_Spp Agathobacter gen."
"ASV_V1V2_02419"	"182b66bf508053de34fb2873f161591b"	"V1V2"	"Bacteria"	"Firmicutes"	"Clostridia"	"Clostridiales"	"Lachnospiraceae"	"unknown_Gen Lachnospiraceae fam."	"unknown_Spp Lachnospiraceae fam."
"ASV_V1V2_02420"	"2f901d5a5640e7221e555b480b076a11"	"V1V2"	"Bacteria"	"Firmicutes"	"Clostridia"	"Clostridiales"	"Family XIII"	"Family XIII UCG-001"	"unknown_Spp Family XIII UCG-001 gen."
"ASV_V1V2_02421"	"3ce3ab0f950bbafbe4d16f71368d2d0c"	"V1V2"	"Bacteria"	"Firmicutes"	"Clostridia"	"Clostridiales"	"Ruminococcaceae"	"Butyricicoccus"	"unknown_Spp Butyricicoccus gen."
"ASV_V1V2_02422"	"68a930c3fc000d2bfcfecff43fb7f11a"	"V1V2"	"Bacteria"	"Firmicutes"	"Clostridia"	"Clostridiales"	"Lachnospiraceae"	"unknown_Gen Lachnospiraceae fam."	"unknown_Spp Lachnospiraceae fam."
"ASV_V1V2_02423"	"b8dd58fa10423b2b4d77b0e399be0ef3"	"V1V2"	"Bacteria"	"Firmicutes"	"Clostridia"	"Clostridiales"	"Peptococcaceae"	"unknown_Gen Peptococcaceae fam."	"unknown_Spp Peptococcaceae fam."
"ASV_V1V2_02424"	"5666fb26553173aeab8f82d228dfab9b"	"V1V2"	"Bacteria"	"Actinobacteria"	"Coriobacteriia"	"Coriobacteriales"	"Eggerthellaceae"	"Slackia"	"unknown_Spp Slackia gen."
"ASV_V1V2_02425"	"844537a050e3b2270607eed0c259c1ef"	"V1V2"	"Bacteria"	"Firmicutes"	"Clostridia"	"Clostridiales"	"Family XIII"	"Family XIII AD3011 gr."	"unknown_Spp Family XIII AD3011 gr. gen."
"ASV_V1V2_02426"	"564cb3a8881e97fdcd18e8bd261b1f09"	"V1V2"	"Bacteria"	"Firmicutes"	"Clostridia"	"Clostridiales"	"Lachnospiraceae"	"Lachnospiraceae UCG-003"	"unknown_Spp Lachnospiraceae UCG-003 gen."
"ASV_V1V2_02427"	"60c83239f14c27769502f3c37a3c2df4"	"V1V2"	"Bacteria"	"Firmicutes"	"Clostridia"	"Clostridiales"	"Ruminococcaceae"	"Ruminococcaceae UCG-013"	"unknown_Spp Ruminococcaceae UCG-013 gen."
"ASV_V1V2_02428"	"fae5748cd870542152901e0a0e15ac4b"	"V1V2"	"Bacteria"	"Firmicutes"	"Clostridia"	"Clostridiales"	"Christensenellaceae"	"Christensenellaceae R-7 gr."	"unknown_Spp Christensenellaceae R-7 gr. gen."
"ASV_V1V2_02429"	"c78a21ae4c69e53ebf604295a310fe1e"	"V1V2"	"Bacteria"	"Firmicutes"	"Clostridia"	"Clostridiales"	"Lachnospiraceae"	"Tyzzerella"	"unknown_Spp Tyzzerella gen."
"ASV_V1V2_02430"	"8816b5c3ceecedd5130b673e0f77cc27"	"V1V2"	"Bacteria"	"Bacteroidetes"	"Bacteroidia"	"Bacteroidales"	"Bacteroidaceae"	"Bacteroides"	"unknown_Spp Bacteroides gen."
"ASV_V1V2_02431"	"e3be61e21179694c6df31598662209c1"	"V1V2"	"Bacteria"	"Firmicutes"	"Clostridia"	"Clostridiales"	"Lachnospiraceae"	"unknown_Gen Lachnospiraceae fam."	"unknown_Spp Lachnospiraceae fam."
"ASV_V1V2_02432"	"95022132036da68351651029ea3b36b3"	"V1V2"	"Bacteria"	"Firmicutes"	"Bacilli"	"Lactobacillales"	"Streptococcaceae"	"Streptococcus"	"unknown_Spp Streptococcus gen."
"ASV_V1V2_02433"	"3fd9c8cdf1feb71c5f104e9a4c1e6515"	"V1V2"	"Bacteria"	"Firmicutes"	"Clostridia"	"Clostridiales"	"Family XIII"	"Family XIII AD3011 gr."	"unknown_Spp Family XIII AD3011 gr. gen."
"ASV_V1V2_02434"	"6111f76f6898a90ef38cc5fdaf7c58bc"	"V1V2"	"Bacteria"	"Firmicutes"	"Clostridia"	"Clostridiales"	"Ruminococcaceae"	"Ruminococcaceae UCG-014"	"unknown_Spp Ruminococcaceae UCG-014 gen."
"ASV_V1V2_02435"	"6e7fd5d35e936b9529739cde72885e02"	"V1V2"	"Bacteria"	"Firmicutes"	"Clostridia"	"Clostridiales"	"Peptococcaceae"	"unknown_Gen Peptococcaceae fam."	"unknown_Spp Peptococcaceae fam."
"ASV_V1V2_02436"	"ecb6379d5fc254a294ce57b29ba00473"	"V1V2"	"Bacteria"	"Firmicutes"	"Clostridia"	"Clostridiales"	"Lachnospiraceae"	"Blautia"	"unknown_Spp Blautia gen."
"ASV_V1V2_02437"	"6c5cf130e4dbc83fe2cd8ba730f8d31c"	"V1V2"	"Bacteria"	"Firmicutes"	"Clostridia"	"Clostridiales"	"Ruminococcaceae"	"Ruminiclostridium 6"	"unknown_Spp Ruminiclostridium 6 gen."
"ASV_V1V2_02438"	"11b8fc54224c7ace2574585564607aba"	"V1V2"	"Bacteria"	"Bacteroidetes"	"Bacteroidia"	"Bacteroidales"	"Marinifilaceae"	"Butyricimonas"	"unknown_Spp Butyricimonas gen."
"ASV_V1V2_02439"	"1ddfd3587e098eb3e8ae838728b96681"	"V1V2"	"Bacteria"	"Firmicutes"	"Clostridia"	"Clostridiales"	"Lachnospiraceae"	"Lachnospiraceae UCG-004"	"unknown_Spp Lachnospiraceae UCG-004 gen."
"ASV_V1V2_02440"	"5c4b5c905ebdbd7973105ee982587707"	"V1V2"	"Bacteria"	"Firmicutes"	"Clostridia"	"Clostridiales"	"Clostridiales vadinBB60 gr."	"unknown_Gen Clostridiales vadinBB60 gr. fam."	"unknown_Spp Clostridiales vadinBB60 gr. fam."
"ASV_V1V2_02441"	"416cf0566c4702cbf590e618e8eafdc3"	"V1V2"	"Bacteria"	"Firmicutes"	"Clostridia"	"Clostridiales"	"Lachnospiraceae"	"Blautia"	"unknown_Spp Blautia gen."
"ASV_V1V2_02442"	"5195ca2620d929b1c82e375b2e322199"	"V1V2"	"Bacteria"	"Firmicutes"	"Clostridia"	"Clostridiales"	"Ruminococcaceae"	"Ruminococcaceae UCG-010"	"unknown_Spp Ruminococcaceae UCG-010 gen."
"ASV_V1V2_02443"	"1a31d16a67d6efc1bc6902bce6a83515"	"V1V2"	"Bacteria"	"Firmicutes"	"Clostridia"	"Clostridiales"	"Ruminococcaceae"	"unknown_Gen Ruminococcaceae fam."	"unknown_Spp Ruminococcaceae fam."
"ASV_V1V2_02444"	"ee88411c71e0c7f57a2ecdbdfa9cf31b"	"V1V2"	"Bacteria"	"Proteobacteria"	"Gammaproteobacteria"	"Pasteurellales"	"Pasteurellaceae"	"Haemophilus"	"unknown_Spp Haemophilus gen."
"ASV_V1V2_02445"	"30e7f84aa1399f04108c40a7dc93de8a"	"V1V2"	"Bacteria"	"Firmicutes"	"Clostridia"	"Clostridiales"	"Lachnospiraceae"	"unknown_Gen Lachnospiraceae fam."	"unknown_Spp Lachnospiraceae fam."
"ASV_V1V2_02446"	"cbe2e6217647632c751a64dc5a863a43"	"V1V2"	"Bacteria"	"Firmicutes"	"Clostridia"	"Clostridiales"	"Lachnospiraceae"	"Eubacterium hallii gr."	"unknown_Spp Eubacterium hallii gr. gen."
"ASV_V1V2_02447"	"0590282a42e787fcc91d8e6f24c7846c"	"V1V2"	"Bacteria"	"Firmicutes"	"Clostridia"	"Clostridiales"	"Lachnospiraceae"	"Lachnospiraceae UCG-008"	"unknown_Spp Lachnospiraceae UCG-008 gen."
"ASV_V1V2_02448"	"7d21166a34166b019a361c9424b655ea"	"V1V2"	"Bacteria"	"Firmicutes"	"Clostridia"	"Clostridiales"	"Lachnospiraceae"	"unknown_Gen Lachnospiraceae fam."	"unknown_Spp Lachnospiraceae fam."
"ASV_V1V2_02449"	"031c3eda078ebeb6a36ddfdd81d27d06"	"V1V2"	"Bacteria"	"Firmicutes"	"Clostridia"	"Clostridiales"	"Lachnospiraceae"	"unknown_Gen Lachnospiraceae fam."	"unknown_Spp Lachnospiraceae fam."
"ASV_V1V2_02450"	"e7921d4fc3ba9dfbbdeb9e08000ceb55"	"V1V2"	"Bacteria"	"Firmicutes"	"Clostridia"	"Clostridiales"	"Ruminococcaceae"	"Ruminococcaceae UCG-014"	"unknown_Spp Ruminococcaceae UCG-014 gen."
"ASV_V1V2_02451"	"77d528e3be69a9e91a45cbf0fca00ba1"	"V1V2"	"Bacteria"	"Firmicutes"	"Erysipelotrichia"	"Erysipelotrichales"	"Erysipelotrichaceae"	"Merdibacter"	"unknown_Spp Merdibacter gen."
"ASV_V1V2_02452"	"bdbcfcaddf86130677bd33eb38a6c488"	"V1V2"	"Bacteria"	"Firmicutes"	"Clostridia"	"Clostridiales"	"Ruminococcaceae"	"Ruminococcaceae UCG-010"	"unknown_Spp Ruminococcaceae UCG-010 gen."
"ASV_V1V2_02453"	"8ec2da0af8e1e12e68c9803cf77f7907"	"V1V2"	"Bacteria"	"Firmicutes"	"Clostridia"	"Clostridiales"	"Lachnospiraceae"	"Blautia"	"unknown_Spp Blautia gen."
"ASV_V1V2_02454"	"521154bcd45ca7a27b0f883ae432dedd"	"V1V2"	"Bacteria"	"Firmicutes"	"Clostridia"	"Clostridiales"	"Christensenellaceae"	"Christensenellaceae R-7 gr."	"unknown_Spp Christensenellaceae R-7 gr. gen."
"ASV_V1V2_02455"	"5f5bea5696bbbef3552724ac1667fa58"	"V1V2"	"Bacteria"	"Firmicutes"	"Clostridia"	"Clostridiales"	"Lachnospiraceae"	"Ruminococcus torques gr."	"unknown_Spp Ruminococcus torques gr. gen."
"ASV_V1V2_02456"	"315416f1acc3c9f55d4fea1c96edae02"	"V1V2"	"Bacteria"	"Firmicutes"	"Clostridia"	"Clostridiales"	"Ruminococcaceae"	"Ruminococcaceae UCG-010"	"unknown_Spp Ruminococcaceae UCG-010 gen."
"ASV_V1V2_02457"	"db5bb830117dc8c130f629b30013e8e5"	"V1V2"	"Bacteria"	"Firmicutes"	"Clostridia"	"Clostridiales"	"Lachnospiraceae"	"Lachnospiraceae ND3007 gr."	"unknown_Spp Lachnospiraceae ND3007 gr. gen."
"ASV_V1V2_02458"	"34490296f4fa8e8ff878ee9fb10ce36f"	"V1V2"	"Bacteria"	"Firmicutes"	"Clostridia"	"Clostridiales"	"Family XIII"	"Family XIII UCG-001"	"unknown_Spp Family XIII UCG-001 gen."
"ASV_V1V2_02459"	"661abc50eeca68774b0ddc844219ec9f"	"V1V2"	"Bacteria"	"Actinobacteria"	"Coriobacteriia"	"Coriobacteriales"	"Atopobiaceae"	"unknown_Gen Atopobiaceae fam."	"unknown_Spp Atopobiaceae fam."
"ASV_V1V2_02460"	"e8cc237c1a4c4fbc2fa04502625d85ca"	"V1V2"	"Bacteria"	"Firmicutes"	"Erysipelotrichia"	"Erysipelotrichales"	"Erysipelotrichaceae"	"Holdemanella"	"unknown_Spp Holdemanella gen."
"ASV_V1V2_02461"	"86a5bc7b8f95033186585677fbdfdeb0"	"V1V2"	"Bacteria"	"Firmicutes"	"Clostridia"	"Clostridiales"	"Lachnospiraceae"	"CAG-56"	"unknown_Spp CAG-56 gen."
"ASV_V1V2_02462"	"19a51d487480176f66702870cddaff60"	"V1V2"	"Bacteria"	"Lentisphaerae"	"Lentisphaeria"	"Victivallales"	"vadinBE97"	"unknown_Gen vadinBE97 fam."	"unknown_Spp vadinBE97 fam."
"ASV_V1V2_02463"	"02110fed798dc56010e619d841b9af53"	"V1V2"	"Bacteria"	"Firmicutes"	"Clostridia"	"Clostridiales"	"Christensenellaceae"	"unknown_Gen Christensenellaceae fam."	"unknown_Spp Christensenellaceae fam."
"ASV_V1V2_02464"	"4932772370737e9f306be5a7690e99ef"	"V1V2"	"Bacteria"	"Firmicutes"	"Clostridia"	"Clostridiales"	"Christensenellaceae"	"Christensenellaceae R-7 gr."	"unknown_Spp Christensenellaceae R-7 gr. gen."
"ASV_V1V2_02465"	"07c6acd63e15c94fe93aaa8468fc7655"	"V1V2"	"Bacteria"	"Firmicutes"	"Clostridia"	"Clostridiales"	"Ruminococcaceae"	"unknown_Gen Ruminococcaceae fam."	"unknown_Spp Ruminococcaceae fam."
"ASV_V1V2_02466"	"23e848bfd89b26fc33d8ab06b5553dde"	"V1V2"	"Bacteria"	"Firmicutes"	"Clostridia"	"Clostridiales"	"Lachnospiraceae"	"unknown_Gen Lachnospiraceae fam."	"unknown_Spp Lachnospiraceae fam."
"ASV_V1V2_02467"	"49c2de789dfef1ec9666be4acb9b7f5d"	"V1V2"	"Bacteria"	"Firmicutes"	"Clostridia"	"Clostridiales"	"Ruminococcaceae"	"unknown_Gen Ruminococcaceae fam."	"unknown_Spp Ruminococcaceae fam."
"ASV_V1V2_02468"	"b8c2d02ee5bc77e25f86be035c71bc29"	"V1V2"	"Bacteria"	"Firmicutes"	"Clostridia"	"Clostridiales"	"Lachnospiraceae"	"Lachnospiraceae ND3007 gr."	"unknown_Spp Lachnospiraceae ND3007 gr. gen."
"ASV_V1V2_02469"	"85fc9806bbbab766619dafb85b827580"	"V1V2"	"Bacteria"	"Firmicutes"	"Clostridia"	"Clostridiales"	"Ruminococcaceae"	"Candidatus Soleaferrea"	"unknown_Spp Candidatus Soleaferrea gen."
"ASV_V1V2_02470"	"02b4c741ce97b48d999bd0f97b0b7382"	"V1V2"	"Bacteria"	"Firmicutes"	"Clostridia"	"Clostridiales"	"Christensenellaceae"	"Christensenellaceae R-7 gr."	"unknown_Spp Christensenellaceae R-7 gr. gen."
"ASV_V1V2_02471"	"7bcb0641cd9463798b9219a5ba959ce0"	"V1V2"	"Bacteria"	"Firmicutes"	"Clostridia"	"Clostridiales"	"Ruminococcaceae"	"Ruminococcaceae UCG-010"	"unknown_Spp Ruminococcaceae UCG-010 gen."
"ASV_V1V2_02472"	"c04431f01f7970251b96f1f1783cb37c"	"V1V2"	"Bacteria"	"Firmicutes"	"Clostridia"	"Clostridiales"	"Lachnospiraceae"	"Tyzzerella 3"	"unknown_Spp Tyzzerella 3 gen."
"ASV_V1V2_02473"	"60ba93d2a70beb9a27c0dab8a3963a7b"	"V1V2"	"Bacteria"	"Firmicutes"	"Clostridia"	"Clostridiales"	"Christensenellaceae"	"Christensenellaceae R-7 gr."	"unknown_Spp Christensenellaceae R-7 gr. gen."
"ASV_V1V2_02474"	"2fbaa471e10d1efbe1b9410c4553456a"	"V1V2"	"Bacteria"	"Firmicutes"	"Clostridia"	"Clostridiales"	"Lachnospiraceae"	"Dorea"	"unknown_Spp Dorea gen."
"ASV_V1V2_02475"	"256a55f22196164d1c20458f181c9a3d"	"V1V2"	"Bacteria"	"Proteobacteria"	"Gammaproteobacteria"	"Betaproteobacteriales"	"Burkholderiaceae"	"Parasutterella"	"unknown_Spp Parasutterella gen."
"ASV_V1V2_02476"	"7e143a8bf14432cfe674936cd99ea538"	"V1V2"	"Bacteria"	"Firmicutes"	"Clostridia"	"Clostridiales"	"Lachnospiraceae"	"Blautia"	"unknown_Spp Blautia gen."
"ASV_V1V2_02477"	"79b724473fe37bb8aa43ab04fde8cca4"	"V1V2"	"Bacteria"	"Firmicutes"	"Clostridia"	"Clostridiales"	"Lachnospiraceae"	"unknown_Gen Lachnospiraceae fam."	"unknown_Spp Lachnospiraceae fam."
"ASV_V1V2_02478"	"00e8aa539110a834a1f8bfba76a738ed"	"V1V2"	"Bacteria"	"Firmicutes"	"Clostridia"	"Clostridiales"	"Ruminococcaceae"	"Ruminiclostridium 9"	"unknown_Spp Ruminiclostridium 9 gen."
"ASV_V1V2_02479"	"2066ffc1fbb09065ac1b7b6dbafe92e4"	"V1V2"	"Bacteria"	"Tenericutes"	"Mollicutes"	"Mollicutes RF39"	"unknown_Fam Mollicutes RF39 ord."	"unknown_Gen Mollicutes RF39 ord."	"unkown_Spp_Gen_Fam_0138"
"ASV_V1V2_02480"	"b41c6349e2c281fbd7ce18a334a91fad"	"V1V2"	"Bacteria"	"Firmicutes"	"Clostridia"	"Clostridiales"	"Lachnospiraceae"	"Blautia"	"unknown_Spp Blautia gen."
"ASV_V1V2_02481"	"e67c89fc495310ec12f10801f0f4c59b"	"V1V2"	"Bacteria"	"Firmicutes"	"Clostridia"	"Clostridiales"	"Lachnospiraceae"	"Lachnospiraceae UCG-001"	"unknown_Spp Lachnospiraceae UCG-001 gen."
"ASV_V1V2_02482"	"3196bd0c9ef80375a5ba28af30ac35ae"	"V1V2"	"Bacteria"	"Firmicutes"	"Clostridia"	"Clostridiales"	"Ruminococcaceae"	"Ruminococcaceae UCG-013"	"unknown_Spp Ruminococcaceae UCG-013 gen."
"ASV_V1V2_02483"	"5cb2a6f6b8714a9ec45447b1873999d1"	"V1V2"	"Bacteria"	"Firmicutes"	"Clostridia"	"Clostridiales"	"Ruminococcaceae"	"Ruminiclostridium 9"	"unknown_Spp Ruminiclostridium 9 gen."
"ASV_V1V2_02484"	"a82205b9c5bf5addeb5ffe3c4f743116"	"V1V2"	"Bacteria"	"Firmicutes"	"Clostridia"	"Clostridiales"	"Clostridiales vadinBB60 gr."	"unknown_Gen Clostridiales vadinBB60 gr. fam."	"unknown_Spp Clostridiales vadinBB60 gr. fam."
"ASV_V1V2_02485"	"94ca95a9fdf9dca62e55d0729f916971"	"V1V2"	"Bacteria"	"Firmicutes"	"Clostridia"	"Clostridiales"	"Lachnospiraceae"	"unknown_Gen Lachnospiraceae fam."	"unknown_Spp Lachnospiraceae fam."
"ASV_V1V2_02486"	"a54a49350000f0145111ef11bf550c6f"	"V1V2"	"Bacteria"	"Bacteroidetes"	"Bacteroidia"	"Bacteroidales"	"Tannerellaceae"	"Parabacteroides"	"unknown_Spp Parabacteroides gen."
"ASV_V1V2_02487"	"154046629f515a04d025cf30b0722285"	"V1V2"	"Bacteria"	"Firmicutes"	"Erysipelotrichia"	"Erysipelotrichales"	"Erysipelotrichaceae"	"Holdemania"	"unknown_Spp Holdemania gen."
"ASV_V1V2_02488"	"bb9418e7e32751c026e34c0203d22275"	"V1V2"	"Bacteria"	"Firmicutes"	"Clostridia"	"Clostridiales"	"Ruminococcaceae"	"unknown_Gen Ruminococcaceae fam."	"unknown_Spp Ruminococcaceae fam."
"ASV_V1V2_02489"	"21f0e9f9859854a491f4b651066314f1"	"V1V2"	"Bacteria"	"Firmicutes"	"Clostridia"	"Clostridiales"	"Lachnospiraceae"	"Dorea"	"unknown_Spp Dorea gen."
"ASV_V1V2_02490"	"900703b383e09106e27ada578034c939"	"V1V2"	"Bacteria"	"Actinobacteria"	"Coriobacteriia"	"Coriobacteriales"	"Coriobacteriaceae"	"Collinsella"	"unknown_Spp Collinsella gen."
"ASV_V1V2_02491"	"75174190fcd8672683b24bc0f80860d0"	"V1V2"	"Bacteria"	"Firmicutes"	"Clostridia"	"Clostridiales"	"Ruminococcaceae"	"Ruminococcaceae UCG-013"	"unknown_Spp Ruminococcaceae UCG-013 gen."
"ASV_V1V2_02492"	"d81124f5fe1b4b239b504624b9999a3c"	"V1V2"	"Bacteria"	"Firmicutes"	"Clostridia"	"Clostridiales"	"Family XIII"	"Family XIII AD3011 gr."	"unknown_Spp Family XIII AD3011 gr. gen."
"ASV_V1V2_02493"	"ac8376d86a58b1079b78cb2fced42afc"	"V1V2"	"Bacteria"	"Bacteroidetes"	"Bacteroidia"	"Bacteroidales"	"Tannerellaceae"	"Parabacteroides"	"unknown_Spp Parabacteroides gen."
"ASV_V1V2_02494"	"1aa790eaea8dbea9c21581ac526c3fa0"	"V1V2"	"Bacteria"	"Firmicutes"	"Clostridia"	"Clostridiales"	"Ruminococcaceae"	"unknown_Gen Ruminococcaceae fam."	"unknown_Spp Ruminococcaceae fam."
"ASV_V1V2_02495"	"1a2f8f980e3ad135a66ca99238815c9b"	"V1V2"	"Bacteria"	"Tenericutes"	"Mollicutes"	"Mollicutes RF39"	"unknown_Fam Mollicutes RF39 ord."	"unknown_Gen Mollicutes RF39 ord."	"unkown_Spp_Gen_Fam_0139"
"ASV_V1V2_02496"	"4830e0031e05e60d8b303839299afb92"	"V1V2"	"Bacteria"	"Firmicutes"	"Clostridia"	"Clostridiales"	"Lachnospiraceae"	"unknown_Gen Lachnospiraceae fam."	"unknown_Spp Lachnospiraceae fam."
"ASV_V1V2_02497"	"d5d1da1a6f589caf5933b939a6985c22"	"V1V2"	"Bacteria"	"Firmicutes"	"Clostridia"	"Clostridiales"	"Defluviitaleaceae"	"Defluviitaleaceae UCG-011"	"unknown_Spp Defluviitaleaceae UCG-011 gen."
"ASV_V1V2_02498"	"d67c2306ca48d85e0efabcc0b8837add"	"V1V2"	"Bacteria"	"Firmicutes"	"Clostridia"	"Clostridiales"	"Lachnospiraceae"	"Marvinbryantia"	"unknown_Spp Marvinbryantia gen."
"ASV_V1V2_02499"	"a77d986e98431f2f34596d16b6b3c3cb"	"V1V2"	"Bacteria"	"Firmicutes"	"Clostridia"	"Clostridiales"	"Lachnospiraceae"	"Dorea"	"unknown_Spp Dorea gen."
"ASV_V1V2_02500"	"9a65a7d6e6c7c37e1656426c9f5fdccf"	"V1V2"	"Bacteria"	"Bacteroidetes"	"Bacteroidia"	"Bacteroidales"	"Prevotellaceae"	"Prevotella"	"Prevotella bivia"
"ASV_V1V2_02501"	"907d8595dc90c3e9973e945dba238f5e"	"V1V2"	"Bacteria"	"Actinobacteria"	"Actinobacteria"	"Bifidobacteriales"	"Bifidobacteriaceae"	"Bifidobacterium"	"unknown_Spp Bifidobacterium gen."
"ASV_V1V2_02502"	"ca8ac33a552d8a8f432e7bbab84ba395"	"V1V2"	"Bacteria"	"Firmicutes"	"Erysipelotrichia"	"Erysipelotrichales"	"Erysipelotrichaceae"	"Asteroleplasma"	"unknown_Spp Asteroleplasma gen."
"ASV_V1V2_02503"	"3c0fd94436e71439f1b7ed28f9ab110a"	"V1V2"	"Bacteria"	"Proteobacteria"	"Deltaproteobacteria"	"Desulfovibrionales"	"Desulfovibrionaceae"	"Desulfovibrio"	"unknown_Spp Desulfovibrio gen."
"ASV_V1V2_02504"	"cfd34b6cd0eff8d764df94dd7426da9f"	"V1V2"	"Bacteria"	"Firmicutes"	"Clostridia"	"Clostridiales"	"Ruminococcaceae"	"Ruminococcaceae UCG-014"	"unknown_Spp Ruminococcaceae UCG-014 gen."
"ASV_V1V2_02505"	"0a29c29e3d089f606ddd402426ebf3a9"	"V1V2"	"Bacteria"	"Firmicutes"	"Clostridia"	"Clostridiales"	"Lachnospiraceae"	"Marvinbryantia"	"unknown_Spp Marvinbryantia gen."
"ASV_V1V2_02506"	"a6a4b9615e33302f3ecffe8d7b7844b3"	"V1V2"	"Bacteria"	"Firmicutes"	"Clostridia"	"Clostridiales"	"Lachnospiraceae"	"Tyzzerella"	"unknown_Spp Tyzzerella gen."
"ASV_V1V2_02507"	"f81dbd85e8d97b46fa2c949b22fd0255"	"V1V2"	"Bacteria"	"Firmicutes"	"Clostridia"	"Clostridiales"	"Christensenellaceae"	"Christensenellaceae R-7 gr."	"unknown_Spp Christensenellaceae R-7 gr. gen."
"ASV_V1V2_02508"	"c44f8819305c1e466d290a0427435e0b"	"V1V2"	"Bacteria"	"Firmicutes"	"Clostridia"	"Clostridiales"	"Lachnospiraceae"	"Lachnospiraceae NK4B4 gr."	"unknown_Spp Lachnospiraceae NK4B4 gr. gen."
"ASV_V1V2_02509"	"3a972e20d44dbb57171d30ab95d61cb5"	"V1V2"	"Bacteria"	"Firmicutes"	"Clostridia"	"Clostridiales"	"Ruminococcaceae"	"unknown_Gen Ruminococcaceae fam."	"unknown_Spp Ruminococcaceae fam."
"ASV_V1V2_02510"	"f6628b67f7fbff0f64a1b8014317e984"	"V1V2"	"Bacteria"	"Firmicutes"	"Clostridia"	"Clostridiales"	"Lachnospiraceae"	"unknown_Gen Lachnospiraceae fam."	"unknown_Spp Lachnospiraceae fam."
"ASV_V1V2_02511"	"673f194f0aeccf35b1dab09eac7c00d4"	"V1V2"	"Bacteria"	"Firmicutes"	"Clostridia"	"Clostridiales"	"Lachnospiraceae"	"Dorea"	"unknown_Spp Dorea gen."
"ASV_V1V2_02512"	"a7f4c79dd693840d906d34fdc8bb0779"	"V1V2"	"Bacteria"	"Firmicutes"	"Clostridia"	"Clostridiales"	"Lachnospiraceae"	"Tyzzerella"	"unknown_Spp Tyzzerella gen."
"ASV_V1V2_02513"	"f9eb4aa0ac8364a3ae124f4adb2f8990"	"V1V2"	"Bacteria"	"Firmicutes"	"Clostridia"	"Clostridiales"	"Ruminococcaceae"	"unknown_Gen Ruminococcaceae fam."	"unknown_Spp Ruminococcaceae fam."
"ASV_V1V2_02514"	"f728bb51e452139c3f461a317eecedc7"	"V1V2"	"Bacteria"	"Firmicutes"	"Clostridia"	"Clostridiales"	"Lachnospiraceae"	"unknown_Gen Lachnospiraceae fam."	"unknown_Spp Lachnospiraceae fam."
"ASV_V1V2_02515"	"98bdf8d5897bffca0140addb1d65be62"	"V1V2"	"Bacteria"	"Proteobacteria"	"Gammaproteobacteria"	"Pasteurellales"	"Pasteurellaceae"	"Haemophilus"	"unknown_Spp Haemophilus gen."
"ASV_V1V2_02516"	"90af3834de4449160386d904ed3e661a"	"V1V2"	"Bacteria"	"Firmicutes"	"Clostridia"	"Clostridiales"	"Ruminococcaceae"	"Ruminococcaceae UCG-010"	"unknown_Spp Ruminococcaceae UCG-010 gen."
"ASV_V1V2_02517"	"a7f5ee1a03ff7fe87480c217cdc822b5"	"V1V2"	"Bacteria"	"Proteobacteria"	"Alphaproteobacteria"	"Rhodospirillales"	"unknown_Fam Rhodospirillales ord."	"unknown_Gen Rhodospirillales ord."	"unkown_Spp_Gen_Fam_0140"
"ASV_V1V2_02518"	"a26c155dbc70253b4887d55e5e109a65"	"V1V2"	"Bacteria"	"Firmicutes"	"Clostridia"	"Clostridiales"	"Family XIII"	"Family XIII AD3011 gr."	"unknown_Spp Family XIII AD3011 gr. gen."
"ASV_V1V2_02519"	"ee83e0f97bd74ade67e10341a181eeeb"	"V1V2"	"Bacteria"	"Firmicutes"	"Clostridia"	"Clostridiales"	"Lachnospiraceae"	"Coprococcus 1"	"unknown_Spp Coprococcus 1 gen."
"ASV_V1V2_02520"	"debbfc86962251f8cdbd51d133624a5c"	"V1V2"	"Bacteria"	"Firmicutes"	"Clostridia"	"Clostridiales"	"Ruminococcaceae"	"Ruminococcaceae UCG-010"	"unknown_Spp Ruminococcaceae UCG-010 gen."
"ASV_V1V2_02521"	"4d5beccef63b64e30cf75ad596160565"	"V1V2"	"Bacteria"	"Firmicutes"	"Negativicutes"	"Selenomonadales"	"Acidaminococcaceae"	"Acidaminococcus"	"unknown_Spp Acidaminococcus gen."
"ASV_V1V2_02522"	"4f8cc6739a822cf61e7960cb8e19d61e"	"V1V2"	"Bacteria"	"Bacteroidetes"	"Bacteroidia"	"Bacteroidales"	"Rikenellaceae"	"Alistipes"	"unknown_Spp Alistipes gen."
"ASV_V1V2_02523"	"f658799cc4df4ade5ccc40f4976b6ef2"	"V1V2"	"Bacteria"	"Firmicutes"	"Clostridia"	"Clostridiales"	"Defluviitaleaceae"	"Defluviitaleaceae UCG-011"	"unknown_Spp Defluviitaleaceae UCG-011 gen."
"ASV_V1V2_02524"	"7c762eeac3af616228bf0c3d38abbcb3"	"V1V2"	"Bacteria"	"Firmicutes"	"Negativicutes"	"Selenomonadales"	"Veillonellaceae"	"Veillonella"	"unknown_Spp Veillonella gen."
"ASV_V1V2_02525"	"f6bf6a7d32a62264d2fc78b0f135009a"	"V1V2"	"Bacteria"	"Firmicutes"	"Clostridia"	"Clostridiales"	"Family XIII"	"Family XIII AD3011 gr."	"unknown_Spp Family XIII AD3011 gr. gen."
"ASV_V1V2_02526"	"33620d0a2d37fe3cef47bacfc1306a63"	"V1V2"	"Bacteria"	"Firmicutes"	"Clostridia"	"Clostridiales"	"Peptococcaceae"	"Peptococcus"	"unknown_Spp Peptococcus gen."
"ASV_V1V2_02527"	"f20ff745fd955026996f47aafdc561ee"	"V1V2"	"Bacteria"	"Firmicutes"	"Clostridia"	"Clostridiales"	"Lachnospiraceae"	"Dorea"	"unknown_Spp Dorea gen."
"ASV_V1V2_02528"	"e51d970f358e7b1b7f87f19e2c8a3113"	"V1V2"	"Bacteria"	"Firmicutes"	"Clostridia"	"Clostridiales"	"Ruminococcaceae"	"Ruminococcaceae UCG-010"	"unknown_Spp Ruminococcaceae UCG-010 gen."
"ASV_V1V2_02529"	"3cbb502753f9c08f5c29ec46516fafb6"	"V1V2"	"Bacteria"	"Proteobacteria"	"Deltaproteobacteria"	"Desulfovibrionales"	"Desulfovibrionaceae"	"unknown_Gen Desulfovibrionaceae fam."	"unknown_Spp Desulfovibrionaceae fam."
"ASV_V1V2_02530"	"242017ce0da5ed73e6bcda744f128805"	"V1V2"	"Bacteria"	"Tenericutes"	"Mollicutes"	"Mollicutes RF39"	"unknown_Fam Mollicutes RF39 ord."	"unknown_Gen Mollicutes RF39 ord."	"unkown_Spp_Gen_Fam_0141"
"ASV_V1V2_02531"	"69756639e7fd6c13b8e7f7869a96c79c"	"V1V2"	"Bacteria"	"Firmicutes"	"Clostridia"	"Clostridiales"	"Ruminococcaceae"	"Butyricicoccus"	"unknown_Spp Butyricicoccus gen."
"ASV_V1V2_02532"	"e5b393db42376c6fb3494b488ed03965"	"V1V2"	"Bacteria"	"Firmicutes"	"Clostridia"	"Clostridiales"	"Christensenellaceae"	"Christensenellaceae R-7 gr."	"unknown_Spp Christensenellaceae R-7 gr. gen."
"ASV_V1V2_02533"	"328708e4cfcd4157b6f437161e93d46c"	"V1V2"	"Bacteria"	"Firmicutes"	"Clostridia"	"Clostridiales"	"Ruminococcaceae"	"Ruminococcaceae UCG-010"	"unknown_Spp Ruminococcaceae UCG-010 gen."
"ASV_V1V2_02534"	"c27199a95e55d400ff0136279066d93b"	"V1V2"	"Bacteria"	"Bacteroidetes"	"Bacteroidia"	"Bacteroidales"	"Tannerellaceae"	"Parabacteroides"	"unknown_Spp Parabacteroides gen."
"ASV_V1V2_02535"	"e7aa2a81ae7bcaca5e56ea651038f4a3"	"V1V2"	"Bacteria"	"Firmicutes"	"Clostridia"	"Clostridiales"	"Ruminococcaceae"	"Butyricicoccus"	"unknown_Spp Butyricicoccus gen."
"ASV_V1V2_02536"	"7ba1247301db5bca099ab2131a43f96c"	"V1V2"	"Bacteria"	"Firmicutes"	"Clostridia"	"Clostridiales"	"Ruminococcaceae"	"Ruminococcaceae UCG-014"	"unknown_Spp Ruminococcaceae UCG-014 gen."
"ASV_V1V2_02537"	"e1692a5e2c1b0e9e1f8fc9c40fa0bcc6"	"V1V2"	"Bacteria"	"Tenericutes"	"Mollicutes"	"Mollicutes RF39"	"unknown_Fam Mollicutes RF39 ord."	"unknown_Gen Mollicutes RF39 ord."	"unkown_Spp_Gen_Fam_0142"
"ASV_V1V2_02538"	"6239d046298da3c47248cacaaabba2c8"	"V1V2"	"Bacteria"	"Lentisphaerae"	"Lentisphaeria"	"Victivallales"	"Victivallaceae"	"unknown_Gen Victivallaceae fam."	"unknown_Spp Victivallaceae fam."
"ASV_V1V2_02539"	"c94a6b899b37c23a7f900ff49b44d509"	"V1V2"	"Bacteria"	"Firmicutes"	"Clostridia"	"Clostridiales"	"Clostridiales vadinBB60 gr."	"unknown_Gen Clostridiales vadinBB60 gr. fam."	"unknown_Spp Clostridiales vadinBB60 gr. fam."
"ASV_V1V2_02540"	"dd039095aefd2a9663f88cfd44698ed2"	"V1V2"	"Bacteria"	"Firmicutes"	"Clostridia"	"Clostridiales"	"Clostridiales vadinBB60 gr."	"unknown_Gen Clostridiales vadinBB60 gr. fam."	"unknown_Spp Clostridiales vadinBB60 gr. fam."
"ASV_V1V2_02541"	"65f325b7caa221c75ba7223cddf68e65"	"V1V2"	"Bacteria"	"Firmicutes"	"Clostridia"	"Clostridiales"	"Defluviitaleaceae"	"Defluviitaleaceae UCG-011"	"unknown_Spp Defluviitaleaceae UCG-011 gen."
"ASV_V1V2_02542"	"f1b1b1eb0320f9622b9026ad0180b13d"	"V1V2"	"Bacteria"	"Firmicutes"	"Clostridia"	"Clostridiales"	"unknown_Fam Clostridiales ord."	"unknown_Gen Clostridiales ord."	"unkown_Spp_Gen_Fam_0143"
"ASV_V1V2_02543"	"98f3993cdbf72d786582a3cb8f2e4f0a"	"V1V2"	"Bacteria"	"Firmicutes"	"Clostridia"	"Clostridiales"	"Lachnospiraceae"	"Ruminococcus torques gr."	"unknown_Spp Ruminococcus torques gr. gen."
"ASV_V1V2_02544"	"535bbfb6b7608bcd29f409535285357e"	"V1V2"	"Bacteria"	"Firmicutes"	"Clostridia"	"Clostridiales"	"Ruminococcaceae"	"unknown_Gen Ruminococcaceae fam."	"unknown_Spp Ruminococcaceae fam."
"ASV_V1V2_02545"	"0292d3cd79f91664572d0a79df24f063"	"V1V2"	"Bacteria"	"Proteobacteria"	"Deltaproteobacteria"	"Desulfovibrionales"	"Desulfovibrionaceae"	"unknown_Gen Desulfovibrionaceae fam."	"unknown_Spp Desulfovibrionaceae fam."
"ASV_V1V2_02546"	"31e139fa3da19f344d4347534bb52ac1"	"V1V2"	"Bacteria"	"Bacteroidetes"	"Bacteroidia"	"Bacteroidales"	"Prevotellaceae"	"Prevotella 9"	"unknown_Spp Prevotella 9 gen."
"ASV_V1V2_02547"	"4bd430e028ecd01a49dbc0923fd6f157"	"V1V2"	"Bacteria"	"Bacteroidetes"	"Bacteroidia"	"Bacteroidales"	"Marinifilaceae"	"Butyricimonas"	"unknown_Spp Butyricimonas gen."
"ASV_V1V2_02548"	"83811d152cbf762a1246eae3ab6256cb"	"V1V2"	"Bacteria"	"Firmicutes"	"Clostridia"	"Clostridiales"	"Ruminococcaceae"	"Ruminococcaceae UCG-010"	"unknown_Spp Ruminococcaceae UCG-010 gen."
"ASV_V1V2_02549"	"8cb628e95f1191fdb6907d8d6d781c46"	"V1V2"	"Bacteria"	"Firmicutes"	"Clostridia"	"Clostridiales"	"Lachnospiraceae"	"Ruminococcus torques gr."	"unknown_Spp Ruminococcus torques gr. gen."
"ASV_V1V2_02550"	"ce9e42c16150674ebee12298b516d193"	"V1V2"	"Bacteria"	"Tenericutes"	"Mollicutes"	"Mollicutes RF39"	"unknown_Fam Mollicutes RF39 ord."	"unknown_Gen Mollicutes RF39 ord."	"unkown_Spp_Gen_Fam_0144"
"ASV_V1V2_02551"	"7e5bf708a37d0b2b0aad8c3f28a5f003"	"V1V2"	"Bacteria"	"Firmicutes"	"Clostridia"	"Clostridiales"	"Clostridiales vadinBB60 gr."	"unknown_Gen Clostridiales vadinBB60 gr. fam."	"unknown_Spp Clostridiales vadinBB60 gr. fam."
"ASV_V1V2_02552"	"cc2ce12c3de067ea37930bd8bffba76b"	"V1V2"	"Bacteria"	"Firmicutes"	"Clostridia"	"Clostridiales"	"Ruminococcaceae"	"Ruminococcaceae UCG-014"	"unknown_Spp Ruminococcaceae UCG-014 gen."
"ASV_V1V2_02553"	"1c3ded64e07579a121f09e8897e29a18"	"V1V2"	"Bacteria"	"Firmicutes"	"Clostridia"	"Clostridiales"	"Christensenellaceae"	"Christensenellaceae R-7 gr."	"unknown_Spp Christensenellaceae R-7 gr. gen."
"ASV_V1V2_02554"	"774de9f3d918bd7694c351623f4d7bd1"	"V1V2"	"Bacteria"	"Firmicutes"	"Clostridia"	"Clostridiales"	"Ruminococcaceae"	"unknown_Gen Ruminococcaceae fam."	"unknown_Spp Ruminococcaceae fam."
"ASV_V1V2_02555"	"c697fd90501b8120a85ccecfd2fe54f1"	"V1V2"	"Bacteria"	"Firmicutes"	"Clostridia"	"Clostridiales"	"Ruminococcaceae"	"Ruminococcaceae UCG-010"	"unknown_Spp Ruminococcaceae UCG-010 gen."
"ASV_V1V2_02556"	"ad8b868b752166a4c7508d05cc602279"	"V1V2"	"Bacteria"	"Firmicutes"	"Clostridia"	"Clostridiales"	"Ruminococcaceae"	"Oscillibacter"	"unknown_Spp Oscillibacter gen."
"ASV_V1V2_02557"	"dafb0bc4c63c6380ef8ab184862c9af2"	"V1V2"	"Bacteria"	"Firmicutes"	"Clostridia"	"Clostridiales"	"Ruminococcaceae"	"unknown_Gen Ruminococcaceae fam."	"unknown_Spp Ruminococcaceae fam."
"ASV_V1V2_02558"	"d72e0f4ba9b5cb533c65974128d7de66"	"V1V2"	"Bacteria"	"Firmicutes"	"Clostridia"	"Clostridiales"	"Christensenellaceae"	"Christensenellaceae R-7 gr."	"unknown_Spp Christensenellaceae R-7 gr. gen."
"ASV_V1V2_02559"	"7157b8aefa7c003e559d887edc5904b8"	"V1V2"	"Bacteria"	"Firmicutes"	"Clostridia"	"Clostridiales"	"Lachnospiraceae"	"GCA-900066575"	"unknown_Spp GCA-900066575 gen."
"ASV_V1V2_02560"	"923b022223bf64e2e909038b04f64ddd"	"V1V2"	"Bacteria"	"Firmicutes"	"Clostridia"	"Clostridiales"	"Clostridiales vadinBB60 gr."	"unknown_Gen Clostridiales vadinBB60 gr. fam."	"unknown_Spp Clostridiales vadinBB60 gr. fam."
"ASV_V1V2_02561"	"e2f612b7dc5605a0d7b0347b2a48785f"	"V1V2"	"Bacteria"	"Firmicutes"	"Bacilli"	"Bacillales"	"Family XI"	"Gemella"	"unknown_Spp Gemella gen."
"ASV_V1V2_02562"	"7cdbd49619f2f12f59491d4d47aa1866"	"V1V2"	"Bacteria"	"Firmicutes"	"Clostridia"	"Clostridiales"	"Clostridiaceae 1"	"Clostridium sensu stricto 1"	"Clostridium perfringens"
"ASV_V1V2_02563"	"029e256d00fe49f68a8b4ba9874a0a3d"	"V1V2"	"Bacteria"	"Bacteroidetes"	"Bacteroidia"	"Bacteroidales"	"Prevotellaceae"	"Prevotella 9"	"unknown_Spp Prevotella 9 gen."
"ASV_V1V2_02564"	"342e925586dbdc43ae41702da46dd540"	"V1V2"	"Bacteria"	"Firmicutes"	"Clostridia"	"Clostridiales"	"Peptococcaceae"	"unknown_Gen Peptococcaceae fam."	"unknown_Spp Peptococcaceae fam."
"ASV_V1V2_02565"	"5b5f83e31703e11234c9ba6b35024ce0"	"V1V2"	"Bacteria"	"Actinobacteria"	"Actinobacteria"	"Micrococcales"	"Micrococcaceae"	"Rothia"	"unknown_Spp Rothia gen."
"ASV_V1V2_02566"	"6e833797e1ae31f4b31c6210f896e8ca"	"V1V2"	"Bacteria"	"Firmicutes"	"Clostridia"	"Clostridiales"	"Lachnospiraceae"	"Blautia"	"unknown_Spp Blautia gen."
"ASV_V1V2_02567"	"c744ed0cc5f136b3741a9ec0da19cc42"	"V1V2"	"Bacteria"	"Tenericutes"	"Mollicutes"	"Mollicutes RF39"	"unknown_Fam Mollicutes RF39 ord."	"unknown_Gen Mollicutes RF39 ord."	"unkown_Spp_Gen_Fam_0145"
"ASV_V1V2_02568"	"29b64c08e95008071ede83ded31c5b70"	"V1V2"	"Bacteria"	"Firmicutes"	"Clostridia"	"Clostridiales"	"Lachnospiraceae"	"Dorea"	"unknown_Spp Dorea gen."
"ASV_V1V2_02569"	"07df6b980ac4f79bf50f068bc7663002"	"V1V2"	"Bacteria"	"Firmicutes"	"Clostridia"	"Clostridiales"	"Family XIII"	"Family XIII AD3011 gr."	"unknown_Spp Family XIII AD3011 gr. gen."
"ASV_V1V2_02570"	"1af2b481fadf28b55cb7031f6bcb0396"	"V1V2"	"Bacteria"	"Bacteroidetes"	"Bacteroidia"	"Bacteroidales"	"Marinifilaceae"	"Butyricimonas"	"unknown_Spp Butyricimonas gen."
"ASV_V1V2_02571"	"6b8da4072fa2591b87a3d2de1622a0dd"	"V1V2"	"Bacteria"	"Bacteroidetes"	"Bacteroidia"	"Bacteroidales"	"Marinifilaceae"	"Butyricimonas"	"unknown_Spp Butyricimonas gen."
"ASV_V1V2_02572"	"8d61f1a1085dd2a5d47177dd02b36e45"	"V1V2"	"Bacteria"	"Bacteroidetes"	"Bacteroidia"	"Flavobacteriales"	"Flavobacteriaceae"	"unknown_Gen Flavobacteriaceae fam."	"unknown_Spp Flavobacteriaceae fam."
"ASV_V1V2_02573"	"1bb484255aca6f115486d53d272be820"	"V1V2"	"Bacteria"	"Firmicutes"	"Clostridia"	"Clostridiales"	"Christensenellaceae"	"Christensenellaceae R-7 gr."	"unknown_Spp Christensenellaceae R-7 gr. gen."
"ASV_V1V2_02574"	"c0af2c2c8887286d14c766ed2ffc1a8d"	"V1V2"	"Bacteria"	"Firmicutes"	"Clostridia"	"Clostridiales"	"Christensenellaceae"	"unknown_Gen Christensenellaceae fam."	"unknown_Spp Christensenellaceae fam."
"ASV_V1V2_02575"	"823b8e3c9b4318259149f73beade58bd"	"V1V2"	"Bacteria"	"Firmicutes"	"Erysipelotrichia"	"Erysipelotrichales"	"Erysipelotrichaceae"	"Clostridium innocuum gr."	"unknown_Spp Clostridium innocuum gr. gen."
"ASV_V1V2_02576"	"b695c0960768637e8c2fa1cacfc1b6d3"	"V1V2"	"Bacteria"	"Firmicutes"	"Clostridia"	"Clostridiales"	"Ruminococcaceae"	"unknown_Gen Ruminococcaceae fam."	"unknown_Spp Ruminococcaceae fam."
"ASV_V1V2_02577"	"09a369e5d9b08d8984cf7b9f88a64e0d"	"V1V2"	"Bacteria"	"Firmicutes"	"Clostridia"	"Clostridiales"	"Christensenellaceae"	"unknown_Gen Christensenellaceae fam."	"unknown_Spp Christensenellaceae fam."
"ASV_V1V2_02578"	"b2ea842ec454c48c30bc9e6f2617a461"	"V1V2"	"Bacteria"	"Bacteroidetes"	"Bacteroidia"	"Bacteroidales"	"Barnesiellaceae"	"unknown_Gen Barnesiellaceae fam."	"unknown_Spp Barnesiellaceae fam."
"ASV_V1V2_02579"	"4a259bb153a74287fcd9008976b041ec"	"V1V2"	"Bacteria"	"Firmicutes"	"Clostridia"	"Clostridiales"	"Christensenellaceae"	"Christensenellaceae R-7 gr."	"unknown_Spp Christensenellaceae R-7 gr. gen."
"ASV_V1V2_02580"	"5e4aa598e07aafafaa04dab30866252b"	"V1V2"	"Bacteria"	"Firmicutes"	"Bacilli"	"Lactobacillales"	"Lactobacillaceae"	"Lactobacillus"	"Lactobacillus crispatus"
"ASV_V1V2_02581"	"76b061b35aac13dc6f16e8fbae0f11a4"	"V1V2"	"Bacteria"	"Tenericutes"	"Mollicutes"	"Mollicutes RF39"	"unknown_Fam Mollicutes RF39 ord."	"unknown_Gen Mollicutes RF39 ord."	"unkown_Spp_Gen_Fam_0146"
"ASV_V1V2_02582"	"0127e66b00e89e6c855b0b7e67f8c505"	"V1V2"	"Bacteria"	"Firmicutes"	"Clostridia"	"Clostridiales"	"Ruminococcaceae"	"Ruminococcaceae UCG-014"	"unknown_Spp Ruminococcaceae UCG-014 gen."
"ASV_V1V2_02583"	"d4173be04fc8e2a60546200b06d82d0c"	"V1V2"	"Bacteria"	"Firmicutes"	"Clostridia"	"Clostridiales"	"Lachnospiraceae"	"Coprococcus 2"	"unknown_Spp Coprococcus 2 gen."
"ASV_V1V2_02584"	"5447ecbb405606b8bcd824a9bae6acea"	"V1V2"	"Bacteria"	"Firmicutes"	"Clostridia"	"Clostridiales"	"Defluviitaleaceae"	"Defluviitaleaceae UCG-011"	"unknown_Spp Defluviitaleaceae UCG-011 gen."
"ASV_V1V2_02585"	"e74016c05c6f83729e76fea546a8ffd0"	"V1V2"	"Bacteria"	"Firmicutes"	"Clostridia"	"Clostridiales"	"Family XI"	"Anaerococcus"	"unknown_Spp Anaerococcus gen."
"ASV_V1V2_02586"	"6a446fcca85036d554b8c2877e7c9fe2"	"V1V2"	"Bacteria"	"Firmicutes"	"Clostridia"	"Clostridiales"	"Christensenellaceae"	"Christensenellaceae R-7 gr."	"bacterium YE57"
"ASV_V1V2_02587"	"ffe0ad04ce880e07286b8370a750e461"	"V1V2"	"Bacteria"	"Bacteroidetes"	"Bacteroidia"	"Bacteroidales"	"Bacteroidaceae"	"Bacteroides"	"unknown_Spp Bacteroides gen."
"ASV_V1V2_02588"	"652ff72002a819d9b56b8e894dfc7dfc"	"V1V2"	"Bacteria"	"Firmicutes"	"Bacilli"	"Bacillales"	"Staphylococcaceae"	"Staphylococcus"	"unknown_Spp Staphylococcus gen."
"ASV_V1V2_02589"	"12e8d72ad60676ed30da7460998ada2e"	"V1V2"	"Bacteria"	"Firmicutes"	"Clostridia"	"Clostridiales"	"Lachnospiraceae"	"Eubacterium hallii gr."	"unknown_Spp Eubacterium hallii gr. gen."
"ASV_V1V2_02590"	"28b36f622014e3e96e7957c37461e69d"	"V1V2"	"Bacteria"	"Firmicutes"	"Clostridia"	"Clostridiales"	"Ruminococcaceae"	"Faecalibacterium"	"unknown_Spp Faecalibacterium gen."
"ASV_V1V2_02591"	"385bd437466efb54ea96f934cd77e3fc"	"V1V2"	"Bacteria"	"Firmicutes"	"Clostridia"	"Clostridiales"	"Ruminococcaceae"	"Butyricicoccus"	"unknown_Spp Butyricicoccus gen."
"ASV_V1V2_02592"	"c4d3f799211a5f132945344b77ed5f76"	"V1V2"	"Bacteria"	"Actinobacteria"	"Coriobacteriia"	"Coriobacteriales"	"Eggerthellaceae"	"Enterorhabdus"	"unknown_Spp Enterorhabdus gen."
"ASV_V1V2_02593"	"83c0dc80102b50c7416508d7c0202409"	"V1V2"	"Bacteria"	"Firmicutes"	"Clostridia"	"Clostridiales"	"unknown_Fam Clostridiales ord."	"unknown_Gen Clostridiales ord."	"unkown_Spp_Gen_Fam_0147"
"ASV_V1V2_02594"	"46a3401456eed2fb603f0510b611c0b4"	"V1V2"	"Bacteria"	"Actinobacteria"	"Actinobacteria"	"Bifidobacteriales"	"Bifidobacteriaceae"	"Bifidobacterium"	"unknown_Spp Bifidobacterium gen."
"ASV_V1V2_02595"	"2867b1fc0a6f285283c7470a91b5a9f2"	"V1V2"	"Bacteria"	"Firmicutes"	"Clostridia"	"Clostridiales"	"Ruminococcaceae"	"Faecalibacterium"	"unknown_Spp Faecalibacterium gen."
"ASV_V1V2_02596"	"50279571166bd4e306f3e64ef7e030af"	"V1V2"	"Bacteria"	"Firmicutes"	"Clostridia"	"Clostridiales"	"Lachnospiraceae"	"Dorea"	"unknown_Spp Dorea gen."
